--- Logging error ---
Traceback (most recent call last):
  File "/home/user/git/fpga/sipeedtangprimer20k-riscv/.tools/python-3.12/python/lib/python3.12/logging/__init__.py", line 1163, in emit
    stream.write(msg + self.terminator)
ValueError: I/O operation on closed file.
Call stack:
  File "/home/user/git/fpga/sipeedtangprimer20k-riscv/scripts/rtos_system_fit.py", line 870, in <module>
    raise SystemExit(main())
  File "/home/user/git/fpga/sipeedtangprimer20k-riscv/scripts/rtos_system_fit.py", line 860, in main
    report = run_study()
  File "/home/user/git/fpga/sipeedtangprimer20k-riscv/scripts/rtos_system_fit.py", line 791, in run_study
    selected, attempts = try_candidate(candidate, cpu, candidate_dir / "attempts")
  File "/home/user/git/fpga/sipeedtangprimer20k-riscv/scripts/rtos_system_fit.py", line 603, in try_candidate
    attempt = build_attempt(
  File "/home/user/git/fpga/sipeedtangprimer20k-riscv/scripts/rtos_system_fit.py", line 532, in build_attempt
    common._capture_build(builder, build_name)
  File "/home/user/git/fpga/sipeedtangprimer20k-riscv/scripts/system_fit.py", line 646, in _capture_build
    builder.build(run=True, build_name=build_name, hierarchical=True)
  File "/home/user/git/fpga/sipeedtangprimer20k-riscv/.deps/litex/litex/soc/integration/builder.py", line 521, in build
    return self._build(**kwargs)
  File "/home/user/git/fpga/sipeedtangprimer20k-riscv/.deps/litex/litex/soc/integration/builder.py", line 558, in _build
    self.soc.finalize()
  File "/home/user/git/fpga/sipeedtangprimer20k-riscv/.deps/litex/litex/soc/integration/soc.py", line 2177, in finalize
    self._finalize_bus()
  File "/home/user/git/fpga/sipeedtangprimer20k-riscv/.deps/litex/litex/soc/integration/soc.py", line 2025, in _finalize_bus
    self.add_csr_bridge(
  File "/home/user/git/fpga/sipeedtangprimer20k-riscv/.deps/litex/litex/soc/integration/soc.py", line 1705, in add_csr_bridge
    self.logger.info("CSR Bridge {} {}.".format(
Message: 'CSR Bridge \x1b[4mcsr\x1b[0m \x1b[32madded\x1b[0m.'
Arguments: ()
--- Logging error ---
Traceback (most recent call last):
  File "/home/user/git/fpga/sipeedtangprimer20k-riscv/.tools/python-3.12/python/lib/python3.12/logging/__init__.py", line 1163, in emit
    stream.write(msg + self.terminator)
ValueError: I/O operation on closed file.
Call stack:
  File "/home/user/git/fpga/sipeedtangprimer20k-riscv/scripts/rtos_system_fit.py", line 870, in <module>
    raise SystemExit(main())
  File "/home/user/git/fpga/sipeedtangprimer20k-riscv/scripts/rtos_system_fit.py", line 860, in main
    report = run_study()
  File "/home/user/git/fpga/sipeedtangprimer20k-riscv/scripts/rtos_system_fit.py", line 791, in run_study
    selected, attempts = try_candidate(candidate, cpu, candidate_dir / "attempts")
  File "/home/user/git/fpga/sipeedtangprimer20k-riscv/scripts/rtos_system_fit.py", line 603, in try_candidate
    attempt = build_attempt(
  File "/home/user/git/fpga/sipeedtangprimer20k-riscv/scripts/rtos_system_fit.py", line 532, in build_attempt
    common._capture_build(builder, build_name)
  File "/home/user/git/fpga/sipeedtangprimer20k-riscv/scripts/system_fit.py", line 646, in _capture_build
    builder.build(run=True, build_name=build_name, hierarchical=True)
  File "/home/user/git/fpga/sipeedtangprimer20k-riscv/.deps/litex/litex/soc/integration/builder.py", line 521, in build
    return self._build(**kwargs)
  File "/home/user/git/fpga/sipeedtangprimer20k-riscv/.deps/litex/litex/soc/integration/builder.py", line 558, in _build
    self.soc.finalize()
  File "/home/user/git/fpga/sipeedtangprimer20k-riscv/.deps/litex/litex/soc/integration/soc.py", line 2177, in finalize
    self._finalize_bus()
  File "/home/user/git/fpga/sipeedtangprimer20k-riscv/.deps/litex/litex/soc/integration/soc.py", line 2025, in _finalize_bus
    self.add_csr_bridge(
  File "/home/user/git/fpga/sipeedtangprimer20k-riscv/.deps/litex/litex/soc/integration/soc.py", line 1718, in add_csr_bridge
    self.bus.add_slave(name=name, slave=bus, region=csr_region)
  File "/home/user/git/fpga/sipeedtangprimer20k-riscv/.deps/litex/litex/soc/integration/soc.py", line 871, in add_slave
    self.add_region(name, region)
  File "/home/user/git/fpga/sipeedtangprimer20k-riscv/.deps/litex/litex/soc/integration/soc.py", line 402, in add_region
    self.logger.info("{} Region {} at {}.".format(
Message: '\x1b[4mcsr\x1b[0m Region \x1b[32madded\x1b[0m at Origin: \x1b[1m0xf0000000\x1b[0m, Size: \x1b[1m0x00010000\x1b[0m, Mode:  \x1b[1mRW\x1b[0m, Cached: \x1b[1mFalse\x1b[0m, Linker: \x1b[1mFalse\x1b[0m.'
Arguments: ()
--- Logging error ---
Traceback (most recent call last):
  File "/home/user/git/fpga/sipeedtangprimer20k-riscv/.tools/python-3.12/python/lib/python3.12/logging/__init__.py", line 1163, in emit
    stream.write(msg + self.terminator)
ValueError: I/O operation on closed file.
Call stack:
  File "/home/user/git/fpga/sipeedtangprimer20k-riscv/scripts/rtos_system_fit.py", line 870, in <module>
    raise SystemExit(main())
  File "/home/user/git/fpga/sipeedtangprimer20k-riscv/scripts/rtos_system_fit.py", line 860, in main
    report = run_study()
  File "/home/user/git/fpga/sipeedtangprimer20k-riscv/scripts/rtos_system_fit.py", line 791, in run_study
    selected, attempts = try_candidate(candidate, cpu, candidate_dir / "attempts")
  File "/home/user/git/fpga/sipeedtangprimer20k-riscv/scripts/rtos_system_fit.py", line 603, in try_candidate
    attempt = build_attempt(
  File "/home/user/git/fpga/sipeedtangprimer20k-riscv/scripts/rtos_system_fit.py", line 532, in build_attempt
    common._capture_build(builder, build_name)
  File "/home/user/git/fpga/sipeedtangprimer20k-riscv/scripts/system_fit.py", line 646, in _capture_build
    builder.build(run=True, build_name=build_name, hierarchical=True)
  File "/home/user/git/fpga/sipeedtangprimer20k-riscv/.deps/litex/litex/soc/integration/builder.py", line 521, in build
    return self._build(**kwargs)
  File "/home/user/git/fpga/sipeedtangprimer20k-riscv/.deps/litex/litex/soc/integration/builder.py", line 558, in _build
    self.soc.finalize()
  File "/home/user/git/fpga/sipeedtangprimer20k-riscv/.deps/litex/litex/soc/integration/soc.py", line 2177, in finalize
    self._finalize_bus()
  File "/home/user/git/fpga/sipeedtangprimer20k-riscv/.deps/litex/litex/soc/integration/soc.py", line 2025, in _finalize_bus
    self.add_csr_bridge(
  File "/home/user/git/fpga/sipeedtangprimer20k-riscv/.deps/litex/litex/soc/integration/soc.py", line 1718, in add_csr_bridge
    self.bus.add_slave(name=name, slave=bus, region=csr_region)
  File "/home/user/git/fpga/sipeedtangprimer20k-riscv/.deps/litex/litex/soc/integration/soc.py", line 940, in add_slave
    self.logger.info("{} {} as Bus Slave.".format(
Message: '\x1b[4mcsr\x1b[0m \x1b[32madded\x1b[0m as Bus Slave.'
Arguments: ()
--- Logging error ---
Traceback (most recent call last):
  File "/home/user/git/fpga/sipeedtangprimer20k-riscv/.tools/python-3.12/python/lib/python3.12/logging/__init__.py", line 1163, in emit
    stream.write(msg + self.terminator)
ValueError: I/O operation on closed file.
Call stack:
  File "/home/user/git/fpga/sipeedtangprimer20k-riscv/scripts/rtos_system_fit.py", line 870, in <module>
    raise SystemExit(main())
  File "/home/user/git/fpga/sipeedtangprimer20k-riscv/scripts/rtos_system_fit.py", line 860, in main
    report = run_study()
  File "/home/user/git/fpga/sipeedtangprimer20k-riscv/scripts/rtos_system_fit.py", line 791, in run_study
    selected, attempts = try_candidate(candidate, cpu, candidate_dir / "attempts")
  File "/home/user/git/fpga/sipeedtangprimer20k-riscv/scripts/rtos_system_fit.py", line 603, in try_candidate
    attempt = build_attempt(
  File "/home/user/git/fpga/sipeedtangprimer20k-riscv/scripts/rtos_system_fit.py", line 532, in build_attempt
    common._capture_build(builder, build_name)
  File "/home/user/git/fpga/sipeedtangprimer20k-riscv/scripts/system_fit.py", line 646, in _capture_build
    builder.build(run=True, build_name=build_name, hierarchical=True)
  File "/home/user/git/fpga/sipeedtangprimer20k-riscv/.deps/litex/litex/soc/integration/builder.py", line 521, in build
    return self._build(**kwargs)
  File "/home/user/git/fpga/sipeedtangprimer20k-riscv/.deps/litex/litex/soc/integration/builder.py", line 558, in _build
    self.soc.finalize()
  File "/home/user/git/fpga/sipeedtangprimer20k-riscv/.deps/litex/litex/soc/integration/soc.py", line 2177, in finalize
    self._finalize_bus()
  File "/home/user/git/fpga/sipeedtangprimer20k-riscv/.deps/litex/litex/soc/integration/soc.py", line 2025, in _finalize_bus
    self.add_csr_bridge(
  File "/home/user/git/fpga/sipeedtangprimer20k-riscv/.deps/litex/litex/soc/integration/soc.py", line 1719, in add_csr_bridge
    self.csr.add_master(name=name, master=csr_bridge.csr)
  File "/home/user/git/fpga/sipeedtangprimer20k-riscv/.deps/litex/litex/soc/integration/soc.py", line 1222, in add_master
    self.logger.info("{} {} as CSR Master.".format(
Message: '\x1b[4mcsr\x1b[0m \x1b[32madded\x1b[0m as CSR Master.'
Arguments: ()
--- Logging error ---
Traceback (most recent call last):
  File "/home/user/git/fpga/sipeedtangprimer20k-riscv/.tools/python-3.12/python/lib/python3.12/logging/__init__.py", line 1163, in emit
    stream.write(msg + self.terminator)
ValueError: I/O operation on closed file.
Call stack:
  File "/home/user/git/fpga/sipeedtangprimer20k-riscv/scripts/rtos_system_fit.py", line 870, in <module>
    raise SystemExit(main())
  File "/home/user/git/fpga/sipeedtangprimer20k-riscv/scripts/rtos_system_fit.py", line 860, in main
    report = run_study()
  File "/home/user/git/fpga/sipeedtangprimer20k-riscv/scripts/rtos_system_fit.py", line 791, in run_study
    selected, attempts = try_candidate(candidate, cpu, candidate_dir / "attempts")
  File "/home/user/git/fpga/sipeedtangprimer20k-riscv/scripts/rtos_system_fit.py", line 603, in try_candidate
    attempt = build_attempt(
  File "/home/user/git/fpga/sipeedtangprimer20k-riscv/scripts/rtos_system_fit.py", line 532, in build_attempt
    common._capture_build(builder, build_name)
  File "/home/user/git/fpga/sipeedtangprimer20k-riscv/scripts/system_fit.py", line 646, in _capture_build
    builder.build(run=True, build_name=build_name, hierarchical=True)
  File "/home/user/git/fpga/sipeedtangprimer20k-riscv/.deps/litex/litex/soc/integration/builder.py", line 521, in build
    return self._build(**kwargs)
  File "/home/user/git/fpga/sipeedtangprimer20k-riscv/.deps/litex/litex/soc/integration/builder.py", line 558, in _build
    self.soc.finalize()
  File "/home/user/git/fpga/sipeedtangprimer20k-riscv/.deps/litex/litex/soc/integration/soc.py", line 2177, in finalize
    self._finalize_bus()
  File "/home/user/git/fpga/sipeedtangprimer20k-riscv/.deps/litex/litex/soc/integration/soc.py", line 2031, in _finalize_bus
    self.bus.finalize()
  File "/home/user/git/fpga/sipeedtangprimer20k-riscv/.deps/migen/migen/fhdl/module.py", line 157, in finalize
    self.do_finalize(*args, **kwargs)
  File "/home/user/git/fpga/sipeedtangprimer20k-riscv/.deps/litex/litex/soc/integration/soc.py", line 1023, in do_finalize
    self.logger.info("Interconnect: {} ({} <-> {}).".format(
Message: 'Interconnect: \x1b[1mInterconnectShared\x1b[0m (\x1b[1m4\x1b[0m <-> \x1b[1m6\x1b[0m).'
Arguments: ()
--- Logging error ---
Traceback (most recent call last):
  File "/home/user/git/fpga/sipeedtangprimer20k-riscv/.tools/python-3.12/python/lib/python3.12/logging/__init__.py", line 1163, in emit
    stream.write(msg + self.terminator)
ValueError: I/O operation on closed file.
Call stack:
  File "/home/user/git/fpga/sipeedtangprimer20k-riscv/scripts/rtos_system_fit.py", line 870, in <module>
    raise SystemExit(main())
  File "/home/user/git/fpga/sipeedtangprimer20k-riscv/scripts/rtos_system_fit.py", line 860, in main
    report = run_study()
  File "/home/user/git/fpga/sipeedtangprimer20k-riscv/scripts/rtos_system_fit.py", line 791, in run_study
    selected, attempts = try_candidate(candidate, cpu, candidate_dir / "attempts")
  File "/home/user/git/fpga/sipeedtangprimer20k-riscv/scripts/rtos_system_fit.py", line 603, in try_candidate
    attempt = build_attempt(
  File "/home/user/git/fpga/sipeedtangprimer20k-riscv/scripts/rtos_system_fit.py", line 532, in build_attempt
    common._capture_build(builder, build_name)
  File "/home/user/git/fpga/sipeedtangprimer20k-riscv/scripts/system_fit.py", line 646, in _capture_build
    builder.build(run=True, build_name=build_name, hierarchical=True)
  File "/home/user/git/fpga/sipeedtangprimer20k-riscv/.deps/litex/litex/soc/integration/builder.py", line 521, in build
    return self._build(**kwargs)
  File "/home/user/git/fpga/sipeedtangprimer20k-riscv/.deps/litex/litex/soc/integration/builder.py", line 558, in _build
    self.soc.finalize()
  File "/home/user/git/fpga/sipeedtangprimer20k-riscv/.deps/litex/litex/soc/integration/soc.py", line 2179, in finalize
    self._finalize_csr()
  File "/home/user/git/fpga/sipeedtangprimer20k-riscv/.deps/litex/litex/soc/integration/soc.py", line 2061, in _finalize_csr
    self.csr_bankarray = csr_bus.CSRBankArray(self,
  File "/home/user/git/fpga/sipeedtangprimer20k-riscv/.deps/litex/litex/soc/interconnect/csr_bus.py", line 241, in __init__
    self.scan(ifargs, ifkwargs)
  File "/home/user/git/fpga/sipeedtangprimer20k-riscv/.deps/litex/litex/soc/interconnect/csr_bus.py", line 295, in scan
    mapaddr = self.address_map(name, None)
  File "/home/user/git/fpga/sipeedtangprimer20k-riscv/.deps/litex/litex/soc/integration/soc.py", line 1258, in address_map
    self.add(name, use_loc_if_exists=True)
  File "/home/user/git/fpga/sipeedtangprimer20k-riscv/.deps/litex/litex/soc/integration/soc.py", line 1092, in add
    self.logger.info("{} {} {} at Location {}.".format(
Message: '\x1b[4mctrl\x1b[0m CSR \x1b[36mallocated\x1b[0m at Location \x1b[1m0\x1b[0m.'
Arguments: ()
--- Logging error ---
Traceback (most recent call last):
  File "/home/user/git/fpga/sipeedtangprimer20k-riscv/.tools/python-3.12/python/lib/python3.12/logging/__init__.py", line 1163, in emit
    stream.write(msg + self.terminator)
ValueError: I/O operation on closed file.
Call stack:
  File "/home/user/git/fpga/sipeedtangprimer20k-riscv/scripts/rtos_system_fit.py", line 870, in <module>
    raise SystemExit(main())
  File "/home/user/git/fpga/sipeedtangprimer20k-riscv/scripts/rtos_system_fit.py", line 860, in main
    report = run_study()
  File "/home/user/git/fpga/sipeedtangprimer20k-riscv/scripts/rtos_system_fit.py", line 791, in run_study
    selected, attempts = try_candidate(candidate, cpu, candidate_dir / "attempts")
  File "/home/user/git/fpga/sipeedtangprimer20k-riscv/scripts/rtos_system_fit.py", line 603, in try_candidate
    attempt = build_attempt(
  File "/home/user/git/fpga/sipeedtangprimer20k-riscv/scripts/rtos_system_fit.py", line 532, in build_attempt
    common._capture_build(builder, build_name)
  File "/home/user/git/fpga/sipeedtangprimer20k-riscv/scripts/system_fit.py", line 646, in _capture_build
    builder.build(run=True, build_name=build_name, hierarchical=True)
  File "/home/user/git/fpga/sipeedtangprimer20k-riscv/.deps/litex/litex/soc/integration/builder.py", line 521, in build
    return self._build(**kwargs)
  File "/home/user/git/fpga/sipeedtangprimer20k-riscv/.deps/litex/litex/soc/integration/builder.py", line 558, in _build
    self.soc.finalize()
  File "/home/user/git/fpga/sipeedtangprimer20k-riscv/.deps/litex/litex/soc/integration/soc.py", line 2179, in finalize
    self._finalize_csr()
  File "/home/user/git/fpga/sipeedtangprimer20k-riscv/.deps/litex/litex/soc/integration/soc.py", line 2061, in _finalize_csr
    self.csr_bankarray = csr_bus.CSRBankArray(self,
  File "/home/user/git/fpga/sipeedtangprimer20k-riscv/.deps/litex/litex/soc/interconnect/csr_bus.py", line 241, in __init__
    self.scan(ifargs, ifkwargs)
  File "/home/user/git/fpga/sipeedtangprimer20k-riscv/.deps/litex/litex/soc/interconnect/csr_bus.py", line 295, in scan
    mapaddr = self.address_map(name, None)
  File "/home/user/git/fpga/sipeedtangprimer20k-riscv/.deps/litex/litex/soc/integration/soc.py", line 1258, in address_map
    self.add(name, use_loc_if_exists=True)
  File "/home/user/git/fpga/sipeedtangprimer20k-riscv/.deps/litex/litex/soc/integration/soc.py", line 1092, in add
    self.logger.info("{} {} {} at Location {}.".format(
Message: '\x1b[4mddrphy\x1b[0m CSR \x1b[36mallocated\x1b[0m at Location \x1b[1m1\x1b[0m.'
Arguments: ()
--- Logging error ---
Traceback (most recent call last):
  File "/home/user/git/fpga/sipeedtangprimer20k-riscv/.tools/python-3.12/python/lib/python3.12/logging/__init__.py", line 1163, in emit
    stream.write(msg + self.terminator)
ValueError: I/O operation on closed file.
Call stack:
  File "/home/user/git/fpga/sipeedtangprimer20k-riscv/scripts/rtos_system_fit.py", line 870, in <module>
    raise SystemExit(main())
  File "/home/user/git/fpga/sipeedtangprimer20k-riscv/scripts/rtos_system_fit.py", line 860, in main
    report = run_study()
  File "/home/user/git/fpga/sipeedtangprimer20k-riscv/scripts/rtos_system_fit.py", line 791, in run_study
    selected, attempts = try_candidate(candidate, cpu, candidate_dir / "attempts")
  File "/home/user/git/fpga/sipeedtangprimer20k-riscv/scripts/rtos_system_fit.py", line 603, in try_candidate
    attempt = build_attempt(
  File "/home/user/git/fpga/sipeedtangprimer20k-riscv/scripts/rtos_system_fit.py", line 532, in build_attempt
    common._capture_build(builder, build_name)
  File "/home/user/git/fpga/sipeedtangprimer20k-riscv/scripts/system_fit.py", line 646, in _capture_build
    builder.build(run=True, build_name=build_name, hierarchical=True)
  File "/home/user/git/fpga/sipeedtangprimer20k-riscv/.deps/litex/litex/soc/integration/builder.py", line 521, in build
    return self._build(**kwargs)
  File "/home/user/git/fpga/sipeedtangprimer20k-riscv/.deps/litex/litex/soc/integration/builder.py", line 558, in _build
    self.soc.finalize()
  File "/home/user/git/fpga/sipeedtangprimer20k-riscv/.deps/litex/litex/soc/integration/soc.py", line 2179, in finalize
    self._finalize_csr()
  File "/home/user/git/fpga/sipeedtangprimer20k-riscv/.deps/litex/litex/soc/integration/soc.py", line 2061, in _finalize_csr
    self.csr_bankarray = csr_bus.CSRBankArray(self,
  File "/home/user/git/fpga/sipeedtangprimer20k-riscv/.deps/litex/litex/soc/interconnect/csr_bus.py", line 241, in __init__
    self.scan(ifargs, ifkwargs)
  File "/home/user/git/fpga/sipeedtangprimer20k-riscv/.deps/litex/litex/soc/interconnect/csr_bus.py", line 295, in scan
    mapaddr = self.address_map(name, None)
  File "/home/user/git/fpga/sipeedtangprimer20k-riscv/.deps/litex/litex/soc/integration/soc.py", line 1258, in address_map
    self.add(name, use_loc_if_exists=True)
  File "/home/user/git/fpga/sipeedtangprimer20k-riscv/.deps/litex/litex/soc/integration/soc.py", line 1092, in add
    self.logger.info("{} {} {} at Location {}.".format(
Message: '\x1b[4methmac\x1b[0m CSR \x1b[36mallocated\x1b[0m at Location \x1b[1m2\x1b[0m.'
Arguments: ()
--- Logging error ---
Traceback (most recent call last):
  File "/home/user/git/fpga/sipeedtangprimer20k-riscv/.tools/python-3.12/python/lib/python3.12/logging/__init__.py", line 1163, in emit
    stream.write(msg + self.terminator)
ValueError: I/O operation on closed file.
Call stack:
  File "/home/user/git/fpga/sipeedtangprimer20k-riscv/scripts/rtos_system_fit.py", line 870, in <module>
    raise SystemExit(main())
  File "/home/user/git/fpga/sipeedtangprimer20k-riscv/scripts/rtos_system_fit.py", line 860, in main
    report = run_study()
  File "/home/user/git/fpga/sipeedtangprimer20k-riscv/scripts/rtos_system_fit.py", line 791, in run_study
    selected, attempts = try_candidate(candidate, cpu, candidate_dir / "attempts")
  File "/home/user/git/fpga/sipeedtangprimer20k-riscv/scripts/rtos_system_fit.py", line 603, in try_candidate
    attempt = build_attempt(
  File "/home/user/git/fpga/sipeedtangprimer20k-riscv/scripts/rtos_system_fit.py", line 532, in build_attempt
    common._capture_build(builder, build_name)
  File "/home/user/git/fpga/sipeedtangprimer20k-riscv/scripts/system_fit.py", line 646, in _capture_build
    builder.build(run=True, build_name=build_name, hierarchical=True)
  File "/home/user/git/fpga/sipeedtangprimer20k-riscv/.deps/litex/litex/soc/integration/builder.py", line 521, in build
    return self._build(**kwargs)
  File "/home/user/git/fpga/sipeedtangprimer20k-riscv/.deps/litex/litex/soc/integration/builder.py", line 558, in _build
    self.soc.finalize()
  File "/home/user/git/fpga/sipeedtangprimer20k-riscv/.deps/litex/litex/soc/integration/soc.py", line 2179, in finalize
    self._finalize_csr()
  File "/home/user/git/fpga/sipeedtangprimer20k-riscv/.deps/litex/litex/soc/integration/soc.py", line 2061, in _finalize_csr
    self.csr_bankarray = csr_bus.CSRBankArray(self,
  File "/home/user/git/fpga/sipeedtangprimer20k-riscv/.deps/litex/litex/soc/interconnect/csr_bus.py", line 241, in __init__
    self.scan(ifargs, ifkwargs)
  File "/home/user/git/fpga/sipeedtangprimer20k-riscv/.deps/litex/litex/soc/interconnect/csr_bus.py", line 295, in scan
    mapaddr = self.address_map(name, None)
  File "/home/user/git/fpga/sipeedtangprimer20k-riscv/.deps/litex/litex/soc/integration/soc.py", line 1258, in address_map
    self.add(name, use_loc_if_exists=True)
  File "/home/user/git/fpga/sipeedtangprimer20k-riscv/.deps/litex/litex/soc/integration/soc.py", line 1092, in add
    self.logger.info("{} {} {} at Location {}.".format(
Message: '\x1b[4methphy\x1b[0m CSR \x1b[36mallocated\x1b[0m at Location \x1b[1m3\x1b[0m.'
Arguments: ()
--- Logging error ---
Traceback (most recent call last):
  File "/home/user/git/fpga/sipeedtangprimer20k-riscv/.tools/python-3.12/python/lib/python3.12/logging/__init__.py", line 1163, in emit
    stream.write(msg + self.terminator)
ValueError: I/O operation on closed file.
Call stack:
  File "/home/user/git/fpga/sipeedtangprimer20k-riscv/scripts/rtos_system_fit.py", line 870, in <module>
    raise SystemExit(main())
  File "/home/user/git/fpga/sipeedtangprimer20k-riscv/scripts/rtos_system_fit.py", line 860, in main
    report = run_study()
  File "/home/user/git/fpga/sipeedtangprimer20k-riscv/scripts/rtos_system_fit.py", line 791, in run_study
    selected, attempts = try_candidate(candidate, cpu, candidate_dir / "attempts")
  File "/home/user/git/fpga/sipeedtangprimer20k-riscv/scripts/rtos_system_fit.py", line 603, in try_candidate
    attempt = build_attempt(
  File "/home/user/git/fpga/sipeedtangprimer20k-riscv/scripts/rtos_system_fit.py", line 532, in build_attempt
    common._capture_build(builder, build_name)
  File "/home/user/git/fpga/sipeedtangprimer20k-riscv/scripts/system_fit.py", line 646, in _capture_build
    builder.build(run=True, build_name=build_name, hierarchical=True)
  File "/home/user/git/fpga/sipeedtangprimer20k-riscv/.deps/litex/litex/soc/integration/builder.py", line 521, in build
    return self._build(**kwargs)
  File "/home/user/git/fpga/sipeedtangprimer20k-riscv/.deps/litex/litex/soc/integration/builder.py", line 558, in _build
    self.soc.finalize()
  File "/home/user/git/fpga/sipeedtangprimer20k-riscv/.deps/litex/litex/soc/integration/soc.py", line 2179, in finalize
    self._finalize_csr()
  File "/home/user/git/fpga/sipeedtangprimer20k-riscv/.deps/litex/litex/soc/integration/soc.py", line 2061, in _finalize_csr
    self.csr_bankarray = csr_bus.CSRBankArray(self,
  File "/home/user/git/fpga/sipeedtangprimer20k-riscv/.deps/litex/litex/soc/interconnect/csr_bus.py", line 241, in __init__
    self.scan(ifargs, ifkwargs)
  File "/home/user/git/fpga/sipeedtangprimer20k-riscv/.deps/litex/litex/soc/interconnect/csr_bus.py", line 269, in scan
    mapaddr = self.address_map(name, memory)
  File "/home/user/git/fpga/sipeedtangprimer20k-riscv/.deps/litex/litex/soc/integration/soc.py", line 1258, in address_map
    self.add(name, use_loc_if_exists=True)
  File "/home/user/git/fpga/sipeedtangprimer20k-riscv/.deps/litex/litex/soc/integration/soc.py", line 1092, in add
    self.logger.info("{} {} {} at Location {}.".format(
Message: '\x1b[4midentifier_mem\x1b[0m CSR \x1b[36mallocated\x1b[0m at Location \x1b[1m4\x1b[0m.'
Arguments: ()
--- Logging error ---
Traceback (most recent call last):
  File "/home/user/git/fpga/sipeedtangprimer20k-riscv/.tools/python-3.12/python/lib/python3.12/logging/__init__.py", line 1163, in emit
    stream.write(msg + self.terminator)
ValueError: I/O operation on closed file.
Call stack:
  File "/home/user/git/fpga/sipeedtangprimer20k-riscv/scripts/rtos_system_fit.py", line 870, in <module>
    raise SystemExit(main())
  File "/home/user/git/fpga/sipeedtangprimer20k-riscv/scripts/rtos_system_fit.py", line 860, in main
    report = run_study()
  File "/home/user/git/fpga/sipeedtangprimer20k-riscv/scripts/rtos_system_fit.py", line 791, in run_study
    selected, attempts = try_candidate(candidate, cpu, candidate_dir / "attempts")
  File "/home/user/git/fpga/sipeedtangprimer20k-riscv/scripts/rtos_system_fit.py", line 603, in try_candidate
    attempt = build_attempt(
  File "/home/user/git/fpga/sipeedtangprimer20k-riscv/scripts/rtos_system_fit.py", line 532, in build_attempt
    common._capture_build(builder, build_name)
  File "/home/user/git/fpga/sipeedtangprimer20k-riscv/scripts/system_fit.py", line 646, in _capture_build
    builder.build(run=True, build_name=build_name, hierarchical=True)
  File "/home/user/git/fpga/sipeedtangprimer20k-riscv/.deps/litex/litex/soc/integration/builder.py", line 521, in build
    return self._build(**kwargs)
  File "/home/user/git/fpga/sipeedtangprimer20k-riscv/.deps/litex/litex/soc/integration/builder.py", line 558, in _build
    self.soc.finalize()
  File "/home/user/git/fpga/sipeedtangprimer20k-riscv/.deps/litex/litex/soc/integration/soc.py", line 2179, in finalize
    self._finalize_csr()
  File "/home/user/git/fpga/sipeedtangprimer20k-riscv/.deps/litex/litex/soc/integration/soc.py", line 2061, in _finalize_csr
    self.csr_bankarray = csr_bus.CSRBankArray(self,
  File "/home/user/git/fpga/sipeedtangprimer20k-riscv/.deps/litex/litex/soc/interconnect/csr_bus.py", line 241, in __init__
    self.scan(ifargs, ifkwargs)
  File "/home/user/git/fpga/sipeedtangprimer20k-riscv/.deps/litex/litex/soc/interconnect/csr_bus.py", line 295, in scan
    mapaddr = self.address_map(name, None)
  File "/home/user/git/fpga/sipeedtangprimer20k-riscv/.deps/litex/litex/soc/integration/soc.py", line 1258, in address_map
    self.add(name, use_loc_if_exists=True)
  File "/home/user/git/fpga/sipeedtangprimer20k-riscv/.deps/litex/litex/soc/integration/soc.py", line 1092, in add
    self.logger.info("{} {} {} at Location {}.".format(
Message: '\x1b[4msdcard\x1b[0m CSR \x1b[36mallocated\x1b[0m at Location \x1b[1m5\x1b[0m.'
Arguments: ()
--- Logging error ---
Traceback (most recent call last):
  File "/home/user/git/fpga/sipeedtangprimer20k-riscv/.tools/python-3.12/python/lib/python3.12/logging/__init__.py", line 1163, in emit
    stream.write(msg + self.terminator)
ValueError: I/O operation on closed file.
Call stack:
  File "/home/user/git/fpga/sipeedtangprimer20k-riscv/scripts/rtos_system_fit.py", line 870, in <module>
    raise SystemExit(main())
  File "/home/user/git/fpga/sipeedtangprimer20k-riscv/scripts/rtos_system_fit.py", line 860, in main
    report = run_study()
  File "/home/user/git/fpga/sipeedtangprimer20k-riscv/scripts/rtos_system_fit.py", line 791, in run_study
    selected, attempts = try_candidate(candidate, cpu, candidate_dir / "attempts")
  File "/home/user/git/fpga/sipeedtangprimer20k-riscv/scripts/rtos_system_fit.py", line 603, in try_candidate
    attempt = build_attempt(
  File "/home/user/git/fpga/sipeedtangprimer20k-riscv/scripts/rtos_system_fit.py", line 532, in build_attempt
    common._capture_build(builder, build_name)
  File "/home/user/git/fpga/sipeedtangprimer20k-riscv/scripts/system_fit.py", line 646, in _capture_build
    builder.build(run=True, build_name=build_name, hierarchical=True)
  File "/home/user/git/fpga/sipeedtangprimer20k-riscv/.deps/litex/litex/soc/integration/builder.py", line 521, in build
    return self._build(**kwargs)
  File "/home/user/git/fpga/sipeedtangprimer20k-riscv/.deps/litex/litex/soc/integration/builder.py", line 558, in _build
    self.soc.finalize()
  File "/home/user/git/fpga/sipeedtangprimer20k-riscv/.deps/litex/litex/soc/integration/soc.py", line 2179, in finalize
    self._finalize_csr()
  File "/home/user/git/fpga/sipeedtangprimer20k-riscv/.deps/litex/litex/soc/integration/soc.py", line 2061, in _finalize_csr
    self.csr_bankarray = csr_bus.CSRBankArray(self,
  File "/home/user/git/fpga/sipeedtangprimer20k-riscv/.deps/litex/litex/soc/interconnect/csr_bus.py", line 241, in __init__
    self.scan(ifargs, ifkwargs)
  File "/home/user/git/fpga/sipeedtangprimer20k-riscv/.deps/litex/litex/soc/interconnect/csr_bus.py", line 295, in scan
    mapaddr = self.address_map(name, None)
  File "/home/user/git/fpga/sipeedtangprimer20k-riscv/.deps/litex/litex/soc/integration/soc.py", line 1258, in address_map
    self.add(name, use_loc_if_exists=True)
  File "/home/user/git/fpga/sipeedtangprimer20k-riscv/.deps/litex/litex/soc/integration/soc.py", line 1092, in add
    self.logger.info("{} {} {} at Location {}.".format(
Message: '\x1b[4msdram\x1b[0m CSR \x1b[36mallocated\x1b[0m at Location \x1b[1m6\x1b[0m.'
Arguments: ()
--- Logging error ---
Traceback (most recent call last):
  File "/home/user/git/fpga/sipeedtangprimer20k-riscv/.tools/python-3.12/python/lib/python3.12/logging/__init__.py", line 1163, in emit
    stream.write(msg + self.terminator)
ValueError: I/O operation on closed file.
Call stack:
  File "/home/user/git/fpga/sipeedtangprimer20k-riscv/scripts/rtos_system_fit.py", line 870, in <module>
    raise SystemExit(main())
  File "/home/user/git/fpga/sipeedtangprimer20k-riscv/scripts/rtos_system_fit.py", line 860, in main
    report = run_study()
  File "/home/user/git/fpga/sipeedtangprimer20k-riscv/scripts/rtos_system_fit.py", line 791, in run_study
    selected, attempts = try_candidate(candidate, cpu, candidate_dir / "attempts")
  File "/home/user/git/fpga/sipeedtangprimer20k-riscv/scripts/rtos_system_fit.py", line 603, in try_candidate
    attempt = build_attempt(
  File "/home/user/git/fpga/sipeedtangprimer20k-riscv/scripts/rtos_system_fit.py", line 532, in build_attempt
    common._capture_build(builder, build_name)
  File "/home/user/git/fpga/sipeedtangprimer20k-riscv/scripts/system_fit.py", line 646, in _capture_build
    builder.build(run=True, build_name=build_name, hierarchical=True)
  File "/home/user/git/fpga/sipeedtangprimer20k-riscv/.deps/litex/litex/soc/integration/builder.py", line 521, in build
    return self._build(**kwargs)
  File "/home/user/git/fpga/sipeedtangprimer20k-riscv/.deps/litex/litex/soc/integration/builder.py", line 558, in _build
    self.soc.finalize()
  File "/home/user/git/fpga/sipeedtangprimer20k-riscv/.deps/litex/litex/soc/integration/soc.py", line 2179, in finalize
    self._finalize_csr()
  File "/home/user/git/fpga/sipeedtangprimer20k-riscv/.deps/litex/litex/soc/integration/soc.py", line 2061, in _finalize_csr
    self.csr_bankarray = csr_bus.CSRBankArray(self,
  File "/home/user/git/fpga/sipeedtangprimer20k-riscv/.deps/litex/litex/soc/interconnect/csr_bus.py", line 241, in __init__
    self.scan(ifargs, ifkwargs)
  File "/home/user/git/fpga/sipeedtangprimer20k-riscv/.deps/litex/litex/soc/interconnect/csr_bus.py", line 295, in scan
    mapaddr = self.address_map(name, None)
  File "/home/user/git/fpga/sipeedtangprimer20k-riscv/.deps/litex/litex/soc/integration/soc.py", line 1258, in address_map
    self.add(name, use_loc_if_exists=True)
  File "/home/user/git/fpga/sipeedtangprimer20k-riscv/.deps/litex/litex/soc/integration/soc.py", line 1092, in add
    self.logger.info("{} {} {} at Location {}.".format(
Message: '\x1b[4mtimer0\x1b[0m CSR \x1b[36mallocated\x1b[0m at Location \x1b[1m7\x1b[0m.'
Arguments: ()
--- Logging error ---
Traceback (most recent call last):
  File "/home/user/git/fpga/sipeedtangprimer20k-riscv/.tools/python-3.12/python/lib/python3.12/logging/__init__.py", line 1163, in emit
    stream.write(msg + self.terminator)
ValueError: I/O operation on closed file.
Call stack:
  File "/home/user/git/fpga/sipeedtangprimer20k-riscv/scripts/rtos_system_fit.py", line 870, in <module>
    raise SystemExit(main())
  File "/home/user/git/fpga/sipeedtangprimer20k-riscv/scripts/rtos_system_fit.py", line 860, in main
    report = run_study()
  File "/home/user/git/fpga/sipeedtangprimer20k-riscv/scripts/rtos_system_fit.py", line 791, in run_study
    selected, attempts = try_candidate(candidate, cpu, candidate_dir / "attempts")
  File "/home/user/git/fpga/sipeedtangprimer20k-riscv/scripts/rtos_system_fit.py", line 603, in try_candidate
    attempt = build_attempt(
  File "/home/user/git/fpga/sipeedtangprimer20k-riscv/scripts/rtos_system_fit.py", line 532, in build_attempt
    common._capture_build(builder, build_name)
  File "/home/user/git/fpga/sipeedtangprimer20k-riscv/scripts/system_fit.py", line 646, in _capture_build
    builder.build(run=True, build_name=build_name, hierarchical=True)
  File "/home/user/git/fpga/sipeedtangprimer20k-riscv/.deps/litex/litex/soc/integration/builder.py", line 521, in build
    return self._build(**kwargs)
  File "/home/user/git/fpga/sipeedtangprimer20k-riscv/.deps/litex/litex/soc/integration/builder.py", line 558, in _build
    self.soc.finalize()
  File "/home/user/git/fpga/sipeedtangprimer20k-riscv/.deps/litex/litex/soc/integration/soc.py", line 2179, in finalize
    self._finalize_csr()
  File "/home/user/git/fpga/sipeedtangprimer20k-riscv/.deps/litex/litex/soc/integration/soc.py", line 2061, in _finalize_csr
    self.csr_bankarray = csr_bus.CSRBankArray(self,
  File "/home/user/git/fpga/sipeedtangprimer20k-riscv/.deps/litex/litex/soc/interconnect/csr_bus.py", line 241, in __init__
    self.scan(ifargs, ifkwargs)
  File "/home/user/git/fpga/sipeedtangprimer20k-riscv/.deps/litex/litex/soc/interconnect/csr_bus.py", line 295, in scan
    mapaddr = self.address_map(name, None)
  File "/home/user/git/fpga/sipeedtangprimer20k-riscv/.deps/litex/litex/soc/integration/soc.py", line 1258, in address_map
    self.add(name, use_loc_if_exists=True)
  File "/home/user/git/fpga/sipeedtangprimer20k-riscv/.deps/litex/litex/soc/integration/soc.py", line 1092, in add
    self.logger.info("{} {} {} at Location {}.".format(
Message: '\x1b[4muart\x1b[0m CSR \x1b[36mallocated\x1b[0m at Location \x1b[1m8\x1b[0m.'
Arguments: ()
--- Logging error ---
Traceback (most recent call last):
  File "/home/user/git/fpga/sipeedtangprimer20k-riscv/.tools/python-3.12/python/lib/python3.12/logging/__init__.py", line 1163, in emit
    stream.write(msg + self.terminator)
ValueError: I/O operation on closed file.
Call stack:
  File "/home/user/git/fpga/sipeedtangprimer20k-riscv/scripts/rtos_system_fit.py", line 870, in <module>
    raise SystemExit(main())
  File "/home/user/git/fpga/sipeedtangprimer20k-riscv/scripts/rtos_system_fit.py", line 860, in main
    report = run_study()
  File "/home/user/git/fpga/sipeedtangprimer20k-riscv/scripts/rtos_system_fit.py", line 791, in run_study
    selected, attempts = try_candidate(candidate, cpu, candidate_dir / "attempts")
  File "/home/user/git/fpga/sipeedtangprimer20k-riscv/scripts/rtos_system_fit.py", line 603, in try_candidate
    attempt = build_attempt(
  File "/home/user/git/fpga/sipeedtangprimer20k-riscv/scripts/rtos_system_fit.py", line 532, in build_attempt
    common._capture_build(builder, build_name)
  File "/home/user/git/fpga/sipeedtangprimer20k-riscv/scripts/system_fit.py", line 646, in _capture_build
    builder.build(run=True, build_name=build_name, hierarchical=True)
  File "/home/user/git/fpga/sipeedtangprimer20k-riscv/.deps/litex/litex/soc/integration/builder.py", line 521, in build
    return self._build(**kwargs)
  File "/home/user/git/fpga/sipeedtangprimer20k-riscv/.deps/litex/litex/soc/integration/builder.py", line 558, in _build
    self.soc.finalize()
  File "/home/user/git/fpga/sipeedtangprimer20k-riscv/.deps/litex/litex/soc/integration/soc.py", line 2182, in finalize
    self._log_finalized()
  File "/home/user/git/fpga/sipeedtangprimer20k-riscv/.deps/litex/litex/soc/integration/soc.py", line 2146, in _log_finalized
    self.logger.info(colorer("-"*80, color="bright"))
Message: '\x1b[1m--------------------------------------------------------------------------------\x1b[0m'
Arguments: ()
--- Logging error ---
Traceback (most recent call last):
  File "/home/user/git/fpga/sipeedtangprimer20k-riscv/.tools/python-3.12/python/lib/python3.12/logging/__init__.py", line 1163, in emit
    stream.write(msg + self.terminator)
ValueError: I/O operation on closed file.
Call stack:
  File "/home/user/git/fpga/sipeedtangprimer20k-riscv/scripts/rtos_system_fit.py", line 870, in <module>
    raise SystemExit(main())
  File "/home/user/git/fpga/sipeedtangprimer20k-riscv/scripts/rtos_system_fit.py", line 860, in main
    report = run_study()
  File "/home/user/git/fpga/sipeedtangprimer20k-riscv/scripts/rtos_system_fit.py", line 791, in run_study
    selected, attempts = try_candidate(candidate, cpu, candidate_dir / "attempts")
  File "/home/user/git/fpga/sipeedtangprimer20k-riscv/scripts/rtos_system_fit.py", line 603, in try_candidate
    attempt = build_attempt(
  File "/home/user/git/fpga/sipeedtangprimer20k-riscv/scripts/rtos_system_fit.py", line 532, in build_attempt
    common._capture_build(builder, build_name)
  File "/home/user/git/fpga/sipeedtangprimer20k-riscv/scripts/system_fit.py", line 646, in _capture_build
    builder.build(run=True, build_name=build_name, hierarchical=True)
  File "/home/user/git/fpga/sipeedtangprimer20k-riscv/.deps/litex/litex/soc/integration/builder.py", line 521, in build
    return self._build(**kwargs)
  File "/home/user/git/fpga/sipeedtangprimer20k-riscv/.deps/litex/litex/soc/integration/builder.py", line 558, in _build
    self.soc.finalize()
  File "/home/user/git/fpga/sipeedtangprimer20k-riscv/.deps/litex/litex/soc/integration/soc.py", line 2182, in finalize
    self._log_finalized()
  File "/home/user/git/fpga/sipeedtangprimer20k-riscv/.deps/litex/litex/soc/integration/soc.py", line 2147, in _log_finalized
    self.logger.info(colorer("Finalized SoC:"))
Message: '\x1b[1mFinalized SoC:\x1b[0m'
Arguments: ()
--- Logging error ---
Traceback (most recent call last):
  File "/home/user/git/fpga/sipeedtangprimer20k-riscv/.tools/python-3.12/python/lib/python3.12/logging/__init__.py", line 1163, in emit
    stream.write(msg + self.terminator)
ValueError: I/O operation on closed file.
Call stack:
  File "/home/user/git/fpga/sipeedtangprimer20k-riscv/scripts/rtos_system_fit.py", line 870, in <module>
    raise SystemExit(main())
  File "/home/user/git/fpga/sipeedtangprimer20k-riscv/scripts/rtos_system_fit.py", line 860, in main
    report = run_study()
  File "/home/user/git/fpga/sipeedtangprimer20k-riscv/scripts/rtos_system_fit.py", line 791, in run_study
    selected, attempts = try_candidate(candidate, cpu, candidate_dir / "attempts")
  File "/home/user/git/fpga/sipeedtangprimer20k-riscv/scripts/rtos_system_fit.py", line 603, in try_candidate
    attempt = build_attempt(
  File "/home/user/git/fpga/sipeedtangprimer20k-riscv/scripts/rtos_system_fit.py", line 532, in build_attempt
    common._capture_build(builder, build_name)
  File "/home/user/git/fpga/sipeedtangprimer20k-riscv/scripts/system_fit.py", line 646, in _capture_build
    builder.build(run=True, build_name=build_name, hierarchical=True)
  File "/home/user/git/fpga/sipeedtangprimer20k-riscv/.deps/litex/litex/soc/integration/builder.py", line 521, in build
    return self._build(**kwargs)
  File "/home/user/git/fpga/sipeedtangprimer20k-riscv/.deps/litex/litex/soc/integration/builder.py", line 558, in _build
    self.soc.finalize()
  File "/home/user/git/fpga/sipeedtangprimer20k-riscv/.deps/litex/litex/soc/integration/soc.py", line 2182, in finalize
    self._log_finalized()
  File "/home/user/git/fpga/sipeedtangprimer20k-riscv/.deps/litex/litex/soc/integration/soc.py", line 2148, in _log_finalized
    self.logger.info(colorer("-"*80, color="bright"))
Message: '\x1b[1m--------------------------------------------------------------------------------\x1b[0m'
Arguments: ()
--- Logging error ---
Traceback (most recent call last):
  File "/home/user/git/fpga/sipeedtangprimer20k-riscv/.tools/python-3.12/python/lib/python3.12/logging/__init__.py", line 1163, in emit
    stream.write(msg + self.terminator)
ValueError: I/O operation on closed file.
Call stack:
  File "/home/user/git/fpga/sipeedtangprimer20k-riscv/scripts/rtos_system_fit.py", line 870, in <module>
    raise SystemExit(main())
  File "/home/user/git/fpga/sipeedtangprimer20k-riscv/scripts/rtos_system_fit.py", line 860, in main
    report = run_study()
  File "/home/user/git/fpga/sipeedtangprimer20k-riscv/scripts/rtos_system_fit.py", line 791, in run_study
    selected, attempts = try_candidate(candidate, cpu, candidate_dir / "attempts")
  File "/home/user/git/fpga/sipeedtangprimer20k-riscv/scripts/rtos_system_fit.py", line 603, in try_candidate
    attempt = build_attempt(
  File "/home/user/git/fpga/sipeedtangprimer20k-riscv/scripts/rtos_system_fit.py", line 532, in build_attempt
    common._capture_build(builder, build_name)
  File "/home/user/git/fpga/sipeedtangprimer20k-riscv/scripts/system_fit.py", line 646, in _capture_build
    builder.build(run=True, build_name=build_name, hierarchical=True)
  File "/home/user/git/fpga/sipeedtangprimer20k-riscv/.deps/litex/litex/soc/integration/builder.py", line 521, in build
    return self._build(**kwargs)
  File "/home/user/git/fpga/sipeedtangprimer20k-riscv/.deps/litex/litex/soc/integration/builder.py", line 558, in _build
    self.soc.finalize()
  File "/home/user/git/fpga/sipeedtangprimer20k-riscv/.deps/litex/litex/soc/integration/soc.py", line 2182, in finalize
    self._log_finalized()
  File "/home/user/git/fpga/sipeedtangprimer20k-riscv/.deps/litex/litex/soc/integration/soc.py", line 2149, in _log_finalized
    self.logger.info(self.bus)
Message: <litex.soc.integration.soc.SoCBusHandler object at 0x76e70645b8c0>
Arguments: ()
--- Logging error ---
Traceback (most recent call last):
  File "/home/user/git/fpga/sipeedtangprimer20k-riscv/.tools/python-3.12/python/lib/python3.12/logging/__init__.py", line 1163, in emit
    stream.write(msg + self.terminator)
ValueError: I/O operation on closed file.
Call stack:
  File "/home/user/git/fpga/sipeedtangprimer20k-riscv/scripts/rtos_system_fit.py", line 870, in <module>
    raise SystemExit(main())
  File "/home/user/git/fpga/sipeedtangprimer20k-riscv/scripts/rtos_system_fit.py", line 860, in main
    report = run_study()
  File "/home/user/git/fpga/sipeedtangprimer20k-riscv/scripts/rtos_system_fit.py", line 791, in run_study
    selected, attempts = try_candidate(candidate, cpu, candidate_dir / "attempts")
  File "/home/user/git/fpga/sipeedtangprimer20k-riscv/scripts/rtos_system_fit.py", line 603, in try_candidate
    attempt = build_attempt(
  File "/home/user/git/fpga/sipeedtangprimer20k-riscv/scripts/rtos_system_fit.py", line 532, in build_attempt
    common._capture_build(builder, build_name)
  File "/home/user/git/fpga/sipeedtangprimer20k-riscv/scripts/system_fit.py", line 646, in _capture_build
    builder.build(run=True, build_name=build_name, hierarchical=True)
  File "/home/user/git/fpga/sipeedtangprimer20k-riscv/.deps/litex/litex/soc/integration/builder.py", line 521, in build
    return self._build(**kwargs)
  File "/home/user/git/fpga/sipeedtangprimer20k-riscv/.deps/litex/litex/soc/integration/builder.py", line 558, in _build
    self.soc.finalize()
  File "/home/user/git/fpga/sipeedtangprimer20k-riscv/.deps/litex/litex/soc/integration/soc.py", line 2182, in finalize
    self._log_finalized()
  File "/home/user/git/fpga/sipeedtangprimer20k-riscv/.deps/litex/litex/soc/integration/soc.py", line 2152, in _log_finalized
    self.logger.info(self.csr)
Message: <litex.soc.integration.soc.SoCCSRHandler object at 0x76e70645b890>
Arguments: ()
--- Logging error ---
Traceback (most recent call last):
  File "/home/user/git/fpga/sipeedtangprimer20k-riscv/.tools/python-3.12/python/lib/python3.12/logging/__init__.py", line 1163, in emit
    stream.write(msg + self.terminator)
ValueError: I/O operation on closed file.
Call stack:
  File "/home/user/git/fpga/sipeedtangprimer20k-riscv/scripts/rtos_system_fit.py", line 870, in <module>
    raise SystemExit(main())
  File "/home/user/git/fpga/sipeedtangprimer20k-riscv/scripts/rtos_system_fit.py", line 860, in main
    report = run_study()
  File "/home/user/git/fpga/sipeedtangprimer20k-riscv/scripts/rtos_system_fit.py", line 791, in run_study
    selected, attempts = try_candidate(candidate, cpu, candidate_dir / "attempts")
  File "/home/user/git/fpga/sipeedtangprimer20k-riscv/scripts/rtos_system_fit.py", line 603, in try_candidate
    attempt = build_attempt(
  File "/home/user/git/fpga/sipeedtangprimer20k-riscv/scripts/rtos_system_fit.py", line 532, in build_attempt
    common._capture_build(builder, build_name)
  File "/home/user/git/fpga/sipeedtangprimer20k-riscv/scripts/system_fit.py", line 646, in _capture_build
    builder.build(run=True, build_name=build_name, hierarchical=True)
  File "/home/user/git/fpga/sipeedtangprimer20k-riscv/.deps/litex/litex/soc/integration/builder.py", line 521, in build
    return self._build(**kwargs)
  File "/home/user/git/fpga/sipeedtangprimer20k-riscv/.deps/litex/litex/soc/integration/builder.py", line 558, in _build
    self.soc.finalize()
  File "/home/user/git/fpga/sipeedtangprimer20k-riscv/.deps/litex/litex/soc/integration/soc.py", line 2182, in finalize
    self._log_finalized()
  File "/home/user/git/fpga/sipeedtangprimer20k-riscv/.deps/litex/litex/soc/integration/soc.py", line 2153, in _log_finalized
    self.logger.info(self.irq)
Message: <litex.soc.integration.soc.SoCIRQHandler object at 0x76e70645b920>
Arguments: ()
--- Logging error ---
Traceback (most recent call last):
  File "/home/user/git/fpga/sipeedtangprimer20k-riscv/.tools/python-3.12/python/lib/python3.12/logging/__init__.py", line 1163, in emit
    stream.write(msg + self.terminator)
ValueError: I/O operation on closed file.
Call stack:
  File "/home/user/git/fpga/sipeedtangprimer20k-riscv/scripts/rtos_system_fit.py", line 870, in <module>
    raise SystemExit(main())
  File "/home/user/git/fpga/sipeedtangprimer20k-riscv/scripts/rtos_system_fit.py", line 860, in main
    report = run_study()
  File "/home/user/git/fpga/sipeedtangprimer20k-riscv/scripts/rtos_system_fit.py", line 791, in run_study
    selected, attempts = try_candidate(candidate, cpu, candidate_dir / "attempts")
  File "/home/user/git/fpga/sipeedtangprimer20k-riscv/scripts/rtos_system_fit.py", line 603, in try_candidate
    attempt = build_attempt(
  File "/home/user/git/fpga/sipeedtangprimer20k-riscv/scripts/rtos_system_fit.py", line 532, in build_attempt
    common._capture_build(builder, build_name)
  File "/home/user/git/fpga/sipeedtangprimer20k-riscv/scripts/system_fit.py", line 646, in _capture_build
    builder.build(run=True, build_name=build_name, hierarchical=True)
  File "/home/user/git/fpga/sipeedtangprimer20k-riscv/.deps/litex/litex/soc/integration/builder.py", line 521, in build
    return self._build(**kwargs)
  File "/home/user/git/fpga/sipeedtangprimer20k-riscv/.deps/litex/litex/soc/integration/builder.py", line 558, in _build
    self.soc.finalize()
  File "/home/user/git/fpga/sipeedtangprimer20k-riscv/.deps/litex/litex/soc/integration/soc.py", line 2182, in finalize
    self._log_finalized()
  File "/home/user/git/fpga/sipeedtangprimer20k-riscv/.deps/litex/litex/soc/integration/soc.py", line 2154, in _log_finalized
    self.logger.info(colorer("-"*80, color="bright"))
Message: '\x1b[1m--------------------------------------------------------------------------------\x1b[0m'
Arguments: ()
--- Logging error ---
Traceback (most recent call last):
  File "/home/user/git/fpga/sipeedtangprimer20k-riscv/.tools/python-3.12/python/lib/python3.12/logging/__init__.py", line 1163, in emit
    stream.write(msg + self.terminator)
ValueError: I/O operation on closed file.
Call stack:
  File "/home/user/git/fpga/sipeedtangprimer20k-riscv/scripts/rtos_system_fit.py", line 870, in <module>
    raise SystemExit(main())
  File "/home/user/git/fpga/sipeedtangprimer20k-riscv/scripts/rtos_system_fit.py", line 860, in main
    report = run_study()
  File "/home/user/git/fpga/sipeedtangprimer20k-riscv/scripts/rtos_system_fit.py", line 791, in run_study
    selected, attempts = try_candidate(candidate, cpu, candidate_dir / "attempts")
  File "/home/user/git/fpga/sipeedtangprimer20k-riscv/scripts/rtos_system_fit.py", line 603, in try_candidate
    attempt = build_attempt(
  File "/home/user/git/fpga/sipeedtangprimer20k-riscv/scripts/rtos_system_fit.py", line 532, in build_attempt
    common._capture_build(builder, build_name)
  File "/home/user/git/fpga/sipeedtangprimer20k-riscv/scripts/system_fit.py", line 646, in _capture_build
    builder.build(run=True, build_name=build_name, hierarchical=True)
  File "/home/user/git/fpga/sipeedtangprimer20k-riscv/.deps/litex/litex/soc/integration/builder.py", line 521, in build
    return self._build(**kwargs)
  File "/home/user/git/fpga/sipeedtangprimer20k-riscv/.deps/litex/litex/soc/integration/builder.py", line 558, in _build
    self.soc.finalize()
  File "/home/user/git/fpga/sipeedtangprimer20k-riscv/.deps/litex/litex/soc/integration/soc.py", line 2188, in finalize
    self._log_hierarchy()
  File "/home/user/git/fpga/sipeedtangprimer20k-riscv/.deps/litex/litex/soc/integration/soc.py", line 2167, in _log_hierarchy
    self.logger.info(colorer("-"*80, color="bright"))
Message: '\x1b[1m--------------------------------------------------------------------------------\x1b[0m'
Arguments: ()
--- Logging error ---
Traceback (most recent call last):
  File "/home/user/git/fpga/sipeedtangprimer20k-riscv/.tools/python-3.12/python/lib/python3.12/logging/__init__.py", line 1163, in emit
    stream.write(msg + self.terminator)
ValueError: I/O operation on closed file.
Call stack:
  File "/home/user/git/fpga/sipeedtangprimer20k-riscv/scripts/rtos_system_fit.py", line 870, in <module>
    raise SystemExit(main())
  File "/home/user/git/fpga/sipeedtangprimer20k-riscv/scripts/rtos_system_fit.py", line 860, in main
    report = run_study()
  File "/home/user/git/fpga/sipeedtangprimer20k-riscv/scripts/rtos_system_fit.py", line 791, in run_study
    selected, attempts = try_candidate(candidate, cpu, candidate_dir / "attempts")
  File "/home/user/git/fpga/sipeedtangprimer20k-riscv/scripts/rtos_system_fit.py", line 603, in try_candidate
    attempt = build_attempt(
  File "/home/user/git/fpga/sipeedtangprimer20k-riscv/scripts/rtos_system_fit.py", line 532, in build_attempt
    common._capture_build(builder, build_name)
  File "/home/user/git/fpga/sipeedtangprimer20k-riscv/scripts/system_fit.py", line 646, in _capture_build
    builder.build(run=True, build_name=build_name, hierarchical=True)
  File "/home/user/git/fpga/sipeedtangprimer20k-riscv/.deps/litex/litex/soc/integration/builder.py", line 521, in build
    return self._build(**kwargs)
  File "/home/user/git/fpga/sipeedtangprimer20k-riscv/.deps/litex/litex/soc/integration/builder.py", line 558, in _build
    self.soc.finalize()
  File "/home/user/git/fpga/sipeedtangprimer20k-riscv/.deps/litex/litex/soc/integration/soc.py", line 2188, in finalize
    self._log_hierarchy()
  File "/home/user/git/fpga/sipeedtangprimer20k-riscv/.deps/litex/litex/soc/integration/soc.py", line 2168, in _log_hierarchy
    self.logger.info(colorer("SoC Hierarchy:"))
Message: '\x1b[1mSoC Hierarchy:\x1b[0m'
Arguments: ()
--- Logging error ---
Traceback (most recent call last):
  File "/home/user/git/fpga/sipeedtangprimer20k-riscv/.tools/python-3.12/python/lib/python3.12/logging/__init__.py", line 1163, in emit
    stream.write(msg + self.terminator)
ValueError: I/O operation on closed file.
Call stack:
  File "/home/user/git/fpga/sipeedtangprimer20k-riscv/scripts/rtos_system_fit.py", line 870, in <module>
    raise SystemExit(main())
  File "/home/user/git/fpga/sipeedtangprimer20k-riscv/scripts/rtos_system_fit.py", line 860, in main
    report = run_study()
  File "/home/user/git/fpga/sipeedtangprimer20k-riscv/scripts/rtos_system_fit.py", line 791, in run_study
    selected, attempts = try_candidate(candidate, cpu, candidate_dir / "attempts")
  File "/home/user/git/fpga/sipeedtangprimer20k-riscv/scripts/rtos_system_fit.py", line 603, in try_candidate
    attempt = build_attempt(
  File "/home/user/git/fpga/sipeedtangprimer20k-riscv/scripts/rtos_system_fit.py", line 532, in build_attempt
    common._capture_build(builder, build_name)
  File "/home/user/git/fpga/sipeedtangprimer20k-riscv/scripts/system_fit.py", line 646, in _capture_build
    builder.build(run=True, build_name=build_name, hierarchical=True)
  File "/home/user/git/fpga/sipeedtangprimer20k-riscv/.deps/litex/litex/soc/integration/builder.py", line 521, in build
    return self._build(**kwargs)
  File "/home/user/git/fpga/sipeedtangprimer20k-riscv/.deps/litex/litex/soc/integration/builder.py", line 558, in _build
    self.soc.finalize()
  File "/home/user/git/fpga/sipeedtangprimer20k-riscv/.deps/litex/litex/soc/integration/soc.py", line 2188, in finalize
    self._log_hierarchy()
  File "/home/user/git/fpga/sipeedtangprimer20k-riscv/.deps/litex/litex/soc/integration/soc.py", line 2169, in _log_hierarchy
    self.logger.info(colorer("-"*80, color="bright"))
Message: '\x1b[1m--------------------------------------------------------------------------------\x1b[0m'
Arguments: ()
--- Logging error ---
Traceback (most recent call last):
  File "/home/user/git/fpga/sipeedtangprimer20k-riscv/.tools/python-3.12/python/lib/python3.12/logging/__init__.py", line 1163, in emit
    stream.write(msg + self.terminator)
ValueError: I/O operation on closed file.
Call stack:
  File "/home/user/git/fpga/sipeedtangprimer20k-riscv/scripts/rtos_system_fit.py", line 870, in <module>
    raise SystemExit(main())
  File "/home/user/git/fpga/sipeedtangprimer20k-riscv/scripts/rtos_system_fit.py", line 860, in main
    report = run_study()
  File "/home/user/git/fpga/sipeedtangprimer20k-riscv/scripts/rtos_system_fit.py", line 791, in run_study
    selected, attempts = try_candidate(candidate, cpu, candidate_dir / "attempts")
  File "/home/user/git/fpga/sipeedtangprimer20k-riscv/scripts/rtos_system_fit.py", line 603, in try_candidate
    attempt = build_attempt(
  File "/home/user/git/fpga/sipeedtangprimer20k-riscv/scripts/rtos_system_fit.py", line 532, in build_attempt
    common._capture_build(builder, build_name)
  File "/home/user/git/fpga/sipeedtangprimer20k-riscv/scripts/system_fit.py", line 646, in _capture_build
    builder.build(run=True, build_name=build_name, hierarchical=True)
  File "/home/user/git/fpga/sipeedtangprimer20k-riscv/.deps/litex/litex/soc/integration/builder.py", line 521, in build
    return self._build(**kwargs)
  File "/home/user/git/fpga/sipeedtangprimer20k-riscv/.deps/litex/litex/soc/integration/builder.py", line 558, in _build
    self.soc.finalize()
  File "/home/user/git/fpga/sipeedtangprimer20k-riscv/.deps/litex/litex/soc/integration/soc.py", line 2188, in finalize
    self._log_hierarchy()
  File "/home/user/git/fpga/sipeedtangprimer20k-riscv/.deps/litex/litex/soc/integration/soc.py", line 2170, in _log_hierarchy
    self.logger.info(LiteXHierarchyExplorer(top=self, depth=None))
Message: 
RtosSystemFitSoC
├── crg (_CRG)
│    ├── pll (GW2APLL)
│    │    └── [BB:rPLL]
│    ├── [BB:DHCEN]
│    └── [BB:CLKDIV]
├── bus (SoCBusHandler)
│    └── _interconnect (InterconnectShared)
│         ├── arbiter (Arbiter)
│         │    └── rr (RoundRobin)
│         ├── decoder (Decoder)
│         └── timeout (Timeout)
│              └── waittimer_0 (WaitTimer) [Gen]
├── csr (SoCCSRHandler)
├── irq (SoCIRQHandler)
├── ctrl (SoCController)
├── cpu (VexRiscv)
│    └── [BB:VexRiscv]
├── rom (SRAM)
├── sram (SRAM)
├── identifier (Identifier)
├── uart (UART)
│    ├── ev (EventManager)
│    │    ├── eventsourcelevel_0 (EventSourceLevel) [Gen]
│    │    └── eventsourcelevel_1 (EventSourceLevel) [Gen]
│    ├── phy (RS232PHY)
│    │    ├── tx (RS232PHYTX)
│    │    │    ├── clk_phase_accum (RS232ClkPhaseAccum)
│    │    │    └── fsm (FSM)
│    │    └── rx (RS232PHYRX)
│    │         ├── clk_phase_accum (RS232ClkPhaseAccum)
│    │         └── fsm (FSM)
│    ├── tx_fifo (SyncFIFO)
│    │    └── fifo (SyncFIFOBuffered)
│    │         └── fifo (SyncFIFO)
│    └── rx_fifo (SyncFIFO)
│         └── fifo (SyncFIFOBuffered)
│              └── fifo (SyncFIFO)
├── timer0 (Timer)
│    └── ev (EventManager)
│         └── eventsourceprocess_0 (EventSourceProcess) [Gen]
├── ddrphy (GW2DDRPHY)
│    ├── init (GW2DDRPHYInit)
│    │    └── [BB:DLL]
│    ├── bitslip_0 (BitSlip) [Gen]
│    ├── bitslip_1 (BitSlip) [Gen]
│    ├── bitslip_2 (BitSlip) [Gen]
│    ├── bitslip_3 (BitSlip) [Gen]
│    ├── bitslip_4 (BitSlip) [Gen]
│    ├── bitslip_5 (BitSlip) [Gen]
│    ├── bitslip_6 (BitSlip) [Gen]
│    ├── bitslip_7 (BitSlip) [Gen]
│    ├── bitslip_8 (BitSlip) [Gen]
│    ├── bitslip_9 (BitSlip) [Gen]
│    ├── bitslip_10 (BitSlip) [Gen]
│    ├── bitslip_11 (BitSlip) [Gen]
│    ├── bitslip_12 (BitSlip) [Gen]
│    ├── bitslip_13 (BitSlip) [Gen]
│    ├── bitslip_14 (BitSlip) [Gen]
│    ├── bitslip_15 (BitSlip) [Gen]
│    ├── tappeddelayline_0 (TappedDelayLine) [Gen]
│    ├── tappeddelayline_1 (TappedDelayLine) [Gen]
│    ├── [BB:ELVDS_IOBUF]
│    ├── [BB:DQS]
│    ├── [BB:IODELAY]
│    ├── [BB:OSER4_MEM]
│    ├── [BB:OSER4]
│    ├── [BB:OSER4_MEM]
│    ├── [BB:OSER4_MEM]
│    ├── [BB:IDES4_MEM]
│    ├── [BB:IOBUF]
│    ├── [BB:OSER4_MEM]
│    ├── [BB:ELVDS_IOBUF]
│    ├── [BB:OSER4_MEM]
│    ├── [BB:OSER4_MEM]
│    ├── [BB:IDES4_MEM]
│    ├── [BB:IOBUF]
│    ├── [BB:OSER4_MEM]
│    ├── [BB:IDES4_MEM]
│    ├── [BB:IOBUF]
│    ├── [BB:OSER4_MEM]
│    ├── [BB:IDES4_MEM]
│    ├── [BB:IOBUF]
│    ├── [BB:OSER4_MEM]
│    ├── [BB:IDES4_MEM]
│    ├── [BB:IOBUF]
│    ├── [BB:OSER4_MEM]
│    ├── [BB:IDES4_MEM]
│    ├── [BB:IOBUF]
│    ├── [BB:OSER4_MEM]
│    ├── [BB:IDES4_MEM]
│    ├── [BB:IOBUF]
│    ├── [BB:OSER4_MEM]
│    ├── [BB:IDES4_MEM]
│    ├── [BB:IOBUF]
│    ├── [BB:IOBUF]
│    ├── [BB:IDES4_MEM]
│    ├── [BB:OSER4_MEM]
│    ├── [BB:OSER4_MEM]
│    ├── [BB:IDES4_MEM]
│    ├── [BB:IOBUF]
│    ├── [BB:OSER4_MEM]
│    ├── [BB:IDES4_MEM]
│    ├── [BB:IOBUF]
│    ├── [BB:IDES4_MEM]
│    ├── [BB:OSER4_MEM]
│    ├── [BB:IOBUF]
│    ├── [BB:IDES4_MEM]
│    ├── [BB:IOBUF]
│    ├── [BB:OSER4_MEM]
│    ├── [BB:IDES4_MEM]
│    ├── [BB:IOBUF]
│    ├── [BB:OSER4_MEM]
│    ├── [BB:IDES4_MEM]
│    ├── [BB:IOBUF]
│    ├── [BB:OSER4_MEM]
│    ├── [BB:OSER4_MEM]
│    ├── [BB:IDES4_MEM]
│    ├── [BB:IOBUF]
│    ├── [BB:DQS]
│    ├── [BB:OSER4]
│    ├── [BB:IODELAY]
│    ├── [BB:OSER4]
│    ├── [BB:IODELAY]
│    ├── [BB:OSER4]
│    ├── [BB:IODELAY]
│    ├── [BB:OSER4]
│    ├── [BB:IODELAY]
│    ├── [BB:OSER4]
│    ├── [BB:ELVDS_OBUF]
│    ├── [BB:IODELAY]
│    ├── [BB:OSER4]
│    ├── [BB:IODELAY]
│    ├── [BB:OSER4]
│    ├── [BB:IODELAY]
│    ├── [BB:OSER4]
│    ├── [BB:IODELAY]
│    ├── [BB:OSER4]
│    ├── [BB:IODELAY]
│    ├── [BB:OSER4]
│    ├── [BB:IODELAY]
│    ├── [BB:IODELAY]
│    ├── [BB:OSER4]
│    ├── [BB:IODELAY]
│    ├── [BB:OSER4]
│    ├── [BB:IODELAY]
│    ├── [BB:OSER4]
│    ├── [BB:IODELAY]
│    ├── [BB:OSER4]
│    ├── [BB:IODELAY]
│    ├── [BB:OSER4]
│    ├── [BB:IODELAY]
│    ├── [BB:OSER4]
│    ├── [BB:IODELAY]
│    ├── [BB:OSER4]
│    ├── [BB:IODELAY]
│    ├── [BB:OSER4]
│    ├── [BB:IODELAY]
│    ├── [BB:OSER4]
│    ├── [BB:IODELAY]
│    ├── [BB:OSER4]
│    ├── [BB:IODELAY]
│    ├── [BB:OSER4]
│    ├── [BB:IODELAY]
│    ├── [BB:OSER4]
│    ├── [BB:IODELAY]
│    ├── [BB:OSER4]
│    ├── [BB:IODELAY]
│    └── [BB:OSER4]
├── sdram (LiteDRAMCore)
│    ├── dfii (DFIInjector)
│    │    ├── pi0 (PhaseInjector)
│    │    └── pi1 (PhaseInjector)
│    ├── controller (LiteDRAMController)
│    │    ├── refresher (Refresher)
│    │    │    ├── timer (RefreshTimer)
│    │    │    ├── postponer (RefreshPostponer)
│    │    │    ├── sequencer (RefreshSequencer)
│    │    │    │    └── refreshexecuter_0 (RefreshExecuter) [Gen]
│    │    │    ├── zqcs_timer (RefreshTimer)
│    │    │    ├── zqs_executer (ZQCSExecuter)
│    │    │    └── fsm (FSM)
│    │    ├── bankmachine_0 (BankMachine) [Gen]
│    │    │    ├── syncfifo_0 (SyncFIFO) [Gen]
│    │    │    │    └── fifo (SyncFIFO)
│    │    │    ├── buffer_0 (Buffer) [Gen]
│    │    │    │    ├── pipe_valid (PipeValid)
│    │    │    │    └── pipeline (Pipeline)
│    │    │    ├── twtpcon (tXXDController)
│    │    │    ├── trccon (tXXDController)
│    │    │    ├── trascon (tXXDController)
│    │    │    └── fsm (FSM)
│    │    ├── bankmachine_1 (BankMachine) [Gen]
│    │    │    ├── syncfifo_0 (SyncFIFO) [Gen]
│    │    │    │    └── fifo (SyncFIFO)
│    │    │    ├── buffer_0 (Buffer) [Gen]
│    │    │    │    ├── pipe_valid (PipeValid)
│    │    │    │    └── pipeline (Pipeline)
│    │    │    ├── twtpcon (tXXDController)
│    │    │    ├── trccon (tXXDController)
│    │    │    ├── trascon (tXXDController)
│    │    │    └── fsm (FSM)
│    │    ├── bankmachine_2 (BankMachine) [Gen]
│    │    │    ├── syncfifo_0 (SyncFIFO) [Gen]
│    │    │    │    └── fifo (SyncFIFO)
│    │    │    ├── buffer_0 (Buffer) [Gen]
│    │    │    │    ├── pipe_valid (PipeValid)
│    │    │    │    └── pipeline (Pipeline)
│    │    │    ├── twtpcon (tXXDController)
│    │    │    ├── trccon (tXXDController)
│    │    │    ├── trascon (tXXDController)
│    │    │    └── fsm (FSM)
│    │    ├── bankmachine_3 (BankMachine) [Gen]
│    │    │    ├── syncfifo_0 (SyncFIFO) [Gen]
│    │    │    │    └── fifo (SyncFIFO)
│    │    │    ├── buffer_0 (Buffer) [Gen]
│    │    │    │    ├── pipe_valid (PipeValid)
│    │    │    │    └── pipeline (Pipeline)
│    │    │    ├── twtpcon (tXXDController)
│    │    │    ├── trccon (tXXDController)
│    │    │    ├── trascon (tXXDController)
│    │    │    └── fsm (FSM)
│    │    ├── bankmachine_4 (BankMachine) [Gen]
│    │    │    ├── syncfifo_0 (SyncFIFO) [Gen]
│    │    │    │    └── fifo (SyncFIFO)
│    │    │    ├── buffer_0 (Buffer) [Gen]
│    │    │    │    ├── pipe_valid (PipeValid)
│    │    │    │    └── pipeline (Pipeline)
│    │    │    ├── twtpcon (tXXDController)
│    │    │    ├── trccon (tXXDController)
│    │    │    ├── trascon (tXXDController)
│    │    │    └── fsm (FSM)
│    │    ├── bankmachine_5 (BankMachine) [Gen]
│    │    │    ├── syncfifo_0 (SyncFIFO) [Gen]
│    │    │    │    └── fifo (SyncFIFO)
│    │    │    ├── buffer_0 (Buffer) [Gen]
│    │    │    │    ├── pipe_valid (PipeValid)
│    │    │    │    └── pipeline (Pipeline)
│    │    │    ├── twtpcon (tXXDController)
│    │    │    ├── trccon (tXXDController)
│    │    │    ├── trascon (tXXDController)
│    │    │    └── fsm (FSM)
│    │    ├── bankmachine_6 (BankMachine) [Gen]
│    │    │    ├── syncfifo_0 (SyncFIFO) [Gen]
│    │    │    │    └── fifo (SyncFIFO)
│    │    │    ├── buffer_0 (Buffer) [Gen]
│    │    │    │    ├── pipe_valid (PipeValid)
│    │    │    │    └── pipeline (Pipeline)
│    │    │    ├── twtpcon (tXXDController)
│    │    │    ├── trccon (tXXDController)
│    │    │    ├── trascon (tXXDController)
│    │    │    └── fsm (FSM)
│    │    ├── bankmachine_7 (BankMachine) [Gen]
│    │    │    ├── syncfifo_0 (SyncFIFO) [Gen]
│    │    │    │    └── fifo (SyncFIFO)
│    │    │    ├── buffer_0 (Buffer) [Gen]
│    │    │    │    ├── pipe_valid (PipeValid)
│    │    │    │    └── pipeline (Pipeline)
│    │    │    ├── twtpcon (tXXDController)
│    │    │    ├── trccon (tXXDController)
│    │    │    ├── trascon (tXXDController)
│    │    │    └── fsm (FSM)
│    │    └── multiplexer (Multiplexer)
│    │         ├── choose_cmd (_CommandChooser)
│    │         │    └── roundrobin_0 (RoundRobin) [Gen]
│    │         ├── choose_req (_CommandChooser)
│    │         │    └── roundrobin_0 (RoundRobin) [Gen]
│    │         ├── _steerer_0 (_Steerer) [Gen]
│    │         ├── trrdcon (tXXDController)
│    │         ├── tfawcon (tFAWController)
│    │         ├── tccdcon (tXXDController)
│    │         ├── twtrcon (tXXDController)
│    │         └── fsm (FSM)
│    └── crossbar (LiteDRAMCrossbar)
│         ├── roundrobin_0 (RoundRobin) [Gen]
│         ├── roundrobin_1 (RoundRobin) [Gen]
│         ├── roundrobin_2 (RoundRobin) [Gen]
│         ├── roundrobin_3 (RoundRobin) [Gen]
│         ├── roundrobin_4 (RoundRobin) [Gen]
│         ├── roundrobin_5 (RoundRobin) [Gen]
│         ├── roundrobin_6 (RoundRobin) [Gen]
│         └── roundrobin_7 (RoundRobin) [Gen]
├── converter_0 (Converter) [Gen]
│    └── upconverter_0 (UpConverter) [Gen]
├── wishbone_bridge (LiteDRAMWishbone2Native)
│    └── fsm (FSM)
├── ethphy (LiteEthPHYRMII)
│    ├── crg (LiteEthPHYRMIICRG)
│    │    └── hw_reset (LiteEthPHYHWReset)
│    ├── tx (LiteEthPHYRMIITX)
│    │    ├── timer (LiteEthPHYRMIITimer)
│    │    └── converter (Converter)
│    │         └── _downconverter_0 (_DownConverter) [Gen]
│    ├── rx (LiteEthPHYRMIIRX)
│    │    ├── timer (LiteEthPHYRMIITimer)
│    │    ├── converter (Converter)
│    │    │    └── _upconverter_0 (_UpConverter) [Gen]
│    │    ├── delay (Delay)
│    │    │    ├── buffer_0 (Buffer) [Gen]
│    │    │    │    ├── pipe_valid (PipeValid)
│    │    │    │    └── pipeline (Pipeline)
│    │    │    ├── buffer_1 (Buffer) [Gen]
│    │    │    │    ├── pipe_valid (PipeValid)
│    │    │    │    └── pipeline (Pipeline)
│    │    │    └── pipeline_0 (Pipeline) [Gen]
│    │    └── speed_detect (LiteEthPHYRMIISpeedDetect)
│    │         └── fsm (FSM)
│    └── mdio (LiteEthPHYMDIO)
├── ethmac (LiteEthMAC)
│    ├── core (LiteEthMACCore)
│    │    ├── tx_datapath (TXDatapath)
│    │    │    ├── clockdomaincrossing_0 (ClockDomainCrossing) [Gen]
│    │    │    │    └── asyncfifo_0 (AsyncFIFO) [Gen]
│    │    │    │         └── fifo (AsyncFIFO)
│    │    │    │              ├── graycounter_0 (GrayCounter) [Gen]
│    │    │    │              └── graycounter_1 (GrayCounter) [Gen]
│    │    │    ├── strideconverter_0 (StrideConverter) [Gen]
│    │    │    │    └── converter_0 (Converter) [Gen]
│    │    │    │         └── _downconverter_0 (_DownConverter) [Gen]
│    │    │    ├── liteethmacpaddinginserter_0 (LiteEthMACPaddingInserter) [Gen]
│    │    │    │    └── fsm (FSM)
│    │    │    ├── liteethmaccrc32inserter_0 (LiteEthMACCRC32Inserter) [Gen]
│    │    │    │    ├── crc (LiteEthMACCRC32)
│    │    │    │    │    └── liteethmaccrcengine_0 (LiteEthMACCRCEngine) [Gen]
│    │    │    │    ├── fsm (FSM)
│    │    │    │    └── buffer_0 (Buffer) [Gen]
│    │    │    │         ├── pipe_valid (PipeValid)
│    │    │    │         └── pipeline (Pipeline)
│    │    │    ├── liteethmacpreambleinserter_0 (LiteEthMACPreambleInserter) [Gen]
│    │    │    │    └── fsm (FSM)
│    │    │    ├── liteethmacgap_0 (LiteEthMACGap) [Gen]
│    │    │    │    └── fsm (FSM)
│    │    │    └── pipeline_0 (Pipeline) [Gen]
│    │    └── rx_datapath (RXDatapath)
│    │         ├── liteethmacpreamblechecker_0 (LiteEthMACPreambleChecker) [Gen]
│    │         │    └── fsm (FSM)
│    │         ├── pulsesynchronizer_0 (PulseSynchronizer) [Gen]
│    │         ├── liteethmaccrc32checker_0 (LiteEthMACCRC32Checker) [Gen]
│    │         │    ├── crc (LiteEthMACCRC32Check)
│    │         │    │    └── engine (LiteEthMACCRCEngine)
│    │         │    ├── fifo (SyncFIFO)
│    │         │    │    └── fifo (SyncFIFO)
│    │         │    ├── fsm (FSM)
│    │         │    └── buffer_0 (Buffer) [Gen]
│    │         │         ├── pipe_valid (PipeValid)
│    │         │         └── pipeline (Pipeline)
│    │         ├── pulsesynchronizer_1 (PulseSynchronizer) [Gen]
│    │         ├── liteethmacpaddingchecker_0 (LiteEthMACPaddingChecker) [Gen]
│    │         ├── strideconverter_0 (StrideConverter) [Gen]
│    │         │    └── converter_0 (Converter) [Gen]
│    │         │         └── _upconverter_0 (_UpConverter) [Gen]
│    │         ├── clockdomaincrossing_0 (ClockDomainCrossing) [Gen]
│    │         │    └── asyncfifo_0 (AsyncFIFO) [Gen]
│    │         │         └── fifo (AsyncFIFO)
│    │         │              ├── graycounter_0 (GrayCounter) [Gen]
│    │         │              └── graycounter_1 (GrayCounter) [Gen]
│    │         └── pipeline_0 (Pipeline) [Gen]
│    ├── interface (LiteEthMACWishboneInterface)
│    │    ├── sram (LiteEthMACSRAM)
│    │    │    ├── writer (LiteEthMACSRAMWriter)
│    │    │    │    ├── ev (EventManager)
│    │    │    │    │    └── eventsourcelevel_0 (EventSourceLevel) [Gen]
│    │    │    │    ├── packet (LiteEthMACPacketWriter)
│    │    │    │    │    └── fsm (FSM)
│    │    │    │    └── stat_fifo (SyncFIFO)
│    │    │    │         └── buffer_0 (Buffer) [Gen]
│    │    │    │              ├── pipe_valid (PipeValid)
│    │    │    │              └── pipeline (Pipeline)
│    │    │    ├── reader (LiteEthMACSRAMReader)
│    │    │    │    ├── ev (EventManager)
│    │    │    │    │    └── eventsourcepulse_0 (EventSourcePulse) [Gen]
│    │    │    │    ├── packet (LiteEthMACPacketReader)
│    │    │    │    │    └── fsm (FSM)
│    │    │    │    ├── syncfifo_0 (SyncFIFO) [Gen]
│    │    │    │    │    └── buffer_0 (Buffer) [Gen]
│    │    │    │    │         ├── pipe_valid (PipeValid)
│    │    │    │    │         └── pipeline (Pipeline)
│    │    │    │    └── fsm (FSM)
│    │    │    └── ev (SharedIRQ)
│    │    ├── sram_0 (SRAM) [Gen]
│    │    ├── decoder_0 (Decoder) [Gen]
│    │    ├── sram_1 (SRAM) [Gen]
│    │    └── decoder_1 (Decoder) [Gen]
│    └── ev (SharedIRQ)
├── sdcard (LiteSDCard)
│    ├── phy (SDPHY)
│    │    ├── clocker (SDPHYClocker)
│    │    ├── init (SDPHYInit)
│    │    │    └── fsm (FSM)
│    │    ├── cmdw (SDPHYCMDW)
│    │    │    └── fsm (FSM)
│    │    ├── cmdr (SDPHYCMDR)
│    │    │    ├── cmdr (SDPHYR)
│    │    │    │    ├── converter (Converter)
│    │    │    │    │    └── _upconverter_0 (_UpConverter) [Gen]
│    │    │    │    └── buf (Buffer)
│    │    │    │         ├── pipe_valid (PipeValid)
│    │    │    │         └── pipeline (Pipeline)
│    │    │    └── fsm (FSM)
│    │    ├── dataw (SDPHYDATAW)
│    │    │    ├── crc (SDPHYR)
│    │    │    │    ├── converter (Converter)
│    │    │    │    │    └── _upconverter_0 (_UpConverter) [Gen]
│    │    │    │    └── buf (Buffer)
│    │    │    │         ├── pipe_valid (PipeValid)
│    │    │    │         └── pipeline (Pipeline)
│    │    │    ├── crc16 (CRC16)
│    │    │    │    ├── crc_0 (CRC) [Gen]
│    │    │    │    ├── crc_1 (CRC) [Gen]
│    │    │    │    ├── crc_2 (CRC) [Gen]
│    │    │    │    └── crc_3 (CRC) [Gen]
│    │    │    └── fsm (FSM)
│    │    ├── datar (SDPHYDATAR)
│    │    │    ├── crc16 (CRC16)
│    │    │    │    ├── crc_0 (CRC) [Gen]
│    │    │    │    ├── crc_1 (CRC) [Gen]
│    │    │    │    ├── crc_2 (CRC) [Gen]
│    │    │    │    └── crc_3 (CRC) [Gen]
│    │    │    ├── datar_1x (SDPHYR)
│    │    │    │    ├── converter (Converter)
│    │    │    │    │    └── _upconverter_0 (_UpConverter) [Gen]
│    │    │    │    └── buf (Buffer)
│    │    │    │         ├── pipe_valid (PipeValid)
│    │    │    │         └── pipeline (Pipeline)
│    │    │    ├── datar_4x (SDPHYR)
│    │    │    │    ├── converter (Converter)
│    │    │    │    │    └── _upconverter_0 (_UpConverter) [Gen]
│    │    │    │    └── buf (Buffer)
│    │    │    │         ├── pipe_valid (PipeValid)
│    │    │    │         └── pipeline (Pipeline)
│    │    │    └── fsm (FSM)
│    │    └── io (SDPHYIOGen)
│    ├── core (SDCore)
│    │    ├── crc7_inserter (CRC)
│    │    ├── data_read_fifo (SyncFIFO)
│    │    │    └── fifo (SyncFIFO)
│    │    └── fsm (FSM)
│    ├── block2mem (SDBlock2MemDMA)
│    │    ├── syncfifo_0 (SyncFIFO) [Gen]
│    │    │    └── fifo (SyncFIFOBuffered)
│    │    │         └── fifo (SyncFIFO)
│    │    ├── converter_0 (Converter) [Gen]
│    │    │    └── _upconverter_0 (_UpConverter) [Gen]
│    │    └── dma (WishboneDMAWriter)
│    │         └── fsm (FSM)
│    ├── mem2block (SDMem2BlockDMA)
│    │    ├── dma (WishboneDMAReader)
│    │    │    ├── fifo (SyncFIFO)
│    │    │    │    └── fifo (SyncFIFO)
│    │    │    └── fsm (FSM)
│    │    ├── converter_0 (Converter) [Gen]
│    │    │    └── _downconverter_0 (_DownConverter) [Gen]
│    │    └── syncfifo_0 (SyncFIFO) [Gen]
│    │         └── fifo (SyncFIFOBuffered)
│    │              └── fifo (SyncFIFO)
│    └── ev (EventManager)
│         ├── eventsourcepulse_0 (EventSourcePulse) [Gen]
│         ├── eventsourcepulse_1 (EventSourcePulse) [Gen]
│         ├── eventsourcepulse_2 (EventSourcePulse) [Gen]
│         ├── eventsourcelevel_0 (EventSourceLevel) [Gen]
│         └── eventsourcelevel_1 (EventSourceLevel) [Gen]
├── csr_bridge (Wishbone2CSR)
│    └── fsm (FSM)
├── csr_bankarray (CSRBankArray)
│    ├── csrbank_0 (CSRBank) [Gen]
│    │    ├── csrstorage_0 (CSRStorage) [Gen]
│    │    ├── csrstorage_1 (CSRStorage) [Gen]
│    │    └── csrstatus_0 (CSRStatus) [Gen]
│    ├── csrbank_1 (CSRBank) [Gen]
│    │    ├── csrstorage_0 (CSRStorage) [Gen]
│    │    ├── csrstorage_1 (CSRStorage) [Gen]
│    │    └── csrstatus_0 (CSRStatus) [Gen]
│    ├── csrbank_2 (CSRBank) [Gen]
│    │    ├── csrstatus_0 (CSRStatus) [Gen]
│    │    ├── csrstatus_1 (CSRStatus) [Gen]
│    │    ├── csrstatus_2 (CSRStatus) [Gen]
│    │    ├── csrstatus_3 (CSRStatus) [Gen]
│    │    ├── csrstatus_4 (CSRStatus) [Gen]
│    │    ├── csrstorage_0 (CSRStorage) [Gen]
│    │    ├── csrstatus_5 (CSRStatus) [Gen]
│    │    ├── csrstatus_6 (CSRStatus) [Gen]
│    │    ├── csrstorage_1 (CSRStorage) [Gen]
│    │    ├── csrstorage_2 (CSRStorage) [Gen]
│    │    ├── csrstatus_7 (CSRStatus) [Gen]
│    │    ├── csrstatus_8 (CSRStatus) [Gen]
│    │    ├── csrstorage_3 (CSRStorage) [Gen]
│    │    ├── csrstatus_9 (CSRStatus) [Gen]
│    │    ├── csrstatus_10 (CSRStatus) [Gen]
│    │    └── csrstatus_11 (CSRStatus) [Gen]
│    ├── csrbank_3 (CSRBank) [Gen]
│    │    ├── csrstorage_0 (CSRStorage) [Gen]
│    │    ├── csrstorage_1 (CSRStorage) [Gen]
│    │    └── csrstatus_0 (CSRStatus) [Gen]
│    ├── sram_0 (SRAM) [Gen]
│    ├── csrbank_4 (CSRBank) [Gen]
│    │    ├── csrstatus_0 (CSRStatus) [Gen]
│    │    ├── csrstorage_0 (CSRStorage) [Gen]
│    │    ├── csrstorage_1 (CSRStorage) [Gen]
│    │    ├── csrstatus_1 (CSRStatus) [Gen]
│    │    ├── csrstorage_2 (CSRStorage) [Gen]
│    │    ├── csrstorage_3 (CSRStorage) [Gen]
│    │    ├── csrstorage_4 (CSRStorage) [Gen]
│    │    ├── csrstorage_5 (CSRStorage) [Gen]
│    │    ├── csrstorage_6 (CSRStorage) [Gen]
│    │    ├── csrstatus_2 (CSRStatus) [Gen]
│    │    ├── csrstatus_3 (CSRStatus) [Gen]
│    │    ├── csrstatus_4 (CSRStatus) [Gen]
│    │    ├── csrstorage_7 (CSRStorage) [Gen]
│    │    ├── csrstorage_8 (CSRStorage) [Gen]
│    │    ├── csrstorage_9 (CSRStorage) [Gen]
│    │    ├── csrstorage_10 (CSRStorage) [Gen]
│    │    ├── csrstorage_11 (CSRStorage) [Gen]
│    │    ├── csrstatus_5 (CSRStatus) [Gen]
│    │    ├── csrstorage_12 (CSRStorage) [Gen]
│    │    ├── csrstatus_6 (CSRStatus) [Gen]
│    │    ├── csrstatus_7 (CSRStatus) [Gen]
│    │    ├── csrstorage_13 (CSRStorage) [Gen]
│    │    ├── csrstorage_14 (CSRStorage) [Gen]
│    │    ├── csrstorage_15 (CSRStorage) [Gen]
│    │    ├── csrstatus_8 (CSRStatus) [Gen]
│    │    ├── csrstorage_16 (CSRStorage) [Gen]
│    │    ├── csrstatus_9 (CSRStatus) [Gen]
│    │    ├── csrstatus_10 (CSRStatus) [Gen]
│    │    ├── csrstatus_11 (CSRStatus) [Gen]
│    │    ├── csrstatus_12 (CSRStatus) [Gen]
│    │    └── csrstorage_17 (CSRStorage) [Gen]
│    ├── csrbank_5 (CSRBank) [Gen]
│    │    ├── csrstorage_0 (CSRStorage) [Gen]
│    │    ├── csrstorage_1 (CSRStorage) [Gen]
│    │    ├── csrstorage_2 (CSRStorage) [Gen]
│    │    ├── csrstorage_3 (CSRStorage) [Gen]
│    │    ├── csrstorage_4 (CSRStorage) [Gen]
│    │    ├── csrstatus_0 (CSRStatus) [Gen]
│    │    ├── csrstorage_5 (CSRStorage) [Gen]
│    │    ├── csrstorage_6 (CSRStorage) [Gen]
│    │    ├── csrstorage_7 (CSRStorage) [Gen]
│    │    ├── csrstorage_8 (CSRStorage) [Gen]
│    │    └── csrstatus_1 (CSRStatus) [Gen]
│    ├── csrbank_6 (CSRBank) [Gen]
│    │    ├── csrstorage_0 (CSRStorage) [Gen]
│    │    ├── csrstorage_1 (CSRStorage) [Gen]
│    │    ├── csrstorage_2 (CSRStorage) [Gen]
│    │    ├── csrstorage_3 (CSRStorage) [Gen]
│    │    ├── csrstatus_0 (CSRStatus) [Gen]
│    │    ├── csrstatus_1 (CSRStatus) [Gen]
│    │    ├── csrstatus_2 (CSRStatus) [Gen]
│    │    ├── csrstorage_4 (CSRStorage) [Gen]
│    │    ├── csrstorage_5 (CSRStorage) [Gen]
│    │    └── csrstatus_3 (CSRStatus) [Gen]
│    └── csrbank_7 (CSRBank) [Gen]
│         ├── csrstatus_0 (CSRStatus) [Gen]
│         ├── csrstatus_1 (CSRStatus) [Gen]
│         ├── csrstatus_2 (CSRStatus) [Gen]
│         ├── csrstatus_3 (CSRStatus) [Gen]
│         ├── csrstorage_0 (CSRStorage) [Gen]
│         ├── csrstatus_4 (CSRStatus) [Gen]
│         └── csrstatus_5 (CSRStatus) [Gen]
└── csr_interconnect (InterconnectShared)
Legend:
  [Gen]: Auto-generated instance name.
  [BB:NAME]: Blackbox instance (verilog Instance).

Arguments: ()
--- Logging error ---
Traceback (most recent call last):
  File "/home/user/git/fpga/sipeedtangprimer20k-riscv/.tools/python-3.12/python/lib/python3.12/logging/__init__.py", line 1163, in emit
    stream.write(msg + self.terminator)
ValueError: I/O operation on closed file.
Call stack:
  File "/home/user/git/fpga/sipeedtangprimer20k-riscv/scripts/rtos_system_fit.py", line 870, in <module>
    raise SystemExit(main())
  File "/home/user/git/fpga/sipeedtangprimer20k-riscv/scripts/rtos_system_fit.py", line 860, in main
    report = run_study()
  File "/home/user/git/fpga/sipeedtangprimer20k-riscv/scripts/rtos_system_fit.py", line 791, in run_study
    selected, attempts = try_candidate(candidate, cpu, candidate_dir / "attempts")
  File "/home/user/git/fpga/sipeedtangprimer20k-riscv/scripts/rtos_system_fit.py", line 603, in try_candidate
    attempt = build_attempt(
  File "/home/user/git/fpga/sipeedtangprimer20k-riscv/scripts/rtos_system_fit.py", line 532, in build_attempt
    common._capture_build(builder, build_name)
  File "/home/user/git/fpga/sipeedtangprimer20k-riscv/scripts/system_fit.py", line 646, in _capture_build
    builder.build(run=True, build_name=build_name, hierarchical=True)
  File "/home/user/git/fpga/sipeedtangprimer20k-riscv/.deps/litex/litex/soc/integration/builder.py", line 521, in build
    return self._build(**kwargs)
  File "/home/user/git/fpga/sipeedtangprimer20k-riscv/.deps/litex/litex/soc/integration/builder.py", line 558, in _build
    self.soc.finalize()
  File "/home/user/git/fpga/sipeedtangprimer20k-riscv/.deps/litex/litex/soc/integration/soc.py", line 2188, in finalize
    self._log_hierarchy()
  File "/home/user/git/fpga/sipeedtangprimer20k-riscv/.deps/litex/litex/soc/integration/soc.py", line 2171, in _log_hierarchy
    self.logger.info(colorer("-"*80, color="bright"))
Message: '\x1b[1m--------------------------------------------------------------------------------\x1b[0m'
Arguments: ()
make[1]: Entering directory '/home/user/git/fpga/sipeedtangprimer20k-riscv/build/rtos-system-fit/20261006T222108.353939Z/candidates/candidate-2-pinned-lite-no-l2/attempts/rom16k/soc/software/libc'
cp /home/user/git/fpga/sipeedtangprimer20k-riscv/.deps/litex/litex/soc/software/libc/picolibc-minimal.h /home/user/git/fpga/sipeedtangprimer20k-riscv/build/rtos-system-fit/20261006T222108.353939Z/candidates/candidate-2-pinned-lite-no-l2/attempts/rom16k/soc/software/libc/picolibc.h
printf "#define FORMAT_DEFAULT_%s\n" "INTEGER" >> /home/user/git/fpga/sipeedtangprimer20k-riscv/build/rtos-system-fit/20261006T222108.353939Z/candidates/candidate-2-pinned-lite-no-l2/attempts/rom16k/soc/software/libc/picolibc.h
rm -f -r /home/user/git/fpga/sipeedtangprimer20k-riscv/build/rtos-system-fit/20261006T222108.353939Z/candidates/candidate-2-pinned-lite-no-l2/attempts/rom16k/soc/software/include/../picolibc_src
printf "#define __IO_DEFAULT '%s'\n" "i" >> /home/user/git/fpga/sipeedtangprimer20k-riscv/build/rtos-system-fit/20261006T222108.353939Z/candidates/candidate-2-pinned-lite-no-l2/attempts/rom16k/soc/software/libc/picolibc.h
cp -a /home/user/git/fpga/sipeedtangprimer20k-riscv/.deps/pythondata-software-picolibc/pythondata_software_picolibc/data /home/user/git/fpga/sipeedtangprimer20k-riscv/build/rtos-system-fit/20261006T222108.353939Z/candidates/candidate-2-pinned-lite-no-l2/attempts/rom16k/soc/software/include/../picolibc_src
if [ -d "/home/user/git/fpga/sipeedtangprimer20k-riscv/.deps/litex/litex/soc/software/libc/riscv" ]; then \
	cp /home/user/git/fpga/sipeedtangprimer20k-riscv/.deps/litex/litex/soc/software/libc/riscv/* /home/user/git/fpga/sipeedtangprimer20k-riscv/build/rtos-system-fit/20261006T222108.353939Z/candidates/candidate-2-pinned-lite-no-l2/attempts/rom16k/soc/software/include/../picolibc_src/libc/machine/riscv/ ;\
fi
 CC       minimal__home_user_git_fpga_sipeedtangprimer20k-riscv_build_rtos-system-fit_20261006T222108.353939Z_candidates_candidate-2-pinned-lite-no-l2_attempts_rom16k_soc_software_include_.._picolibc_src_libc_ctype_ctype_.o
 CC       minimal__home_user_git_fpga_sipeedtangprimer20k-riscv_build_rtos-system-fit_20261006T222108.353939Z_candidates_candidate-2-pinned-lite-no-l2_attempts_rom16k_soc_software_include_.._picolibc_src_libc_errno_errno.o
 CC       minimal__home_user_git_fpga_sipeedtangprimer20k-riscv_build_rtos-system-fit_20261006T222108.353939Z_candidates_candidate-2-pinned-lite-no-l2_attempts_rom16k_soc_software_include_.._picolibc_src_libc_string_strchr.o
 CC       minimal__home_user_git_fpga_sipeedtangprimer20k-riscv_build_rtos-system-fit_20261006T222108.353939Z_candidates_candidate-2-pinned-lite-no-l2_attempts_rom16k_soc_software_include_.._picolibc_src_libc_string_strncpy.o
 CC       minimal__home_user_git_fpga_sipeedtangprimer20k-riscv_build_rtos-system-fit_20261006T222108.353939Z_candidates_candidate-2-pinned-lite-no-l2_attempts_rom16k_soc_software_include_.._picolibc_src_libc_string_strncmp.o
 CC       minimal__home_user_git_fpga_sipeedtangprimer20k-riscv_build_rtos-system-fit_20261006T222108.353939Z_candidates_candidate-2-pinned-lite-no-l2_attempts_rom16k_soc_software_include_.._picolibc_src_libc_stdio_fgetc.o
 CC       minimal__home_user_git_fpga_sipeedtangprimer20k-riscv_build_rtos-system-fit_20261006T222108.353939Z_candidates_candidate-2-pinned-lite-no-l2_attempts_rom16k_soc_software_include_.._picolibc_src_libc_string_strnlen.o
 CC       minimal__home_user_git_fpga_sipeedtangprimer20k-riscv_build_rtos-system-fit_20261006T222108.353939Z_candidates_candidate-2-pinned-lite-no-l2_attempts_rom16k_soc_software_include_.._picolibc_src_libc_stdio_fputc.o
 CC       minimal__home_user_git_fpga_sipeedtangprimer20k-riscv_build_rtos-system-fit_20261006T222108.353939Z_candidates_candidate-2-pinned-lite-no-l2_attempts_rom16k_soc_software_include_.._picolibc_src_libc_stdio_fputs.o
 CC       minimal__home_user_git_fpga_sipeedtangprimer20k-riscv_build_rtos-system-fit_20261006T222108.353939Z_candidates_candidate-2-pinned-lite-no-l2_attempts_rom16k_soc_software_include_.._picolibc_src_libc_stdio_printf.o
 CC       minimal__home_user_git_fpga_sipeedtangprimer20k-riscv_build_rtos-system-fit_20261006T222108.353939Z_candidates_candidate-2-pinned-lite-no-l2_attempts_rom16k_soc_software_include_.._picolibc_src_libc_stdio_puts.o
 CC       minimal__home_user_git_fpga_sipeedtangprimer20k-riscv_build_rtos-system-fit_20261006T222108.353939Z_candidates_candidate-2-pinned-lite-no-l2_attempts_rom16k_soc_software_include_.._picolibc_src_libc_stdio_strtoul.o
 CC       minimal__home_user_git_fpga_sipeedtangprimer20k-riscv_build_rtos-system-fit_20261006T222108.353939Z_candidates_candidate-2-pinned-lite-no-l2_attempts_rom16k_soc_software_include_.._picolibc_src_libc_stdio_strtoull.o
 CC       minimal__home_user_git_fpga_sipeedtangprimer20k-riscv_build_rtos-system-fit_20261006T222108.353939Z_candidates_candidate-2-pinned-lite-no-l2_attempts_rom16k_soc_software_include_.._picolibc_src_libc_machine_riscv_memcpy-asm.o
 CC       minimal__home_user_git_fpga_sipeedtangprimer20k-riscv_build_rtos-system-fit_20261006T222108.353939Z_candidates_candidate-2-pinned-lite-no-l2_attempts_rom16k_soc_software_include_.._picolibc_src_libc_stdlib_lldiv.o
 CC       minimal__home_user_git_fpga_sipeedtangprimer20k-riscv_build_rtos-system-fit_20261006T222108.353939Z_candidates_candidate-2-pinned-lite-no-l2_attempts_rom16k_soc_software_include_.._picolibc_src_libc_machine_riscv_memmove.o
 CC       minimal__home_user_git_fpga_sipeedtangprimer20k-riscv_build_rtos-system-fit_20261006T222108.353939Z_candidates_candidate-2-pinned-lite-no-l2_attempts_rom16k_soc_software_include_.._picolibc_src_libc_machine_riscv_memset.o
 CC       minimal__home_user_git_fpga_sipeedtangprimer20k-riscv_build_rtos-system-fit_20261006T222108.353939Z_candidates_candidate-2-pinned-lite-no-l2_attempts_rom16k_soc_software_include_.._picolibc_src_libc_machine_riscv_strcmp.o
 CC       minimal__home_user_git_fpga_sipeedtangprimer20k-riscv_build_rtos-system-fit_20261006T222108.353939Z_candidates_candidate-2-pinned-lite-no-l2_attempts_rom16k_soc_software_include_.._picolibc_src_libc_machine_riscv_strcpy.o
 CC       minimal__home_user_git_fpga_sipeedtangprimer20k-riscv_build_rtos-system-fit_20261006T222108.353939Z_candidates_candidate-2-pinned-lite-no-l2_attempts_rom16k_soc_software_include_.._picolibc_src_libc_machine_riscv_strlen.o
 CC       minimal__home_user_git_fpga_sipeedtangprimer20k-riscv_build_rtos-system-fit_20261006T222108.353939Z_candidates_candidate-2-pinned-lite-no-l2_attempts_rom16k_soc_software_include_.._picolibc_src_libc_stdio_vfiprintf.o
 AR       __libc_minimal.a
 CC       _libc_minimal.a
 AR       _libc_minimal.a
cp __libc_minimal.a _libc_minimal.a
 CC       libc-minimal.a
 AR       libc-minimal.a
cp _libc_minimal.a libc-minimal.a
cp libc-minimal.a libc.a
make[1]: Leaving directory '/home/user/git/fpga/sipeedtangprimer20k-riscv/build/rtos-system-fit/20261006T222108.353939Z/candidates/candidate-2-pinned-lite-no-l2/attempts/rom16k/soc/software/libc'
make[1]: Entering directory '/home/user/git/fpga/sipeedtangprimer20k-riscv/build/rtos-system-fit/20261006T222108.353939Z/candidates/candidate-2-pinned-lite-no-l2/attempts/rom16k/soc/software/libcompiler_rt'
 CC       umodsi3.o
 CC       udivsi3.o
 CC       divsi3.o
 CC       modsi3.o
 CC       comparesf2.o
 CC       comparedf2.o
 CC       negsf2.o
 CC       negdf2.o
/home/user/git/fpga/sipeedtangprimer20k-riscv/.deps/pythondata-software-compiler_rt/pythondata_software_compiler_rt/data/lib/builtins/comparesf2.c:85:1: warning: function declaration isn't a prototype [-Wstrict-prototypes]
   85 | FNALIAS(__cmpsf2, __lesf2);
      | ^~~~~~~
/home/user/git/fpga/sipeedtangprimer20k-riscv/.deps/pythondata-software-compiler_rt/pythondata_software_compiler_rt/data/lib/builtins/comparedf2.c:85:1: warning: function declaration isn't a prototype [-Wstrict-prototypes]
   85 | FNALIAS(__cmpdf2, __ledf2);
      | ^~~~~~~
 CC       addsf3.o
 CC       subsf3.o
 CC       mulsf3.o
 CC       divsf3.o
 CC       extendsfdf2.o
 CC       truncdfsf2.o
 CC       lshrdi3.o
 CC       muldi3.o
 CC       divdi3.o
 CC       ashldi3.o
 CC       ashrdi3.o
 CC       udivmoddi4.o
 CC       floatsisf.o
 CC       floatunsisf.o
 CC       fixsfsi.o
 CC       fixdfdi.o
 CC       fixunssfsi.o
 CC       fixunsdfdi.o
 CC       adddf3.o
 CC       subdf3.o
 CC       muldf3.o
 CC       divdf3.o
 CC       floatsidf.o
 CC       floatunsidf.o
 CC       floatdidf.o
 CC       fixdfsi.o
 CC       fixunsdfsi.o
 CC       clzsi2.o
 CC       ctzsi2.o
 CC       clzdi2.o
 CC       ctzdi2.o
 CC       udivdi3.o
 CC       umoddi3.o
 CC       moddi3.o
 CC       ucmpdi2.o
 CC       mulsi3.o
 AR       libcompiler_rt.a
make[1]: Leaving directory '/home/user/git/fpga/sipeedtangprimer20k-riscv/build/rtos-system-fit/20261006T222108.353939Z/candidates/candidate-2-pinned-lite-no-l2/attempts/rom16k/soc/software/libcompiler_rt'
make[1]: Entering directory '/home/user/git/fpga/sipeedtangprimer20k-riscv/build/rtos-system-fit/20261006T222108.353939Z/candidates/candidate-2-pinned-lite-no-l2/attempts/rom16k/soc/software/libbase'
 CC       crc16.o
 CC       crc32.o
 CC       console.o
 CC       format.o
 CC       parse.o
 CC       timeout.o
 CC       system.o
 CC       progress.o
 CC       memtest.o
 CC       uart.o
 CC       startup.o
 CC       spiflash.o
 CC       isr.o
 CC       i2c.o
 CC       hyperram.o
 AR       libbase.a
make[1]: Leaving directory '/home/user/git/fpga/sipeedtangprimer20k-riscv/build/rtos-system-fit/20261006T222108.353939Z/candidates/candidate-2-pinned-lite-no-l2/attempts/rom16k/soc/software/libbase'
make[1]: Entering directory '/home/user/git/fpga/sipeedtangprimer20k-riscv/build/rtos-system-fit/20261006T222108.353939Z/candidates/candidate-2-pinned-lite-no-l2/attempts/rom16k/soc/software/liblitedram'
 CC       sdram.o
 CC       bist.o
 CC       sdram_dbg.o
 CC       sdram_spd.o
 CC       utils.o
 CC       accessors.o
 AR       liblitedram.a
make[1]: Leaving directory '/home/user/git/fpga/sipeedtangprimer20k-riscv/build/rtos-system-fit/20261006T222108.353939Z/candidates/candidate-2-pinned-lite-no-l2/attempts/rom16k/soc/software/liblitedram'
make[1]: Entering directory '/home/user/git/fpga/sipeedtangprimer20k-riscv/build/rtos-system-fit/20261006T222108.353939Z/candidates/candidate-2-pinned-lite-no-l2/attempts/rom16k/soc/software/bios'
 CC       crt0.o
 CC       boot-helper.o
 CC       helpers.o
 CC       boot.o
 CC       rtos_main.o
 CC       bios.elf
/home/user/git/fpga/sipeedtangprimer20k-riscv/.tools/riscv-gcc/xpack-riscv-none-elf-gcc-15.2.0-1/bin/../lib/gcc/riscv-none-elf/15.2.0/../../../../riscv-none-elf/bin/ld: warning: bios.elf has a LOAD segment with RWX permissions
 OBJCOPY  bios.bin
chmod -x bios.bin
python3 -m litex.soc.software.crcfbigen bios.bin --little
python3 -m litex.soc.software.memusage --fail-stack-margin 2048 bios.elf /home/user/git/fpga/sipeedtangprimer20k-riscv/build/rtos-system-fit/20261006T222108.353939Z/candidates/candidate-2-pinned-lite-no-l2/attempts/rom16k/soc/software/bios/../include/generated/regions.ld riscv-none-elf

ROM usage: 13.22KiB 	(82.62%)
SRAM usage: 0.33KiB 	(8.20%)
  .data: 0.02KiB
  .bss: 0.30KiB
  stack margin: 3.67KiB

make[1]: Leaving directory '/home/user/git/fpga/sipeedtangprimer20k-riscv/build/rtos-system-fit/20261006T222108.353939Z/candidates/candidate-2-pinned-lite-no-l2/attempts/rom16k/soc/software/bios'
--- Logging error ---
Traceback (most recent call last):
  File "/home/user/git/fpga/sipeedtangprimer20k-riscv/.tools/python-3.12/python/lib/python3.12/logging/__init__.py", line 1163, in emit
    stream.write(msg + self.terminator)
ValueError: I/O operation on closed file.
Call stack:
  File "/home/user/git/fpga/sipeedtangprimer20k-riscv/scripts/rtos_system_fit.py", line 870, in <module>
    raise SystemExit(main())
  File "/home/user/git/fpga/sipeedtangprimer20k-riscv/scripts/rtos_system_fit.py", line 860, in main
    report = run_study()
  File "/home/user/git/fpga/sipeedtangprimer20k-riscv/scripts/rtos_system_fit.py", line 791, in run_study
    selected, attempts = try_candidate(candidate, cpu, candidate_dir / "attempts")
  File "/home/user/git/fpga/sipeedtangprimer20k-riscv/scripts/rtos_system_fit.py", line 603, in try_candidate
    attempt = build_attempt(
  File "/home/user/git/fpga/sipeedtangprimer20k-riscv/scripts/rtos_system_fit.py", line 532, in build_attempt
    common._capture_build(builder, build_name)
  File "/home/user/git/fpga/sipeedtangprimer20k-riscv/scripts/system_fit.py", line 646, in _capture_build
    builder.build(run=True, build_name=build_name, hierarchical=True)
  File "/home/user/git/fpga/sipeedtangprimer20k-riscv/.deps/litex/litex/soc/integration/builder.py", line 521, in build
    return self._build(**kwargs)
  File "/home/user/git/fpga/sipeedtangprimer20k-riscv/.deps/litex/litex/soc/integration/builder.py", line 604, in _build
    self._initialize_rom_software()
  File "/home/user/git/fpga/sipeedtangprimer20k-riscv/.deps/litex/litex/soc/integration/builder.py", line 440, in _initialize_rom_software
    self.soc.init_rom(
  File "/home/user/git/fpga/sipeedtangprimer20k-riscv/.deps/litex/litex/soc/integration/soc.py", line 1600, in init_rom
    self.init_ram(name, contents, auto_size)
  File "/home/user/git/fpga/sipeedtangprimer20k-riscv/.deps/litex/litex/soc/integration/soc.py", line 1579, in init_ram
    self.logger.info("Initializing {} {} with contents (Size: {}).".format(
Message: 'Initializing ROM \x1b[1mrom\x1b[0m with contents (Size: \x1b[1m0x34e4\x1b[0m).'
Arguments: ()
--- Logging error ---
Traceback (most recent call last):
  File "/home/user/git/fpga/sipeedtangprimer20k-riscv/.tools/python-3.12/python/lib/python3.12/logging/__init__.py", line 1163, in emit
    stream.write(msg + self.terminator)
ValueError: I/O operation on closed file.
Call stack:
  File "/home/user/git/fpga/sipeedtangprimer20k-riscv/scripts/rtos_system_fit.py", line 870, in <module>
    raise SystemExit(main())
  File "/home/user/git/fpga/sipeedtangprimer20k-riscv/scripts/rtos_system_fit.py", line 860, in main
    report = run_study()
  File "/home/user/git/fpga/sipeedtangprimer20k-riscv/scripts/rtos_system_fit.py", line 791, in run_study
    selected, attempts = try_candidate(candidate, cpu, candidate_dir / "attempts")
  File "/home/user/git/fpga/sipeedtangprimer20k-riscv/scripts/rtos_system_fit.py", line 603, in try_candidate
    attempt = build_attempt(
  File "/home/user/git/fpga/sipeedtangprimer20k-riscv/scripts/rtos_system_fit.py", line 532, in build_attempt
    common._capture_build(builder, build_name)
  File "/home/user/git/fpga/sipeedtangprimer20k-riscv/scripts/system_fit.py", line 646, in _capture_build
    builder.build(run=True, build_name=build_name, hierarchical=True)
  File "/home/user/git/fpga/sipeedtangprimer20k-riscv/.deps/litex/litex/soc/integration/builder.py", line 521, in build
    return self._build(**kwargs)
  File "/home/user/git/fpga/sipeedtangprimer20k-riscv/.deps/litex/litex/soc/integration/builder.py", line 604, in _build
    self._initialize_rom_software()
  File "/home/user/git/fpga/sipeedtangprimer20k-riscv/.deps/litex/litex/soc/integration/builder.py", line 440, in _initialize_rom_software
    self.soc.init_rom(
  File "/home/user/git/fpga/sipeedtangprimer20k-riscv/.deps/litex/litex/soc/integration/soc.py", line 1600, in init_rom
    self.init_ram(name, contents, auto_size)
  File "/home/user/git/fpga/sipeedtangprimer20k-riscv/.deps/litex/litex/soc/integration/soc.py", line 1588, in init_ram
    self.logger.info("Auto-Resizing {} {} from {} to {}.".format(
Message: 'Auto-Resizing ROM \x1b[1mrom\x1b[0m from \x1b[1m0x4000\x1b[0m to \x1b[1m0x34e4\x1b[0m.'
Arguments: ()
*** GOWIN Tcl Command Line Console  *** 
current device: GW2A-18C  GW2A-LV18PG256C8/I7
add new file: "rtos_fit_candidate_2_pinned_lite_no_l2.cst"
add new file: "rtos_fit_candidate_2_pinned_lite_no_l2.sdc"
add new file: "/home/user/git/fpga/sipeedtangprimer20k-riscv/.deps/pythondata-cpu-vexriscv/pythondata_cpu_vexriscv/verilog/VexRiscv_Lite.v"
add new file: "/home/user/git/fpga/sipeedtangprimer20k-riscv/build/rtos-system-fit/20261006T222108.353939Z/candidates/candidate-2-pinned-lite-no-l2/attempts/rom16k/soc/gateware/rtos_fit_candidate_2_pinned_lite_no_l2.v"
GowinSynthesis start
Running parser ...
Analyzing Verilog file '/home/user/git/fpga/sipeedtangprimer20k-riscv/.deps/pythondata-cpu-vexriscv/pythondata_cpu_vexriscv/verilog/VexRiscv_Lite.v'
Analyzing Verilog file '/home/user/git/fpga/sipeedtangprimer20k-riscv/build/rtos-system-fit/20261006T222108.353939Z/candidates/candidate-2-pinned-lite-no-l2/attempts/rom16k/soc/gateware/rtos_fit_candidate_2_pinned_lite_no_l2.v'
Compiling module 'rtos_fit_candidate_2_pinned_lite_no_l2'("/home/user/git/fpga/sipeedtangprimer20k-riscv/build/rtos-system-fit/20261006T222108.353939Z/candidates/candidate-2-pinned-lite-no-l2/attempts/rom16k/soc/gateware/rtos_fit_candidate_2_pinned_lite_no_l2.v":38670)
WARN  (EX3780) : Using initial value of 'por_rst' since it is never assigned("/home/user/git/fpga/sipeedtangprimer20k-riscv/build/rtos-system-fit/20261006T222108.353939Z/candidates/candidate-2-pinned-lite-no-l2/attempts/rom16k/soc/gateware/rtos_fit_candidate_2_pinned_lite_no_l2.v":39195)
WARN  (EX3780) : Using initial value of 'rtossystemfitsoc_vexriscv' since it is never assigned("/home/user/git/fpga/sipeedtangprimer20k-riscv/build/rtos-system-fit/20261006T222108.353939Z/candidates/candidate-2-pinned-lite-no-l2/attempts/rom16k/soc/gateware/rtos_fit_candidate_2_pinned_lite_no_l2.v":39424)
Compiling module 'rtos_fit_candidate_2_pinned_lite_no_l2__bus'("/home/user/git/fpga/sipeedtangprimer20k-riscv/build/rtos-system-fit/20261006T222108.353939Z/candidates/candidate-2-pinned-lite-no-l2/attempts/rom16k/soc/gateware/rtos_fit_candidate_2_pinned_lite_no_l2.v":1296)
Compiling module 'rtos_fit_candidate_2_pinned_lite_no_l2__bus___interconnect'("/home/user/git/fpga/sipeedtangprimer20k-riscv/build/rtos-system-fit/20261006T222108.353939Z/candidates/candidate-2-pinned-lite-no-l2/attempts/rom16k/soc/gateware/rtos_fit_candidate_2_pinned_lite_no_l2.v":965)
Compiling module 'rtos_fit_candidate_2_pinned_lite_no_l2__bus___interconnect__arbiter'("/home/user/git/fpga/sipeedtangprimer20k-riscv/build/rtos-system-fit/20261006T222108.353939Z/candidates/candidate-2-pinned-lite-no-l2/attempts/rom16k/soc/gateware/rtos_fit_candidate_2_pinned_lite_no_l2.v":699)
Compiling module 'rtos_fit_candidate_2_pinned_lite_no_l2__bus___interconnect__arbiter__rr'("/home/user/git/fpga/sipeedtangprimer20k-riscv/build/rtos-system-fit/20261006T222108.353939Z/candidates/candidate-2-pinned-lite-no-l2/attempts/rom16k/soc/gateware/rtos_fit_candidate_2_pinned_lite_no_l2.v":592)
Compiling module 'rtos_fit_candidate_2_pinned_lite_no_l2__csr'("/home/user/git/fpga/sipeedtangprimer20k-riscv/build/rtos-system-fit/20261006T222108.353939Z/candidates/candidate-2-pinned-lite-no-l2/attempts/rom16k/soc/gateware/rtos_fit_candidate_2_pinned_lite_no_l2.v":1612)
Compiling module 'rtos_fit_candidate_2_pinned_lite_no_l2__irq'("/home/user/git/fpga/sipeedtangprimer20k-riscv/build/rtos-system-fit/20261006T222108.353939Z/candidates/candidate-2-pinned-lite-no-l2/attempts/rom16k/soc/gateware/rtos_fit_candidate_2_pinned_lite_no_l2.v":1648)
Compiling module 'rtos_fit_candidate_2_pinned_lite_no_l2__rom'("/home/user/git/fpga/sipeedtangprimer20k-riscv/build/rtos-system-fit/20261006T222108.353939Z/candidates/candidate-2-pinned-lite-no-l2/attempts/rom16k/soc/gateware/rtos_fit_candidate_2_pinned_lite_no_l2.v":1684)
Extracting RAM for identifier 'rom'("/home/user/git/fpga/sipeedtangprimer20k-riscv/build/rtos-system-fit/20261006T222108.353939Z/candidates/candidate-2-pinned-lite-no-l2/attempts/rom16k/soc/gateware/rtos_fit_candidate_2_pinned_lite_no_l2.v":1739)
Compiling module 'rtos_fit_candidate_2_pinned_lite_no_l2__sram'("/home/user/git/fpga/sipeedtangprimer20k-riscv/build/rtos-system-fit/20261006T222108.353939Z/candidates/candidate-2-pinned-lite-no-l2/attempts/rom16k/soc/gateware/rtos_fit_candidate_2_pinned_lite_no_l2.v":1756)
WARN  (EX3780) : Using initial value of 'rtossystemfitsoc_ram_adr_burst' since it is never assigned("/home/user/git/fpga/sipeedtangprimer20k-riscv/build/rtos-system-fit/20261006T222108.353939Z/candidates/candidate-2-pinned-lite-no-l2/attempts/rom16k/soc/gateware/rtos_fit_candidate_2_pinned_lite_no_l2.v":1775)
Extracting RAM for identifier 'sram'("/home/user/git/fpga/sipeedtangprimer20k-riscv/build/rtos-system-fit/20261006T222108.353939Z/candidates/candidate-2-pinned-lite-no-l2/attempts/rom16k/soc/gateware/rtos_fit_candidate_2_pinned_lite_no_l2.v":1824)
Compiling module 'rtos_fit_candidate_2_pinned_lite_no_l2__identifier'("/home/user/git/fpga/sipeedtangprimer20k-riscv/build/rtos-system-fit/20261006T222108.353939Z/candidates/candidate-2-pinned-lite-no-l2/attempts/rom16k/soc/gateware/rtos_fit_candidate_2_pinned_lite_no_l2.v":1845)
Extracting RAM for identifier 'mem'("/home/user/git/fpga/sipeedtangprimer20k-riscv/build/rtos-system-fit/20261006T222108.353939Z/candidates/candidate-2-pinned-lite-no-l2/attempts/rom16k/soc/gateware/rtos_fit_candidate_2_pinned_lite_no_l2.v":1881)
Compiling module 'rtos_fit_candidate_2_pinned_lite_no_l2__uart'("/home/user/git/fpga/sipeedtangprimer20k-riscv/build/rtos-system-fit/20261006T222108.353939Z/candidates/candidate-2-pinned-lite-no-l2/attempts/rom16k/soc/gateware/rtos_fit_candidate_2_pinned_lite_no_l2.v":2679)
WARN  (EX3780) : Using initial value of 'rtossystemfitsoc_uart_core_rx_fifo_replace' since it is never assigned("/home/user/git/fpga/sipeedtangprimer20k-riscv/build/rtos-system-fit/20261006T222108.353939Z/candidates/candidate-2-pinned-lite-no-l2/attempts/rom16k/soc/gateware/rtos_fit_candidate_2_pinned_lite_no_l2.v":2750)
WARN  (EX3780) : Using initial value of 'rtossystemfitsoc_uart_core_tx_fifo_replace' since it is never assigned("/home/user/git/fpga/sipeedtangprimer20k-riscv/build/rtos-system-fit/20261006T222108.353939Z/candidates/candidate-2-pinned-lite-no-l2/attempts/rom16k/soc/gateware/rtos_fit_candidate_2_pinned_lite_no_l2.v":2790)
WARN  (EX3780) : Using initial value of 'rtossystemfitsoc_uart_core_tx_fifo_sink_first' since it is never assigned("/home/user/git/fpga/sipeedtangprimer20k-riscv/build/rtos-system-fit/20261006T222108.353939Z/candidates/candidate-2-pinned-lite-no-l2/attempts/rom16k/soc/gateware/rtos_fit_candidate_2_pinned_lite_no_l2.v":2791)
WARN  (EX3780) : Using initial value of 'rtossystemfitsoc_uart_core_tx_fifo_sink_last' since it is never assigned("/home/user/git/fpga/sipeedtangprimer20k-riscv/build/rtos-system-fit/20261006T222108.353939Z/candidates/candidate-2-pinned-lite-no-l2/attempts/rom16k/soc/gateware/rtos_fit_candidate_2_pinned_lite_no_l2.v":2792)
Extracting RAM for identifier 'storage'("/home/user/git/fpga/sipeedtangprimer20k-riscv/build/rtos-system-fit/20261006T222108.353939Z/candidates/candidate-2-pinned-lite-no-l2/attempts/rom16k/soc/gateware/rtos_fit_candidate_2_pinned_lite_no_l2.v":3044)
Extracting RAM for identifier 'storage_1'("/home/user/git/fpga/sipeedtangprimer20k-riscv/build/rtos-system-fit/20261006T222108.353939Z/candidates/candidate-2-pinned-lite-no-l2/attempts/rom16k/soc/gateware/rtos_fit_candidate_2_pinned_lite_no_l2.v":3063)
Compiling module 'rtos_fit_candidate_2_pinned_lite_no_l2__uart__ev'("/home/user/git/fpga/sipeedtangprimer20k-riscv/build/rtos-system-fit/20261006T222108.353939Z/candidates/candidate-2-pinned-lite-no-l2/attempts/rom16k/soc/gateware/rtos_fit_candidate_2_pinned_lite_no_l2.v":1978)
Compiling module 'rtos_fit_candidate_2_pinned_lite_no_l2__uart__ev__eventsourcelevel_0'("/home/user/git/fpga/sipeedtangprimer20k-riscv/build/rtos-system-fit/20261006T222108.353939Z/candidates/candidate-2-pinned-lite-no-l2/attempts/rom16k/soc/gateware/rtos_fit_candidate_2_pinned_lite_no_l2.v":1898)
Compiling module 'rtos_fit_candidate_2_pinned_lite_no_l2__uart__ev__eventsourcelevel_1'("/home/user/git/fpga/sipeedtangprimer20k-riscv/build/rtos-system-fit/20261006T222108.353939Z/candidates/candidate-2-pinned-lite-no-l2/attempts/rom16k/soc/gateware/rtos_fit_candidate_2_pinned_lite_no_l2.v":1938)
Compiling module 'rtos_fit_candidate_2_pinned_lite_no_l2__uart__phy'("/home/user/git/fpga/sipeedtangprimer20k-riscv/build/rtos-system-fit/20261006T222108.353939Z/candidates/candidate-2-pinned-lite-no-l2/attempts/rom16k/soc/gateware/rtos_fit_candidate_2_pinned_lite_no_l2.v":2557)
Compiling module 'rtos_fit_candidate_2_pinned_lite_no_l2__uart__phy__tx'("/home/user/git/fpga/sipeedtangprimer20k-riscv/build/rtos-system-fit/20261006T222108.353939Z/candidates/candidate-2-pinned-lite-no-l2/attempts/rom16k/soc/gateware/rtos_fit_candidate_2_pinned_lite_no_l2.v":2220)
Compiling module 'rtos_fit_candidate_2_pinned_lite_no_l2__uart__phy__tx__clk_phase_accum'("/home/user/git/fpga/sipeedtangprimer20k-riscv/build/rtos-system-fit/20261006T222108.353939Z/candidates/candidate-2-pinned-lite-no-l2/attempts/rom16k/soc/gateware/rtos_fit_candidate_2_pinned_lite_no_l2.v":2058)
Compiling module 'rtos_fit_candidate_2_pinned_lite_no_l2__uart__phy__tx__fsm'("/home/user/git/fpga/sipeedtangprimer20k-riscv/build/rtos-system-fit/20261006T222108.353939Z/candidates/candidate-2-pinned-lite-no-l2/attempts/rom16k/soc/gateware/rtos_fit_candidate_2_pinned_lite_no_l2.v":2108)
Compiling module 'rtos_fit_candidate_2_pinned_lite_no_l2__uart__phy__rx'("/home/user/git/fpga/sipeedtangprimer20k-riscv/build/rtos-system-fit/20261006T222108.353939Z/candidates/candidate-2-pinned-lite-no-l2/attempts/rom16k/soc/gateware/rtos_fit_candidate_2_pinned_lite_no_l2.v":2460)
Compiling module 'rtos_fit_candidate_2_pinned_lite_no_l2__uart__phy__rx__clk_phase_accum'("/home/user/git/fpga/sipeedtangprimer20k-riscv/build/rtos-system-fit/20261006T222108.353939Z/candidates/candidate-2-pinned-lite-no-l2/attempts/rom16k/soc/gateware/rtos_fit_candidate_2_pinned_lite_no_l2.v":2302)
Compiling module 'rtos_fit_candidate_2_pinned_lite_no_l2__uart__phy__rx__fsm'("/home/user/git/fpga/sipeedtangprimer20k-riscv/build/rtos-system-fit/20261006T222108.353939Z/candidates/candidate-2-pinned-lite-no-l2/attempts/rom16k/soc/gateware/rtos_fit_candidate_2_pinned_lite_no_l2.v":2352)
Compiling module 'rtos_fit_candidate_2_pinned_lite_no_l2__timer0'("/home/user/git/fpga/sipeedtangprimer20k-riscv/build/rtos-system-fit/20261006T222108.353939Z/candidates/candidate-2-pinned-lite-no-l2/attempts/rom16k/soc/gateware/rtos_fit_candidate_2_pinned_lite_no_l2.v":3208)
Compiling module 'rtos_fit_candidate_2_pinned_lite_no_l2__timer0__ev'("/home/user/git/fpga/sipeedtangprimer20k-riscv/build/rtos-system-fit/20261006T222108.353939Z/candidates/candidate-2-pinned-lite-no-l2/attempts/rom16k/soc/gateware/rtos_fit_candidate_2_pinned_lite_no_l2.v":3140)
Compiling module 'rtos_fit_candidate_2_pinned_lite_no_l2__timer0__ev__eventsourceprocess_0'("/home/user/git/fpga/sipeedtangprimer20k-riscv/build/rtos-system-fit/20261006T222108.353939Z/candidates/candidate-2-pinned-lite-no-l2/attempts/rom16k/soc/gateware/rtos_fit_candidate_2_pinned_lite_no_l2.v":3083)
Compiling module 'rtos_fit_candidate_2_pinned_lite_no_l2__ddrphy'("/home/user/git/fpga/sipeedtangprimer20k-riscv/build/rtos-system-fit/20261006T222108.353939Z/candidates/candidate-2-pinned-lite-no-l2/attempts/rom16k/soc/gateware/rtos_fit_candidate_2_pinned_lite_no_l2.v":4783)
Compiling module 'rtos_fit_candidate_2_pinned_lite_no_l2__ddrphy__init'("/home/user/git/fpga/sipeedtangprimer20k-riscv/build/rtos-system-fit/20261006T222108.353939Z/candidates/candidate-2-pinned-lite-no-l2/attempts/rom16k/soc/gateware/rtos_fit_candidate_2_pinned_lite_no_l2.v":3308)
Compiling module 'rtos_fit_candidate_2_pinned_lite_no_l2__ddrphy__bitslip_0'("/home/user/git/fpga/sipeedtangprimer20k-riscv/build/rtos-system-fit/20261006T222108.353939Z/candidates/candidate-2-pinned-lite-no-l2/attempts/rom16k/soc/gateware/rtos_fit_candidate_2_pinned_lite_no_l2.v":3460)
Compiling module 'rtos_fit_candidate_2_pinned_lite_no_l2__ddrphy__bitslip_1'("/home/user/git/fpga/sipeedtangprimer20k-riscv/build/rtos-system-fit/20261006T222108.353939Z/candidates/candidate-2-pinned-lite-no-l2/attempts/rom16k/soc/gateware/rtos_fit_candidate_2_pinned_lite_no_l2.v":3534)
Compiling module 'rtos_fit_candidate_2_pinned_lite_no_l2__ddrphy__bitslip_2'("/home/user/git/fpga/sipeedtangprimer20k-riscv/build/rtos-system-fit/20261006T222108.353939Z/candidates/candidate-2-pinned-lite-no-l2/attempts/rom16k/soc/gateware/rtos_fit_candidate_2_pinned_lite_no_l2.v":3608)
Compiling module 'rtos_fit_candidate_2_pinned_lite_no_l2__ddrphy__bitslip_3'("/home/user/git/fpga/sipeedtangprimer20k-riscv/build/rtos-system-fit/20261006T222108.353939Z/candidates/candidate-2-pinned-lite-no-l2/attempts/rom16k/soc/gateware/rtos_fit_candidate_2_pinned_lite_no_l2.v":3682)
Compiling module 'rtos_fit_candidate_2_pinned_lite_no_l2__ddrphy__bitslip_4'("/home/user/git/fpga/sipeedtangprimer20k-riscv/build/rtos-system-fit/20261006T222108.353939Z/candidates/candidate-2-pinned-lite-no-l2/attempts/rom16k/soc/gateware/rtos_fit_candidate_2_pinned_lite_no_l2.v":3756)
Compiling module 'rtos_fit_candidate_2_pinned_lite_no_l2__ddrphy__bitslip_5'("/home/user/git/fpga/sipeedtangprimer20k-riscv/build/rtos-system-fit/20261006T222108.353939Z/candidates/candidate-2-pinned-lite-no-l2/attempts/rom16k/soc/gateware/rtos_fit_candidate_2_pinned_lite_no_l2.v":3830)
Compiling module 'rtos_fit_candidate_2_pinned_lite_no_l2__ddrphy__bitslip_6'("/home/user/git/fpga/sipeedtangprimer20k-riscv/build/rtos-system-fit/20261006T222108.353939Z/candidates/candidate-2-pinned-lite-no-l2/attempts/rom16k/soc/gateware/rtos_fit_candidate_2_pinned_lite_no_l2.v":3904)
Compiling module 'rtos_fit_candidate_2_pinned_lite_no_l2__ddrphy__bitslip_7'("/home/user/git/fpga/sipeedtangprimer20k-riscv/build/rtos-system-fit/20261006T222108.353939Z/candidates/candidate-2-pinned-lite-no-l2/attempts/rom16k/soc/gateware/rtos_fit_candidate_2_pinned_lite_no_l2.v":3978)
Compiling module 'rtos_fit_candidate_2_pinned_lite_no_l2__ddrphy__bitslip_8'("/home/user/git/fpga/sipeedtangprimer20k-riscv/build/rtos-system-fit/20261006T222108.353939Z/candidates/candidate-2-pinned-lite-no-l2/attempts/rom16k/soc/gateware/rtos_fit_candidate_2_pinned_lite_no_l2.v":4052)
Compiling module 'rtos_fit_candidate_2_pinned_lite_no_l2__ddrphy__bitslip_9'("/home/user/git/fpga/sipeedtangprimer20k-riscv/build/rtos-system-fit/20261006T222108.353939Z/candidates/candidate-2-pinned-lite-no-l2/attempts/rom16k/soc/gateware/rtos_fit_candidate_2_pinned_lite_no_l2.v":4126)
Compiling module 'rtos_fit_candidate_2_pinned_lite_no_l2__ddrphy__bitslip_10'("/home/user/git/fpga/sipeedtangprimer20k-riscv/build/rtos-system-fit/20261006T222108.353939Z/candidates/candidate-2-pinned-lite-no-l2/attempts/rom16k/soc/gateware/rtos_fit_candidate_2_pinned_lite_no_l2.v":4200)
Compiling module 'rtos_fit_candidate_2_pinned_lite_no_l2__ddrphy__bitslip_11'("/home/user/git/fpga/sipeedtangprimer20k-riscv/build/rtos-system-fit/20261006T222108.353939Z/candidates/candidate-2-pinned-lite-no-l2/attempts/rom16k/soc/gateware/rtos_fit_candidate_2_pinned_lite_no_l2.v":4274)
Compiling module 'rtos_fit_candidate_2_pinned_lite_no_l2__ddrphy__bitslip_12'("/home/user/git/fpga/sipeedtangprimer20k-riscv/build/rtos-system-fit/20261006T222108.353939Z/candidates/candidate-2-pinned-lite-no-l2/attempts/rom16k/soc/gateware/rtos_fit_candidate_2_pinned_lite_no_l2.v":4348)
Compiling module 'rtos_fit_candidate_2_pinned_lite_no_l2__ddrphy__bitslip_13'("/home/user/git/fpga/sipeedtangprimer20k-riscv/build/rtos-system-fit/20261006T222108.353939Z/candidates/candidate-2-pinned-lite-no-l2/attempts/rom16k/soc/gateware/rtos_fit_candidate_2_pinned_lite_no_l2.v":4422)
Compiling module 'rtos_fit_candidate_2_pinned_lite_no_l2__ddrphy__bitslip_14'("/home/user/git/fpga/sipeedtangprimer20k-riscv/build/rtos-system-fit/20261006T222108.353939Z/candidates/candidate-2-pinned-lite-no-l2/attempts/rom16k/soc/gateware/rtos_fit_candidate_2_pinned_lite_no_l2.v":4496)
Compiling module 'rtos_fit_candidate_2_pinned_lite_no_l2__ddrphy__bitslip_15'("/home/user/git/fpga/sipeedtangprimer20k-riscv/build/rtos-system-fit/20261006T222108.353939Z/candidates/candidate-2-pinned-lite-no-l2/attempts/rom16k/soc/gateware/rtos_fit_candidate_2_pinned_lite_no_l2.v":4570)
Compiling module 'rtos_fit_candidate_2_pinned_lite_no_l2__ddrphy__tappeddelayline_0'("/home/user/git/fpga/sipeedtangprimer20k-riscv/build/rtos-system-fit/20261006T222108.353939Z/candidates/candidate-2-pinned-lite-no-l2/attempts/rom16k/soc/gateware/rtos_fit_candidate_2_pinned_lite_no_l2.v":4644)
Compiling module 'rtos_fit_candidate_2_pinned_lite_no_l2__ddrphy__tappeddelayline_1'("/home/user/git/fpga/sipeedtangprimer20k-riscv/build/rtos-system-fit/20261006T222108.353939Z/candidates/candidate-2-pinned-lite-no-l2/attempts/rom16k/soc/gateware/rtos_fit_candidate_2_pinned_lite_no_l2.v":4721)
WARN  (EX3670) : Actual bit length 2 differs from formal bit length 3 for port 'RCLKSEL'("/home/user/git/fpga/sipeedtangprimer20k-riscv/build/rtos-system-fit/20261006T222108.353939Z/candidates/candidate-2-pinned-lite-no-l2/attempts/rom16k/soc/gateware/rtos_fit_candidate_2_pinned_lite_no_l2.v":7098)
WARN  (EX3670) : Actual bit length 2 differs from formal bit length 3 for port 'RCLKSEL'("/home/user/git/fpga/sipeedtangprimer20k-riscv/build/rtos-system-fit/20261006T222108.353939Z/candidates/candidate-2-pinned-lite-no-l2/attempts/rom16k/soc/gateware/rtos_fit_candidate_2_pinned_lite_no_l2.v":7688)
Compiling module 'rtos_fit_candidate_2_pinned_lite_no_l2__sdram'("/home/user/git/fpga/sipeedtangprimer20k-riscv/build/rtos-system-fit/20261006T222108.353939Z/candidates/candidate-2-pinned-lite-no-l2/attempts/rom16k/soc/gateware/rtos_fit_candidate_2_pinned_lite_no_l2.v":9014)
WARN  (EX3780) : Using initial value of 'rtossystemfitsoc_sdram_bankmachine0_replace' since it is never assigned("/home/user/git/fpga/sipeedtangprimer20k-riscv/build/rtos-system-fit/20261006T222108.353939Z/candidates/candidate-2-pinned-lite-no-l2/attempts/rom16k/soc/gateware/rtos_fit_candidate_2_pinned_lite_no_l2.v":9210)
WARN  (EX3780) : Using initial value of 'rtossystemfitsoc_sdram_bankmachine0_sink_first' since it is never assigned("/home/user/git/fpga/sipeedtangprimer20k-riscv/build/rtos-system-fit/20261006T222108.353939Z/candidates/candidate-2-pinned-lite-no-l2/attempts/rom16k/soc/gateware/rtos_fit_candidate_2_pinned_lite_no_l2.v":9224)
WARN  (EX3780) : Using initial value of 'rtossystemfitsoc_sdram_bankmachine0_sink_last' since it is never assigned("/home/user/git/fpga/sipeedtangprimer20k-riscv/build/rtos-system-fit/20261006T222108.353939Z/candidates/candidate-2-pinned-lite-no-l2/attempts/rom16k/soc/gateware/rtos_fit_candidate_2_pinned_lite_no_l2.v":9225)
WARN  (EX3780) : Using initial value of 'rtossystemfitsoc_sdram_bankmachine1_replace' since it is never assigned("/home/user/git/fpga/sipeedtangprimer20k-riscv/build/rtos-system-fit/20261006T222108.353939Z/candidates/candidate-2-pinned-lite-no-l2/attempts/rom16k/soc/gateware/rtos_fit_candidate_2_pinned_lite_no_l2.v":9305)
WARN  (EX3780) : Using initial value of 'rtossystemfitsoc_sdram_bankmachine1_sink_first' since it is never assigned("/home/user/git/fpga/sipeedtangprimer20k-riscv/build/rtos-system-fit/20261006T222108.353939Z/candidates/candidate-2-pinned-lite-no-l2/attempts/rom16k/soc/gateware/rtos_fit_candidate_2_pinned_lite_no_l2.v":9319)
WARN  (EX3780) : Using initial value of 'rtossystemfitsoc_sdram_bankmachine1_sink_last' since it is never assigned("/home/user/git/fpga/sipeedtangprimer20k-riscv/build/rtos-system-fit/20261006T222108.353939Z/candidates/candidate-2-pinned-lite-no-l2/attempts/rom16k/soc/gateware/rtos_fit_candidate_2_pinned_lite_no_l2.v":9320)
WARN  (EX3780) : Using initial value of 'rtossystemfitsoc_sdram_bankmachine2_replace' since it is never assigned("/home/user/git/fpga/sipeedtangprimer20k-riscv/build/rtos-system-fit/20261006T222108.353939Z/candidates/candidate-2-pinned-lite-no-l2/attempts/rom16k/soc/gateware/rtos_fit_candidate_2_pinned_lite_no_l2.v":9400)
WARN  (EX3780) : Using initial value of 'rtossystemfitsoc_sdram_bankmachine2_sink_first' since it is never assigned("/home/user/git/fpga/sipeedtangprimer20k-riscv/build/rtos-system-fit/20261006T222108.353939Z/candidates/candidate-2-pinned-lite-no-l2/attempts/rom16k/soc/gateware/rtos_fit_candidate_2_pinned_lite_no_l2.v":9414)
WARN  (EX3780) : Using initial value of 'rtossystemfitsoc_sdram_bankmachine2_sink_last' since it is never assigned("/home/user/git/fpga/sipeedtangprimer20k-riscv/build/rtos-system-fit/20261006T222108.353939Z/candidates/candidate-2-pinned-lite-no-l2/attempts/rom16k/soc/gateware/rtos_fit_candidate_2_pinned_lite_no_l2.v":9415)
WARN  (EX3780) : Using initial value of 'rtossystemfitsoc_sdram_bankmachine3_replace' since it is never assigned("/home/user/git/fpga/sipeedtangprimer20k-riscv/build/rtos-system-fit/20261006T222108.353939Z/candidates/candidate-2-pinned-lite-no-l2/attempts/rom16k/soc/gateware/rtos_fit_candidate_2_pinned_lite_no_l2.v":9495)
WARN  (EX3780) : Using initial value of 'rtossystemfitsoc_sdram_bankmachine3_sink_first' since it is never assigned("/home/user/git/fpga/sipeedtangprimer20k-riscv/build/rtos-system-fit/20261006T222108.353939Z/candidates/candidate-2-pinned-lite-no-l2/attempts/rom16k/soc/gateware/rtos_fit_candidate_2_pinned_lite_no_l2.v":9509)
WARN  (EX3780) : Using initial value of 'rtossystemfitsoc_sdram_bankmachine3_sink_last' since it is never assigned("/home/user/git/fpga/sipeedtangprimer20k-riscv/build/rtos-system-fit/20261006T222108.353939Z/candidates/candidate-2-pinned-lite-no-l2/attempts/rom16k/soc/gateware/rtos_fit_candidate_2_pinned_lite_no_l2.v":9510)
WARN  (EX3780) : Using initial value of 'rtossystemfitsoc_sdram_bankmachine4_replace' since it is never assigned("/home/user/git/fpga/sipeedtangprimer20k-riscv/build/rtos-system-fit/20261006T222108.353939Z/candidates/candidate-2-pinned-lite-no-l2/attempts/rom16k/soc/gateware/rtos_fit_candidate_2_pinned_lite_no_l2.v":9590)
WARN  (EX3780) : Using initial value of 'rtossystemfitsoc_sdram_bankmachine4_sink_first' since it is never assigned("/home/user/git/fpga/sipeedtangprimer20k-riscv/build/rtos-system-fit/20261006T222108.353939Z/candidates/candidate-2-pinned-lite-no-l2/attempts/rom16k/soc/gateware/rtos_fit_candidate_2_pinned_lite_no_l2.v":9604)
WARN  (EX3780) : Using initial value of 'rtossystemfitsoc_sdram_bankmachine4_sink_last' since it is never assigned("/home/user/git/fpga/sipeedtangprimer20k-riscv/build/rtos-system-fit/20261006T222108.353939Z/candidates/candidate-2-pinned-lite-no-l2/attempts/rom16k/soc/gateware/rtos_fit_candidate_2_pinned_lite_no_l2.v":9605)
WARN  (EX3780) : Using initial value of 'rtossystemfitsoc_sdram_bankmachine5_replace' since it is never assigned("/home/user/git/fpga/sipeedtangprimer20k-riscv/build/rtos-system-fit/20261006T222108.353939Z/candidates/candidate-2-pinned-lite-no-l2/attempts/rom16k/soc/gateware/rtos_fit_candidate_2_pinned_lite_no_l2.v":9685)
WARN  (EX3780) : Using initial value of 'rtossystemfitsoc_sdram_bankmachine5_sink_first' since it is never assigned("/home/user/git/fpga/sipeedtangprimer20k-riscv/build/rtos-system-fit/20261006T222108.353939Z/candidates/candidate-2-pinned-lite-no-l2/attempts/rom16k/soc/gateware/rtos_fit_candidate_2_pinned_lite_no_l2.v":9699)
WARN  (EX3780) : Using initial value of 'rtossystemfitsoc_sdram_bankmachine5_sink_last' since it is never assigned("/home/user/git/fpga/sipeedtangprimer20k-riscv/build/rtos-system-fit/20261006T222108.353939Z/candidates/candidate-2-pinned-lite-no-l2/attempts/rom16k/soc/gateware/rtos_fit_candidate_2_pinned_lite_no_l2.v":9700)
WARN  (EX3780) : Using initial value of 'rtossystemfitsoc_sdram_bankmachine6_replace' since it is never assigned("/home/user/git/fpga/sipeedtangprimer20k-riscv/build/rtos-system-fit/20261006T222108.353939Z/candidates/candidate-2-pinned-lite-no-l2/attempts/rom16k/soc/gateware/rtos_fit_candidate_2_pinned_lite_no_l2.v":9780)
WARN  (EX3780) : Using initial value of 'rtossystemfitsoc_sdram_bankmachine6_sink_first' since it is never assigned("/home/user/git/fpga/sipeedtangprimer20k-riscv/build/rtos-system-fit/20261006T222108.353939Z/candidates/candidate-2-pinned-lite-no-l2/attempts/rom16k/soc/gateware/rtos_fit_candidate_2_pinned_lite_no_l2.v":9794)
WARN  (EX3780) : Using initial value of 'rtossystemfitsoc_sdram_bankmachine6_sink_last' since it is never assigned("/home/user/git/fpga/sipeedtangprimer20k-riscv/build/rtos-system-fit/20261006T222108.353939Z/candidates/candidate-2-pinned-lite-no-l2/attempts/rom16k/soc/gateware/rtos_fit_candidate_2_pinned_lite_no_l2.v":9795)
WARN  (EX3780) : Using initial value of 'rtossystemfitsoc_sdram_bankmachine7_replace' since it is never assigned("/home/user/git/fpga/sipeedtangprimer20k-riscv/build/rtos-system-fit/20261006T222108.353939Z/candidates/candidate-2-pinned-lite-no-l2/attempts/rom16k/soc/gateware/rtos_fit_candidate_2_pinned_lite_no_l2.v":9875)
WARN  (EX3780) : Using initial value of 'rtossystemfitsoc_sdram_bankmachine7_sink_first' since it is never assigned("/home/user/git/fpga/sipeedtangprimer20k-riscv/build/rtos-system-fit/20261006T222108.353939Z/candidates/candidate-2-pinned-lite-no-l2/attempts/rom16k/soc/gateware/rtos_fit_candidate_2_pinned_lite_no_l2.v":9889)
WARN  (EX3780) : Using initial value of 'rtossystemfitsoc_sdram_bankmachine7_sink_last' since it is never assigned("/home/user/git/fpga/sipeedtangprimer20k-riscv/build/rtos-system-fit/20261006T222108.353939Z/candidates/candidate-2-pinned-lite-no-l2/attempts/rom16k/soc/gateware/rtos_fit_candidate_2_pinned_lite_no_l2.v":9890)
WARN  (EX3780) : Using initial value of 'rtossystemfitsoc_sdram_choose_cmd_want_cmds' since it is never assigned("/home/user/git/fpga/sipeedtangprimer20k-riscv/build/rtos-system-fit/20261006T222108.353939Z/candidates/candidate-2-pinned-lite-no-l2/attempts/rom16k/soc/gateware/rtos_fit_candidate_2_pinned_lite_no_l2.v":9947)
WARN  (EX3780) : Using initial value of 'rtossystemfitsoc_sdram_choose_cmd_want_reads' since it is never assigned("/home/user/git/fpga/sipeedtangprimer20k-riscv/build/rtos-system-fit/20261006T222108.353939Z/candidates/candidate-2-pinned-lite-no-l2/attempts/rom16k/soc/gateware/rtos_fit_candidate_2_pinned_lite_no_l2.v":9948)
WARN  (EX3780) : Using initial value of 'rtossystemfitsoc_sdram_choose_cmd_want_writes' since it is never assigned("/home/user/git/fpga/sipeedtangprimer20k-riscv/build/rtos-system-fit/20261006T222108.353939Z/candidates/candidate-2-pinned-lite-no-l2/attempts/rom16k/soc/gateware/rtos_fit_candidate_2_pinned_lite_no_l2.v":9949)
WARN  (EX3780) : Using initial value of 'rtossystemfitsoc_sdram_choose_req_want_activates' since it is never assigned("/home/user/git/fpga/sipeedtangprimer20k-riscv/build/rtos-system-fit/20261006T222108.353939Z/candidates/candidate-2-pinned-lite-no-l2/attempts/rom16k/soc/gateware/rtos_fit_candidate_2_pinned_lite_no_l2.v":9964)
WARN  (EX3780) : Using initial value of 'rtossystemfitsoc_sdram_choose_req_want_cmds' since it is never assigned("/home/user/git/fpga/sipeedtangprimer20k-riscv/build/rtos-system-fit/20261006T222108.353939Z/candidates/candidate-2-pinned-lite-no-l2/attempts/rom16k/soc/gateware/rtos_fit_candidate_2_pinned_lite_no_l2.v":9965)
WARN  (EX3780) : Using initial value of 'rtossystemfitsoc_sdram_cmd_payload_is_read' since it is never assigned("/home/user/git/fpga/sipeedtangprimer20k-riscv/build/rtos-system-fit/20261006T222108.353939Z/candidates/candidate-2-pinned-lite-no-l2/attempts/rom16k/soc/gateware/rtos_fit_candidate_2_pinned_lite_no_l2.v":9972)
WARN  (EX3780) : Using initial value of 'rtossystemfitsoc_sdram_cmd_payload_is_write' since it is never assigned("/home/user/git/fpga/sipeedtangprimer20k-riscv/build/rtos-system-fit/20261006T222108.353939Z/candidates/candidate-2-pinned-lite-no-l2/attempts/rom16k/soc/gateware/rtos_fit_candidate_2_pinned_lite_no_l2.v":9973)
WARN  (EX3780) : Using initial value of 'rtossystemfitsoc_sdram_csr_dfi_p0_act_n' since it is never assigned("/home/user/git/fpga/sipeedtangprimer20k-riscv/build/rtos-system-fit/20261006T222108.353939Z/candidates/candidate-2-pinned-lite-no-l2/attempts/rom16k/soc/gateware/rtos_fit_candidate_2_pinned_lite_no_l2.v":9978)
WARN  (EX3780) : Using initial value of 'rtossystemfitsoc_sdram_csr_dfi_p1_act_n' since it is never assigned("/home/user/git/fpga/sipeedtangprimer20k-riscv/build/rtos-system-fit/20261006T222108.353939Z/candidates/candidate-2-pinned-lite-no-l2/attempts/rom16k/soc/gateware/rtos_fit_candidate_2_pinned_lite_no_l2.v":9994)
WARN  (EX3780) : Using initial value of 'rtossystemfitsoc_sdram_dfi_p0_act_n' since it is never assigned("/home/user/git/fpga/sipeedtangprimer20k-riscv/build/rtos-system-fit/20261006T222108.353939Z/candidates/candidate-2-pinned-lite-no-l2/attempts/rom16k/soc/gateware/rtos_fit_candidate_2_pinned_lite_no_l2.v":10010)
WARN  (EX3780) : Using initial value of 'rtossystemfitsoc_sdram_dfi_p1_act_n' since it is never assigned("/home/user/git/fpga/sipeedtangprimer20k-riscv/build/rtos-system-fit/20261006T222108.353939Z/candidates/candidate-2-pinned-lite-no-l2/attempts/rom16k/soc/gateware/rtos_fit_candidate_2_pinned_lite_no_l2.v":10026)
WARN  (EX3780) : Using initial value of 'rtossystemfitsoc_sdram_ext_dfi_p0_act_n' since it is never assigned("/home/user/git/fpga/sipeedtangprimer20k-riscv/build/rtos-system-fit/20261006T222108.353939Z/candidates/candidate-2-pinned-lite-no-l2/attempts/rom16k/soc/gateware/rtos_fit_candidate_2_pinned_lite_no_l2.v":10044)
WARN  (EX3780) : Using initial value of 'rtossystemfitsoc_sdram_ext_dfi_p0_address' since it is never assigned("/home/user/git/fpga/sipeedtangprimer20k-riscv/build/rtos-system-fit/20261006T222108.353939Z/candidates/candidate-2-pinned-lite-no-l2/attempts/rom16k/soc/gateware/rtos_fit_candidate_2_pinned_lite_no_l2.v":10045)
WARN  (EX3780) : Using initial value of 'rtossystemfitsoc_sdram_ext_dfi_p0_bank' since it is never assigned("/home/user/git/fpga/sipeedtangprimer20k-riscv/build/rtos-system-fit/20261006T222108.353939Z/candidates/candidate-2-pinned-lite-no-l2/attempts/rom16k/soc/gateware/rtos_fit_candidate_2_pinned_lite_no_l2.v":10046)
WARN  (EX3780) : Using initial value of 'rtossystemfitsoc_sdram_ext_dfi_p0_cas_n' since it is never assigned("/home/user/git/fpga/sipeedtangprimer20k-riscv/build/rtos-system-fit/20261006T222108.353939Z/candidates/candidate-2-pinned-lite-no-l2/attempts/rom16k/soc/gateware/rtos_fit_candidate_2_pinned_lite_no_l2.v":10047)
WARN  (EX3780) : Using initial value of 'rtossystemfitsoc_sdram_ext_dfi_p0_cke' since it is never assigned("/home/user/git/fpga/sipeedtangprimer20k-riscv/build/rtos-system-fit/20261006T222108.353939Z/candidates/candidate-2-pinned-lite-no-l2/attempts/rom16k/soc/gateware/rtos_fit_candidate_2_pinned_lite_no_l2.v":10048)
WARN  (EX3780) : Using initial value of 'rtossystemfitsoc_sdram_ext_dfi_p0_cs_n' since it is never assigned("/home/user/git/fpga/sipeedtangprimer20k-riscv/build/rtos-system-fit/20261006T222108.353939Z/candidates/candidate-2-pinned-lite-no-l2/attempts/rom16k/soc/gateware/rtos_fit_candidate_2_pinned_lite_no_l2.v":10049)
WARN  (EX3780) : Using initial value of 'rtossystemfitsoc_sdram_ext_dfi_p0_odt' since it is never assigned("/home/user/git/fpga/sipeedtangprimer20k-riscv/build/rtos-system-fit/20261006T222108.353939Z/candidates/candidate-2-pinned-lite-no-l2/attempts/rom16k/soc/gateware/rtos_fit_candidate_2_pinned_lite_no_l2.v":10050)
WARN  (EX3780) : Using initial value of 'rtossystemfitsoc_sdram_ext_dfi_p0_ras_n' since it is never assigned("/home/user/git/fpga/sipeedtangprimer20k-riscv/build/rtos-system-fit/20261006T222108.353939Z/candidates/candidate-2-pinned-lite-no-l2/attempts/rom16k/soc/gateware/rtos_fit_candidate_2_pinned_lite_no_l2.v":10051)
WARN  (EX3780) : Using initial value of 'rtossystemfitsoc_sdram_ext_dfi_p0_rddata_en' since it is never assigned("/home/user/git/fpga/sipeedtangprimer20k-riscv/build/rtos-system-fit/20261006T222108.353939Z/candidates/candidate-2-pinned-lite-no-l2/attempts/rom16k/soc/gateware/rtos_fit_candidate_2_pinned_lite_no_l2.v":10053)
WARN  (EX3780) : Using initial value of 'rtossystemfitsoc_sdram_ext_dfi_p0_reset_n' since it is never assigned("/home/user/git/fpga/sipeedtangprimer20k-riscv/build/rtos-system-fit/20261006T222108.353939Z/candidates/candidate-2-pinned-lite-no-l2/attempts/rom16k/soc/gateware/rtos_fit_candidate_2_pinned_lite_no_l2.v":10055)
WARN  (EX3780) : Using initial value of 'rtossystemfitsoc_sdram_ext_dfi_p0_we_n' since it is never assigned("/home/user/git/fpga/sipeedtangprimer20k-riscv/build/rtos-system-fit/20261006T222108.353939Z/candidates/candidate-2-pinned-lite-no-l2/attempts/rom16k/soc/gateware/rtos_fit_candidate_2_pinned_lite_no_l2.v":10056)
WARN  (EX3780) : Using initial value of 'rtossystemfitsoc_sdram_ext_dfi_p0_wrdata' since it is never assigned("/home/user/git/fpga/sipeedtangprimer20k-riscv/build/rtos-system-fit/20261006T222108.353939Z/candidates/candidate-2-pinned-lite-no-l2/attempts/rom16k/soc/gateware/rtos_fit_candidate_2_pinned_lite_no_l2.v":10057)
WARN  (EX3780) : Using initial value of 'rtossystemfitsoc_sdram_ext_dfi_p0_wrdata_en' since it is never assigned("/home/user/git/fpga/sipeedtangprimer20k-riscv/build/rtos-system-fit/20261006T222108.353939Z/candidates/candidate-2-pinned-lite-no-l2/attempts/rom16k/soc/gateware/rtos_fit_candidate_2_pinned_lite_no_l2.v":10058)
WARN  (EX3780) : Using initial value of 'rtossystemfitsoc_sdram_ext_dfi_p0_wrdata_mask' since it is never assigned("/home/user/git/fpga/sipeedtangprimer20k-riscv/build/rtos-system-fit/20261006T222108.353939Z/candidates/candidate-2-pinned-lite-no-l2/attempts/rom16k/soc/gateware/rtos_fit_candidate_2_pinned_lite_no_l2.v":10059)
WARN  (EX3780) : Using initial value of 'rtossystemfitsoc_sdram_ext_dfi_p1_act_n' since it is never assigned("/home/user/git/fpga/sipeedtangprimer20k-riscv/build/rtos-system-fit/20261006T222108.353939Z/candidates/candidate-2-pinned-lite-no-l2/attempts/rom16k/soc/gateware/rtos_fit_candidate_2_pinned_lite_no_l2.v":10060)
WARN  (EX3780) : Using initial value of 'rtossystemfitsoc_sdram_ext_dfi_p1_address' since it is never assigned("/home/user/git/fpga/sipeedtangprimer20k-riscv/build/rtos-system-fit/20261006T222108.353939Z/candidates/candidate-2-pinned-lite-no-l2/attempts/rom16k/soc/gateware/rtos_fit_candidate_2_pinned_lite_no_l2.v":10061)
WARN  (EX3780) : Using initial value of 'rtossystemfitsoc_sdram_ext_dfi_p1_bank' since it is never assigned("/home/user/git/fpga/sipeedtangprimer20k-riscv/build/rtos-system-fit/20261006T222108.353939Z/candidates/candidate-2-pinned-lite-no-l2/attempts/rom16k/soc/gateware/rtos_fit_candidate_2_pinned_lite_no_l2.v":10062)
WARN  (EX3780) : Using initial value of 'rtossystemfitsoc_sdram_ext_dfi_p1_cas_n' since it is never assigned("/home/user/git/fpga/sipeedtangprimer20k-riscv/build/rtos-system-fit/20261006T222108.353939Z/candidates/candidate-2-pinned-lite-no-l2/attempts/rom16k/soc/gateware/rtos_fit_candidate_2_pinned_lite_no_l2.v":10063)
WARN  (EX3780) : Using initial value of 'rtossystemfitsoc_sdram_ext_dfi_p1_cke' since it is never assigned("/home/user/git/fpga/sipeedtangprimer20k-riscv/build/rtos-system-fit/20261006T222108.353939Z/candidates/candidate-2-pinned-lite-no-l2/attempts/rom16k/soc/gateware/rtos_fit_candidate_2_pinned_lite_no_l2.v":10064)
WARN  (EX3780) : Using initial value of 'rtossystemfitsoc_sdram_ext_dfi_p1_cs_n' since it is never assigned("/home/user/git/fpga/sipeedtangprimer20k-riscv/build/rtos-system-fit/20261006T222108.353939Z/candidates/candidate-2-pinned-lite-no-l2/attempts/rom16k/soc/gateware/rtos_fit_candidate_2_pinned_lite_no_l2.v":10065)
WARN  (EX3780) : Using initial value of 'rtossystemfitsoc_sdram_ext_dfi_p1_odt' since it is never assigned("/home/user/git/fpga/sipeedtangprimer20k-riscv/build/rtos-system-fit/20261006T222108.353939Z/candidates/candidate-2-pinned-lite-no-l2/attempts/rom16k/soc/gateware/rtos_fit_candidate_2_pinned_lite_no_l2.v":10066)
WARN  (EX3780) : Using initial value of 'rtossystemfitsoc_sdram_ext_dfi_p1_ras_n' since it is never assigned("/home/user/git/fpga/sipeedtangprimer20k-riscv/build/rtos-system-fit/20261006T222108.353939Z/candidates/candidate-2-pinned-lite-no-l2/attempts/rom16k/soc/gateware/rtos_fit_candidate_2_pinned_lite_no_l2.v":10067)
WARN  (EX3780) : Using initial value of 'rtossystemfitsoc_sdram_ext_dfi_p1_rddata_en' since it is never assigned("/home/user/git/fpga/sipeedtangprimer20k-riscv/build/rtos-system-fit/20261006T222108.353939Z/candidates/candidate-2-pinned-lite-no-l2/attempts/rom16k/soc/gateware/rtos_fit_candidate_2_pinned_lite_no_l2.v":10069)
WARN  (EX3780) : Using initial value of 'rtossystemfitsoc_sdram_ext_dfi_p1_reset_n' since it is never assigned("/home/user/git/fpga/sipeedtangprimer20k-riscv/build/rtos-system-fit/20261006T222108.353939Z/candidates/candidate-2-pinned-lite-no-l2/attempts/rom16k/soc/gateware/rtos_fit_candidate_2_pinned_lite_no_l2.v":10071)
WARN  (EX3780) : Using initial value of 'rtossystemfitsoc_sdram_ext_dfi_p1_we_n' since it is never assigned("/home/user/git/fpga/sipeedtangprimer20k-riscv/build/rtos-system-fit/20261006T222108.353939Z/candidates/candidate-2-pinned-lite-no-l2/attempts/rom16k/soc/gateware/rtos_fit_candidate_2_pinned_lite_no_l2.v":10072)
WARN  (EX3780) : Using initial value of 'rtossystemfitsoc_sdram_ext_dfi_p1_wrdata' since it is never assigned("/home/user/git/fpga/sipeedtangprimer20k-riscv/build/rtos-system-fit/20261006T222108.353939Z/candidates/candidate-2-pinned-lite-no-l2/attempts/rom16k/soc/gateware/rtos_fit_candidate_2_pinned_lite_no_l2.v":10073)
WARN  (EX3780) : Using initial value of 'rtossystemfitsoc_sdram_ext_dfi_p1_wrdata_en' since it is never assigned("/home/user/git/fpga/sipeedtangprimer20k-riscv/build/rtos-system-fit/20261006T222108.353939Z/candidates/candidate-2-pinned-lite-no-l2/attempts/rom16k/soc/gateware/rtos_fit_candidate_2_pinned_lite_no_l2.v":10074)
WARN  (EX3780) : Using initial value of 'rtossystemfitsoc_sdram_ext_dfi_p1_wrdata_mask' since it is never assigned("/home/user/git/fpga/sipeedtangprimer20k-riscv/build/rtos-system-fit/20261006T222108.353939Z/candidates/candidate-2-pinned-lite-no-l2/attempts/rom16k/soc/gateware/rtos_fit_candidate_2_pinned_lite_no_l2.v":10075)
WARN  (EX3780) : Using initial value of 'rtossystemfitsoc_sdram_ext_dfi_sel' since it is never assigned("/home/user/git/fpga/sipeedtangprimer20k-riscv/build/rtos-system-fit/20261006T222108.353939Z/candidates/candidate-2-pinned-lite-no-l2/attempts/rom16k/soc/gateware/rtos_fit_candidate_2_pinned_lite_no_l2.v":10076)
WARN  (EX3780) : Using initial value of 'rtossystemfitsoc_sdram_nop_a' since it is never assigned("/home/user/git/fpga/sipeedtangprimer20k-riscv/build/rtos-system-fit/20261006T222108.353939Z/candidates/candidate-2-pinned-lite-no-l2/attempts/rom16k/soc/gateware/rtos_fit_candidate_2_pinned_lite_no_l2.v":10171)
WARN  (EX3780) : Using initial value of 'rtossystemfitsoc_sdram_nop_ba' since it is never assigned("/home/user/git/fpga/sipeedtangprimer20k-riscv/build/rtos-system-fit/20261006T222108.353939Z/candidates/candidate-2-pinned-lite-no-l2/attempts/rom16k/soc/gateware/rtos_fit_candidate_2_pinned_lite_no_l2.v":10172)
WARN  (EX3780) : Using initial value of 'rtossystemfitsoc_sdram_steerer2' since it is never assigned("/home/user/git/fpga/sipeedtangprimer20k-riscv/build/rtos-system-fit/20261006T222108.353939Z/candidates/candidate-2-pinned-lite-no-l2/attempts/rom16k/soc/gateware/rtos_fit_candidate_2_pinned_lite_no_l2.v":10218)
WARN  (EX3780) : Using initial value of 'rtossystemfitsoc_sdram_steerer3' since it is never assigned("/home/user/git/fpga/sipeedtangprimer20k-riscv/build/rtos-system-fit/20261006T222108.353939Z/candidates/candidate-2-pinned-lite-no-l2/attempts/rom16k/soc/gateware/rtos_fit_candidate_2_pinned_lite_no_l2.v":10219)
WARN  (EX3780) : Using initial value of 'rtossystemfitsoc_sdram_steerer4' since it is never assigned("/home/user/git/fpga/sipeedtangprimer20k-riscv/build/rtos-system-fit/20261006T222108.353939Z/candidates/candidate-2-pinned-lite-no-l2/attempts/rom16k/soc/gateware/rtos_fit_candidate_2_pinned_lite_no_l2.v":10220)
WARN  (EX3780) : Using initial value of 'rtossystemfitsoc_sdram_steerer5' since it is never assigned("/home/user/git/fpga/sipeedtangprimer20k-riscv/build/rtos-system-fit/20261006T222108.353939Z/candidates/candidate-2-pinned-lite-no-l2/attempts/rom16k/soc/gateware/rtos_fit_candidate_2_pinned_lite_no_l2.v":10221)
Extracting RAM for identifier 'storage_2'("/home/user/git/fpga/sipeedtangprimer20k-riscv/build/rtos-system-fit/20261006T222108.353939Z/candidates/candidate-2-pinned-lite-no-l2/attempts/rom16k/soc/gateware/rtos_fit_candidate_2_pinned_lite_no_l2.v":14602)
Extracting RAM for identifier 'storage_3'("/home/user/git/fpga/sipeedtangprimer20k-riscv/build/rtos-system-fit/20261006T222108.353939Z/candidates/candidate-2-pinned-lite-no-l2/attempts/rom16k/soc/gateware/rtos_fit_candidate_2_pinned_lite_no_l2.v":14617)
Extracting RAM for identifier 'storage_4'("/home/user/git/fpga/sipeedtangprimer20k-riscv/build/rtos-system-fit/20261006T222108.353939Z/candidates/candidate-2-pinned-lite-no-l2/attempts/rom16k/soc/gateware/rtos_fit_candidate_2_pinned_lite_no_l2.v":14632)
Extracting RAM for identifier 'storage_5'("/home/user/git/fpga/sipeedtangprimer20k-riscv/build/rtos-system-fit/20261006T222108.353939Z/candidates/candidate-2-pinned-lite-no-l2/attempts/rom16k/soc/gateware/rtos_fit_candidate_2_pinned_lite_no_l2.v":14647)
Extracting RAM for identifier 'storage_6'("/home/user/git/fpga/sipeedtangprimer20k-riscv/build/rtos-system-fit/20261006T222108.353939Z/candidates/candidate-2-pinned-lite-no-l2/attempts/rom16k/soc/gateware/rtos_fit_candidate_2_pinned_lite_no_l2.v":14662)
Extracting RAM for identifier 'storage_7'("/home/user/git/fpga/sipeedtangprimer20k-riscv/build/rtos-system-fit/20261006T222108.353939Z/candidates/candidate-2-pinned-lite-no-l2/attempts/rom16k/soc/gateware/rtos_fit_candidate_2_pinned_lite_no_l2.v":14677)
Extracting RAM for identifier 'storage_8'("/home/user/git/fpga/sipeedtangprimer20k-riscv/build/rtos-system-fit/20261006T222108.353939Z/candidates/candidate-2-pinned-lite-no-l2/attempts/rom16k/soc/gateware/rtos_fit_candidate_2_pinned_lite_no_l2.v":14692)
Extracting RAM for identifier 'storage_9'("/home/user/git/fpga/sipeedtangprimer20k-riscv/build/rtos-system-fit/20261006T222108.353939Z/candidates/candidate-2-pinned-lite-no-l2/attempts/rom16k/soc/gateware/rtos_fit_candidate_2_pinned_lite_no_l2.v":14707)
Compiling module 'rtos_fit_candidate_2_pinned_lite_no_l2__sdram__crossbar'("/home/user/git/fpga/sipeedtangprimer20k-riscv/build/rtos-system-fit/20261006T222108.353939Z/candidates/candidate-2-pinned-lite-no-l2/attempts/rom16k/soc/gateware/rtos_fit_candidate_2_pinned_lite_no_l2.v":8530)
WARN  (EX3780) : Using initial value of 'locked0' since it is never assigned("/home/user/git/fpga/sipeedtangprimer20k-riscv/build/rtos-system-fit/20261006T222108.353939Z/candidates/candidate-2-pinned-lite-no-l2/attempts/rom16k/soc/gateware/rtos_fit_candidate_2_pinned_lite_no_l2.v":8632)
WARN  (EX3780) : Using initial value of 'locked1' since it is never assigned("/home/user/git/fpga/sipeedtangprimer20k-riscv/build/rtos-system-fit/20261006T222108.353939Z/candidates/candidate-2-pinned-lite-no-l2/attempts/rom16k/soc/gateware/rtos_fit_candidate_2_pinned_lite_no_l2.v":8633)
WARN  (EX3780) : Using initial value of 'locked2' since it is never assigned("/home/user/git/fpga/sipeedtangprimer20k-riscv/build/rtos-system-fit/20261006T222108.353939Z/candidates/candidate-2-pinned-lite-no-l2/attempts/rom16k/soc/gateware/rtos_fit_candidate_2_pinned_lite_no_l2.v":8634)
WARN  (EX3780) : Using initial value of 'locked3' since it is never assigned("/home/user/git/fpga/sipeedtangprimer20k-riscv/build/rtos-system-fit/20261006T222108.353939Z/candidates/candidate-2-pinned-lite-no-l2/attempts/rom16k/soc/gateware/rtos_fit_candidate_2_pinned_lite_no_l2.v":8635)
WARN  (EX3780) : Using initial value of 'locked4' since it is never assigned("/home/user/git/fpga/sipeedtangprimer20k-riscv/build/rtos-system-fit/20261006T222108.353939Z/candidates/candidate-2-pinned-lite-no-l2/attempts/rom16k/soc/gateware/rtos_fit_candidate_2_pinned_lite_no_l2.v":8636)
WARN  (EX3780) : Using initial value of 'locked5' since it is never assigned("/home/user/git/fpga/sipeedtangprimer20k-riscv/build/rtos-system-fit/20261006T222108.353939Z/candidates/candidate-2-pinned-lite-no-l2/attempts/rom16k/soc/gateware/rtos_fit_candidate_2_pinned_lite_no_l2.v":8637)
WARN  (EX3780) : Using initial value of 'locked6' since it is never assigned("/home/user/git/fpga/sipeedtangprimer20k-riscv/build/rtos-system-fit/20261006T222108.353939Z/candidates/candidate-2-pinned-lite-no-l2/attempts/rom16k/soc/gateware/rtos_fit_candidate_2_pinned_lite_no_l2.v":8638)
WARN  (EX3780) : Using initial value of 'locked7' since it is never assigned("/home/user/git/fpga/sipeedtangprimer20k-riscv/build/rtos-system-fit/20261006T222108.353939Z/candidates/candidate-2-pinned-lite-no-l2/attempts/rom16k/soc/gateware/rtos_fit_candidate_2_pinned_lite_no_l2.v":8639)
Compiling module 'rtos_fit_candidate_2_pinned_lite_no_l2__sdram__crossbar__roundrobin_1'("/home/user/git/fpga/sipeedtangprimer20k-riscv/build/rtos-system-fit/20261006T222108.353939Z/candidates/candidate-2-pinned-lite-no-l2/attempts/rom16k/soc/gateware/rtos_fit_candidate_2_pinned_lite_no_l2.v":8271)
Compiling module 'rtos_fit_candidate_2_pinned_lite_no_l2__sdram__crossbar__roundrobin_2'("/home/user/git/fpga/sipeedtangprimer20k-riscv/build/rtos-system-fit/20261006T222108.353939Z/candidates/candidate-2-pinned-lite-no-l2/attempts/rom16k/soc/gateware/rtos_fit_candidate_2_pinned_lite_no_l2.v":8308)
Compiling module 'rtos_fit_candidate_2_pinned_lite_no_l2__sdram__crossbar__roundrobin_3'("/home/user/git/fpga/sipeedtangprimer20k-riscv/build/rtos-system-fit/20261006T222108.353939Z/candidates/candidate-2-pinned-lite-no-l2/attempts/rom16k/soc/gateware/rtos_fit_candidate_2_pinned_lite_no_l2.v":8345)
Compiling module 'rtos_fit_candidate_2_pinned_lite_no_l2__sdram__crossbar__roundrobin_4'("/home/user/git/fpga/sipeedtangprimer20k-riscv/build/rtos-system-fit/20261006T222108.353939Z/candidates/candidate-2-pinned-lite-no-l2/attempts/rom16k/soc/gateware/rtos_fit_candidate_2_pinned_lite_no_l2.v":8382)
Compiling module 'rtos_fit_candidate_2_pinned_lite_no_l2__sdram__crossbar__roundrobin_5'("/home/user/git/fpga/sipeedtangprimer20k-riscv/build/rtos-system-fit/20261006T222108.353939Z/candidates/candidate-2-pinned-lite-no-l2/attempts/rom16k/soc/gateware/rtos_fit_candidate_2_pinned_lite_no_l2.v":8419)
Compiling module 'rtos_fit_candidate_2_pinned_lite_no_l2__sdram__crossbar__roundrobin_6'("/home/user/git/fpga/sipeedtangprimer20k-riscv/build/rtos-system-fit/20261006T222108.353939Z/candidates/candidate-2-pinned-lite-no-l2/attempts/rom16k/soc/gateware/rtos_fit_candidate_2_pinned_lite_no_l2.v":8456)
Compiling module 'rtos_fit_candidate_2_pinned_lite_no_l2__sdram__crossbar__roundrobin_7'("/home/user/git/fpga/sipeedtangprimer20k-riscv/build/rtos-system-fit/20261006T222108.353939Z/candidates/candidate-2-pinned-lite-no-l2/attempts/rom16k/soc/gateware/rtos_fit_candidate_2_pinned_lite_no_l2.v":8493)
WARN  (EX3791) : Expression size 2 truncated to fit in target size 1("/home/user/git/fpga/sipeedtangprimer20k-riscv/build/rtos-system-fit/20261006T222108.353939Z/candidates/candidate-2-pinned-lite-no-l2/attempts/rom16k/soc/gateware/rtos_fit_candidate_2_pinned_lite_no_l2.v":10585)
WARN  (EX3791) : Expression size 2 truncated to fit in target size 1("/home/user/git/fpga/sipeedtangprimer20k-riscv/build/rtos-system-fit/20261006T222108.353939Z/candidates/candidate-2-pinned-lite-no-l2/attempts/rom16k/soc/gateware/rtos_fit_candidate_2_pinned_lite_no_l2.v":10616)
WARN  (EX3791) : Expression size 4 truncated to fit in target size 3("/home/user/git/fpga/sipeedtangprimer20k-riscv/build/rtos-system-fit/20261006T222108.353939Z/candidates/candidate-2-pinned-lite-no-l2/attempts/rom16k/soc/gateware/rtos_fit_candidate_2_pinned_lite_no_l2.v":14404)
Compiling module 'rtos_fit_candidate_2_pinned_lite_no_l2__converter_0'("/home/user/git/fpga/sipeedtangprimer20k-riscv/build/rtos-system-fit/20261006T222108.353939Z/candidates/candidate-2-pinned-lite-no-l2/attempts/rom16k/soc/gateware/rtos_fit_candidate_2_pinned_lite_no_l2.v":14817)
Compiling module 'rtos_fit_candidate_2_pinned_lite_no_l2__converter_0__upconverter_0'("/home/user/git/fpga/sipeedtangprimer20k-riscv/build/rtos-system-fit/20261006T222108.353939Z/candidates/candidate-2-pinned-lite-no-l2/attempts/rom16k/soc/gateware/rtos_fit_candidate_2_pinned_lite_no_l2.v":14723)
Compiling module 'rtos_fit_candidate_2_pinned_lite_no_l2__wishbone_bridge'("/home/user/git/fpga/sipeedtangprimer20k-riscv/build/rtos-system-fit/20261006T222108.353939Z/candidates/candidate-2-pinned-lite-no-l2/attempts/rom16k/soc/gateware/rtos_fit_candidate_2_pinned_lite_no_l2.v":15055)
Compiling module 'rtos_fit_candidate_2_pinned_lite_no_l2__wishbone_bridge__fsm'("/home/user/git/fpga/sipeedtangprimer20k-riscv/build/rtos-system-fit/20261006T222108.353939Z/candidates/candidate-2-pinned-lite-no-l2/attempts/rom16k/soc/gateware/rtos_fit_candidate_2_pinned_lite_no_l2.v":14895)
WARN  (EX3791) : Expression size 28 truncated to fit in target size 23("/home/user/git/fpga/sipeedtangprimer20k-riscv/build/rtos-system-fit/20261006T222108.353939Z/candidates/candidate-2-pinned-lite-no-l2/attempts/rom16k/soc/gateware/rtos_fit_candidate_2_pinned_lite_no_l2.v":15116)
Compiling module 'rtos_fit_candidate_2_pinned_lite_no_l2__ethphy'("/home/user/git/fpga/sipeedtangprimer20k-riscv/build/rtos-system-fit/20261006T222108.353939Z/candidates/candidate-2-pinned-lite-no-l2/attempts/rom16k/soc/gateware/rtos_fit_candidate_2_pinned_lite_no_l2.v":15943)
WARN  (EX3780) : Using initial value of 'liteethphyrmiitx_converter_sink_first' since it is never assigned("/home/user/git/fpga/sipeedtangprimer20k-riscv/build/rtos-system-fit/20261006T222108.353939Z/candidates/candidate-2-pinned-lite-no-l2/attempts/rom16k/soc/gateware/rtos_fit_candidate_2_pinned_lite_no_l2.v":15999)
WARN  (EX3780) : Using initial value of 'liteethphyrmiitx_converter_sink_last' since it is never assigned("/home/user/git/fpga/sipeedtangprimer20k-riscv/build/rtos-system-fit/20261006T222108.353939Z/candidates/candidate-2-pinned-lite-no-l2/attempts/rom16k/soc/gateware/rtos_fit_candidate_2_pinned_lite_no_l2.v":16000)
Compiling module 'rtos_fit_candidate_2_pinned_lite_no_l2__ethphy__crg'("/home/user/git/fpga/sipeedtangprimer20k-riscv/build/rtos-system-fit/20261006T222108.353939Z/candidates/candidate-2-pinned-lite-no-l2/attempts/rom16k/soc/gateware/rtos_fit_candidate_2_pinned_lite_no_l2.v":15202)
Compiling module 'rtos_fit_candidate_2_pinned_lite_no_l2__ethphy__crg__hw_reset'("/home/user/git/fpga/sipeedtangprimer20k-riscv/build/rtos-system-fit/20261006T222108.353939Z/candidates/candidate-2-pinned-lite-no-l2/attempts/rom16k/soc/gateware/rtos_fit_candidate_2_pinned_lite_no_l2.v":15149)
Compiling module 'rtos_fit_candidate_2_pinned_lite_no_l2__ethphy__rx'("/home/user/git/fpga/sipeedtangprimer20k-riscv/build/rtos-system-fit/20261006T222108.353939Z/candidates/candidate-2-pinned-lite-no-l2/attempts/rom16k/soc/gateware/rtos_fit_candidate_2_pinned_lite_no_l2.v":15533)
WARN  (EX3780) : Using initial value of 'liteethphyrmiirx_converter_sink_first' since it is never assigned("/home/user/git/fpga/sipeedtangprimer20k-riscv/build/rtos-system-fit/20261006T222108.353939Z/candidates/candidate-2-pinned-lite-no-l2/attempts/rom16k/soc/gateware/rtos_fit_candidate_2_pinned_lite_no_l2.v":15568)
WARN  (EX3780) : Using initial value of 'liteethphyrmiirx_delay_sink_first' since it is never assigned("/home/user/git/fpga/sipeedtangprimer20k-riscv/build/rtos-system-fit/20261006T222108.353939Z/candidates/candidate-2-pinned-lite-no-l2/attempts/rom16k/soc/gateware/rtos_fit_candidate_2_pinned_lite_no_l2.v":15626)
WARN  (EX3780) : Using initial value of 'liteethphyrmiirx_delay_sink_last' since it is never assigned("/home/user/git/fpga/sipeedtangprimer20k-riscv/build/rtos-system-fit/20261006T222108.353939Z/candidates/candidate-2-pinned-lite-no-l2/attempts/rom16k/soc/gateware/rtos_fit_candidate_2_pinned_lite_no_l2.v":15627)
Compiling module 'rtos_fit_candidate_2_pinned_lite_no_l2__ethphy__rx__timer'("/home/user/git/fpga/sipeedtangprimer20k-riscv/build/rtos-system-fit/20261006T222108.353939Z/candidates/candidate-2-pinned-lite-no-l2/attempts/rom16k/soc/gateware/rtos_fit_candidate_2_pinned_lite_no_l2.v":15308)
WARN  (EX3780) : Using initial value of 'liteethphyrmiirx_rst' since it is never assigned("/home/user/git/fpga/sipeedtangprimer20k-riscv/build/rtos-system-fit/20261006T222108.353939Z/candidates/candidate-2-pinned-lite-no-l2/attempts/rom16k/soc/gateware/rtos_fit_candidate_2_pinned_lite_no_l2.v":15320)
Compiling module 'rtos_fit_candidate_2_pinned_lite_no_l2__ethphy__rx__speed_detect'("/home/user/git/fpga/sipeedtangprimer20k-riscv/build/rtos-system-fit/20261006T222108.353939Z/candidates/candidate-2-pinned-lite-no-l2/attempts/rom16k/soc/gateware/rtos_fit_candidate_2_pinned_lite_no_l2.v":15469)
Compiling module 'rtos_fit_candidate_2_pinned_lite_no_l2__ethphy__rx__speed_detect__fsm'("/home/user/git/fpga/sipeedtangprimer20k-riscv/build/rtos-system-fit/20261006T222108.353939Z/candidates/candidate-2-pinned-lite-no-l2/attempts/rom16k/soc/gateware/rtos_fit_candidate_2_pinned_lite_no_l2.v":15367)
Compiling module 'rtos_fit_candidate_2_pinned_lite_no_l2__ethphy__mdio'("/home/user/git/fpga/sipeedtangprimer20k-riscv/build/rtos-system-fit/20261006T222108.353939Z/candidates/candidate-2-pinned-lite-no-l2/attempts/rom16k/soc/gateware/rtos_fit_candidate_2_pinned_lite_no_l2.v":15871)
Compiling module 'rtos_fit_candidate_2_pinned_lite_no_l2__ethmac'("/home/user/git/fpga/sipeedtangprimer20k-riscv/build/rtos-system-fit/20261006T222108.353939Z/candidates/candidate-2-pinned-lite-no-l2/attempts/rom16k/soc/gateware/rtos_fit_candidate_2_pinned_lite_no_l2.v":19574)
WARN  (EX3780) : Using initial value of 'core_liteethmaccrc32checker_syncfifo_replace' since it is never assigned("/home/user/git/fpga/sipeedtangprimer20k-riscv/build/rtos-system-fit/20261006T222108.353939Z/candidates/candidate-2-pinned-lite-no-l2/attempts/rom16k/soc/gateware/rtos_fit_candidate_2_pinned_lite_no_l2.v":19892)
WARN  (EX3780) : Using initial value of 'core_rx_preamble_preamble' since it is never assigned("/home/user/git/fpga/sipeedtangprimer20k-riscv/build/rtos-system-fit/20261006T222108.353939Z/candidates/candidate-2-pinned-lite-no-l2/attempts/rom16k/soc/gateware/rtos_fit_candidate_2_pinned_lite_no_l2.v":20018)
WARN  (EX3780) : Using initial value of 'core_tx_preamble_preamble' since it is never assigned("/home/user/git/fpga/sipeedtangprimer20k-riscv/build/rtos-system-fit/20261006T222108.353939Z/candidates/candidate-2-pinned-lite-no-l2/attempts/rom16k/soc/gateware/rtos_fit_candidate_2_pinned_lite_no_l2.v":20239)
Extracting RAM for identifier 'storage_10'("/home/user/git/fpga/sipeedtangprimer20k-riscv/build/rtos-system-fit/20261006T222108.353939Z/candidates/candidate-2-pinned-lite-no-l2/attempts/rom16k/soc/gateware/rtos_fit_candidate_2_pinned_lite_no_l2.v":22072)
Extracting RAM for identifier 'storage_11'("/home/user/git/fpga/sipeedtangprimer20k-riscv/build/rtos-system-fit/20261006T222108.353939Z/candidates/candidate-2-pinned-lite-no-l2/attempts/rom16k/soc/gateware/rtos_fit_candidate_2_pinned_lite_no_l2.v":22089)
Extracting RAM for identifier 'storage_12'("/home/user/git/fpga/sipeedtangprimer20k-riscv/build/rtos-system-fit/20261006T222108.353939Z/candidates/candidate-2-pinned-lite-no-l2/attempts/rom16k/soc/gateware/rtos_fit_candidate_2_pinned_lite_no_l2.v":22104)
Compiling module 'rtos_fit_candidate_2_pinned_lite_no_l2__ethmac__interface'("/home/user/git/fpga/sipeedtangprimer20k-riscv/build/rtos-system-fit/20261006T222108.353939Z/candidates/candidate-2-pinned-lite-no-l2/attempts/rom16k/soc/gateware/rtos_fit_candidate_2_pinned_lite_no_l2.v":19056)
Compiling module 'rtos_fit_candidate_2_pinned_lite_no_l2__ethmac__interface__sram'("/home/user/git/fpga/sipeedtangprimer20k-riscv/build/rtos-system-fit/20261006T222108.353939Z/candidates/candidate-2-pinned-lite-no-l2/attempts/rom16k/soc/gateware/rtos_fit_candidate_2_pinned_lite_no_l2.v":18369)
Compiling module 'rtos_fit_candidate_2_pinned_lite_no_l2__ethmac__interface__sram__writer'("/home/user/git/fpga/sipeedtangprimer20k-riscv/build/rtos-system-fit/20261006T222108.353939Z/candidates/candidate-2-pinned-lite-no-l2/attempts/rom16k/soc/gateware/rtos_fit_candidate_2_pinned_lite_no_l2.v":17164)
Compiling module 'rtos_fit_candidate_2_pinned_lite_no_l2__ethmac__interface__sram__writer__ev'("/home/user/git/fpga/sipeedtangprimer20k-riscv/build/rtos-system-fit/20261006T222108.353939Z/candidates/candidate-2-pinned-lite-no-l2/attempts/rom16k/soc/gateware/rtos_fit_candidate_2_pinned_lite_no_l2.v":16206)
Compiling module 'rtos_fit_candidate_2_pinned_lite_no_l2__ethmac__interface__sram__writer__ev__eventsourcelevel_0'("/home/user/git/fpga/sipeedtangprimer20k-riscv/build/rtos-system-fit/20261006T222108.353939Z/candidates/candidate-2-pinned-lite-no-l2/attempts/rom16k/soc/gateware/rtos_fit_candidate_2_pinned_lite_no_l2.v":16166)
Compiling module 'rtos_fit_candidate_2_pinned_lite_no_l2__ethmac__interface__sram__writer__packet'("/home/user/git/fpga/sipeedtangprimer20k-riscv/build/rtos-system-fit/20261006T222108.353939Z/candidates/candidate-2-pinned-lite-no-l2/attempts/rom16k/soc/gateware/rtos_fit_candidate_2_pinned_lite_no_l2.v":16729)
Compiling module 'rtos_fit_candidate_2_pinned_lite_no_l2__ethmac__interface__sram__writer__packet__fsm'("/home/user/git/fpga/sipeedtangprimer20k-riscv/build/rtos-system-fit/20261006T222108.353939Z/candidates/candidate-2-pinned-lite-no-l2/attempts/rom16k/soc/gateware/rtos_fit_candidate_2_pinned_lite_no_l2.v":16267)
WARN  (EX3791) : Expression size 12 truncated to fit in target size 11("/home/user/git/fpga/sipeedtangprimer20k-riscv/build/rtos-system-fit/20261006T222108.353939Z/candidates/candidate-2-pinned-lite-no-l2/attempts/rom16k/soc/gateware/rtos_fit_candidate_2_pinned_lite_no_l2.v":16552)
WARN  (EX3791) : Expression size 12 truncated to fit in target size 11("/home/user/git/fpga/sipeedtangprimer20k-riscv/build/rtos-system-fit/20261006T222108.353939Z/candidates/candidate-2-pinned-lite-no-l2/attempts/rom16k/soc/gateware/rtos_fit_candidate_2_pinned_lite_no_l2.v":16566)
WARN  (EX3791) : Expression size 12 truncated to fit in target size 11("/home/user/git/fpga/sipeedtangprimer20k-riscv/build/rtos-system-fit/20261006T222108.353939Z/candidates/candidate-2-pinned-lite-no-l2/attempts/rom16k/soc/gateware/rtos_fit_candidate_2_pinned_lite_no_l2.v":16598)
WARN  (EX3791) : Expression size 12 truncated to fit in target size 11("/home/user/git/fpga/sipeedtangprimer20k-riscv/build/rtos-system-fit/20261006T222108.353939Z/candidates/candidate-2-pinned-lite-no-l2/attempts/rom16k/soc/gateware/rtos_fit_candidate_2_pinned_lite_no_l2.v":16612)
WARN  (EX3791) : Expression size 12 truncated to fit in target size 11("/home/user/git/fpga/sipeedtangprimer20k-riscv/build/rtos-system-fit/20261006T222108.353939Z/candidates/candidate-2-pinned-lite-no-l2/attempts/rom16k/soc/gateware/rtos_fit_candidate_2_pinned_lite_no_l2.v":16816)
Compiling module 'rtos_fit_candidate_2_pinned_lite_no_l2__ethmac__interface__sram__writer__stat_fifo'("/home/user/git/fpga/sipeedtangprimer20k-riscv/build/rtos-system-fit/20261006T222108.353939Z/candidates/candidate-2-pinned-lite-no-l2/attempts/rom16k/soc/gateware/rtos_fit_candidate_2_pinned_lite_no_l2.v":17072)
Compiling module 'rtos_fit_candidate_2_pinned_lite_no_l2__ethmac__interface__sram__writer__stat_fifo__buffer_0'("/home/user/git/fpga/sipeedtangprimer20k-riscv/build/rtos-system-fit/20261006T222108.353939Z/candidates/candidate-2-pinned-lite-no-l2/attempts/rom16k/soc/gateware/rtos_fit_candidate_2_pinned_lite_no_l2.v":16968)
Compiling module 'rtos_fit_candidate_2_pinned_lite_no_l2__ethmac__interface__sram__writer__stat_fifo__buffer_0__pipe_valid'("/home/user/git/fpga/sipeedtangprimer20k-riscv/build/rtos-system-fit/20261006T222108.353939Z/candidates/candidate-2-pinned-lite-no-l2/attempts/rom16k/soc/gateware/rtos_fit_candidate_2_pinned_lite_no_l2.v":16834)
Compiling module 'rtos_fit_candidate_2_pinned_lite_no_l2__ethmac__interface__sram__writer__stat_fifo__buffer_0__pipeline'("/home/user/git/fpga/sipeedtangprimer20k-riscv/build/rtos-system-fit/20261006T222108.353939Z/candidates/candidate-2-pinned-lite-no-l2/attempts/rom16k/soc/gateware/rtos_fit_candidate_2_pinned_lite_no_l2.v":16897)
Compiling module 'rtos_fit_candidate_2_pinned_lite_no_l2__ethmac__interface__sram__reader'("/home/user/git/fpga/sipeedtangprimer20k-riscv/build/rtos-system-fit/20261006T222108.353939Z/candidates/candidate-2-pinned-lite-no-l2/attempts/rom16k/soc/gateware/rtos_fit_candidate_2_pinned_lite_no_l2.v":18112)
Compiling module 'rtos_fit_candidate_2_pinned_lite_no_l2__ethmac__interface__sram__reader__ev'("/home/user/git/fpga/sipeedtangprimer20k-riscv/build/rtos-system-fit/20261006T222108.353939Z/candidates/candidate-2-pinned-lite-no-l2/attempts/rom16k/soc/gateware/rtos_fit_candidate_2_pinned_lite_no_l2.v":17447)
Compiling module 'rtos_fit_candidate_2_pinned_lite_no_l2__ethmac__interface__sram__reader__ev__eventsourcepulse_0'("/home/user/git/fpga/sipeedtangprimer20k-riscv/build/rtos-system-fit/20261006T222108.353939Z/candidates/candidate-2-pinned-lite-no-l2/attempts/rom16k/soc/gateware/rtos_fit_candidate_2_pinned_lite_no_l2.v":17393)
Compiling module 'rtos_fit_candidate_2_pinned_lite_no_l2__ethmac__interface__sram__reader__packet'("/home/user/git/fpga/sipeedtangprimer20k-riscv/build/rtos-system-fit/20261006T222108.353939Z/candidates/candidate-2-pinned-lite-no-l2/attempts/rom16k/soc/gateware/rtos_fit_candidate_2_pinned_lite_no_l2.v":17596)
Compiling module 'rtos_fit_candidate_2_pinned_lite_no_l2__ethmac__interface__sram__reader__packet__fsm'("/home/user/git/fpga/sipeedtangprimer20k-riscv/build/rtos-system-fit/20261006T222108.353939Z/candidates/candidate-2-pinned-lite-no-l2/attempts/rom16k/soc/gateware/rtos_fit_candidate_2_pinned_lite_no_l2.v":17513)
Compiling module 'rtos_fit_candidate_2_pinned_lite_no_l2__ethmac__interface__sram__reader__syncfifo_0'("/home/user/git/fpga/sipeedtangprimer20k-riscv/build/rtos-system-fit/20261006T222108.353939Z/candidates/candidate-2-pinned-lite-no-l2/attempts/rom16k/soc/gateware/rtos_fit_candidate_2_pinned_lite_no_l2.v":17913)
Compiling module 'rtos_fit_candidate_2_pinned_lite_no_l2__ethmac__interface__sram__reader__syncfifo_0__buffer_0'("/home/user/git/fpga/sipeedtangprimer20k-riscv/build/rtos-system-fit/20261006T222108.353939Z/candidates/candidate-2-pinned-lite-no-l2/attempts/rom16k/soc/gateware/rtos_fit_candidate_2_pinned_lite_no_l2.v":17809)
Compiling module 'rtos_fit_candidate_2_pinned_lite_no_l2__ethmac__interface__sram__reader__syncfifo_0__buffer_0__pipe_valid'("/home/user/git/fpga/sipeedtangprimer20k-riscv/build/rtos-system-fit/20261006T222108.353939Z/candidates/candidate-2-pinned-lite-no-l2/attempts/rom16k/soc/gateware/rtos_fit_candidate_2_pinned_lite_no_l2.v":17675)
Compiling module 'rtos_fit_candidate_2_pinned_lite_no_l2__ethmac__interface__sram__reader__syncfifo_0__buffer_0__pipeline'("/home/user/git/fpga/sipeedtangprimer20k-riscv/build/rtos-system-fit/20261006T222108.353939Z/candidates/candidate-2-pinned-lite-no-l2/attempts/rom16k/soc/gateware/rtos_fit_candidate_2_pinned_lite_no_l2.v":17738)
Compiling module 'rtos_fit_candidate_2_pinned_lite_no_l2__ethmac__interface__sram__reader__fsm'("/home/user/git/fpga/sipeedtangprimer20k-riscv/build/rtos-system-fit/20261006T222108.353939Z/candidates/candidate-2-pinned-lite-no-l2/attempts/rom16k/soc/gateware/rtos_fit_candidate_2_pinned_lite_no_l2.v":18005)
Compiling module 'rtos_fit_candidate_2_pinned_lite_no_l2__ethmac__interface__sram__ev'("/home/user/git/fpga/sipeedtangprimer20k-riscv/build/rtos-system-fit/20261006T222108.353939Z/candidates/candidate-2-pinned-lite-no-l2/attempts/rom16k/soc/gateware/rtos_fit_candidate_2_pinned_lite_no_l2.v":18330)
Compiling module 'rtos_fit_candidate_2_pinned_lite_no_l2__ethmac__interface__sram_0'("/home/user/git/fpga/sipeedtangprimer20k-riscv/build/rtos-system-fit/20261006T222108.353939Z/candidates/candidate-2-pinned-lite-no-l2/attempts/rom16k/soc/gateware/rtos_fit_candidate_2_pinned_lite_no_l2.v":18717)
Extracting RAM for identifier 'mac_sram_writer_slot0'("/home/user/git/fpga/sipeedtangprimer20k-riscv/build/rtos-system-fit/20261006T222108.353939Z/candidates/candidate-2-pinned-lite-no-l2/attempts/rom16k/soc/gateware/rtos_fit_candidate_2_pinned_lite_no_l2.v":18777)
Compiling module 'rtos_fit_candidate_2_pinned_lite_no_l2__ethmac__interface__decoder_0'("/home/user/git/fpga/sipeedtangprimer20k-riscv/build/rtos-system-fit/20261006T222108.353939Z/candidates/candidate-2-pinned-lite-no-l2/attempts/rom16k/soc/gateware/rtos_fit_candidate_2_pinned_lite_no_l2.v":18801)
Compiling module 'rtos_fit_candidate_2_pinned_lite_no_l2__ethmac__interface__sram_1'("/home/user/git/fpga/sipeedtangprimer20k-riscv/build/rtos-system-fit/20261006T222108.353939Z/candidates/candidate-2-pinned-lite-no-l2/attempts/rom16k/soc/gateware/rtos_fit_candidate_2_pinned_lite_no_l2.v":18881)
Extracting RAM for identifier 'mac_sram_reader_slot0'("/home/user/git/fpga/sipeedtangprimer20k-riscv/build/rtos-system-fit/20261006T222108.353939Z/candidates/candidate-2-pinned-lite-no-l2/attempts/rom16k/soc/gateware/rtos_fit_candidate_2_pinned_lite_no_l2.v":18951)
Compiling module 'rtos_fit_candidate_2_pinned_lite_no_l2__ethmac__interface__decoder_1'("/home/user/git/fpga/sipeedtangprimer20k-riscv/build/rtos-system-fit/20261006T222108.353939Z/candidates/candidate-2-pinned-lite-no-l2/attempts/rom16k/soc/gateware/rtos_fit_candidate_2_pinned_lite_no_l2.v":18976)
WARN  (EX1998) : Net 'wishbone_interface_interface0_err' does not have a driver("/home/user/git/fpga/sipeedtangprimer20k-riscv/build/rtos-system-fit/20261006T222108.353939Z/candidates/candidate-2-pinned-lite-no-l2/attempts/rom16k/soc/gateware/rtos_fit_candidate_2_pinned_lite_no_l2.v":20265)
WARN  (EX1998) : Net 'wishbone_interface_interface1_dat_r[31]' does not have a driver("/home/user/git/fpga/sipeedtangprimer20k-riscv/build/rtos-system-fit/20261006T222108.353939Z/candidates/candidate-2-pinned-lite-no-l2/attempts/rom16k/soc/gateware/rtos_fit_candidate_2_pinned_lite_no_l2.v":20274)
WARN  (EX1998) : Net 'wishbone_interface_interface1_err' does not have a driver("/home/user/git/fpga/sipeedtangprimer20k-riscv/build/rtos-system-fit/20261006T222108.353939Z/candidates/candidate-2-pinned-lite-no-l2/attempts/rom16k/soc/gateware/rtos_fit_candidate_2_pinned_lite_no_l2.v":20276)
Compiling module 'rtos_fit_candidate_2_pinned_lite_no_l2__sdcard'("/home/user/git/fpga/sipeedtangprimer20k-riscv/build/rtos-system-fit/20261006T222108.353939Z/candidates/candidate-2-pinned-lite-no-l2/attempts/rom16k/soc/gateware/rtos_fit_candidate_2_pinned_lite_no_l2.v":26040)
WARN  (EX3780) : Using initial value of 'block2mem_fifo_replace' since it is never assigned("/home/user/git/fpga/sipeedtangprimer20k-riscv/build/rtos-system-fit/20261006T222108.353939Z/candidates/candidate-2-pinned-lite-no-l2/attempts/rom16k/soc/gateware/rtos_fit_candidate_2_pinned_lite_no_l2.v":26172)
WARN  (EX3780) : Using initial value of 'core_syncfifo_replace' since it is never assigned("/home/user/git/fpga/sipeedtangprimer20k-riscv/build/rtos-system-fit/20261006T222108.353939Z/candidates/candidate-2-pinned-lite-no-l2/attempts/rom16k/soc/gateware/rtos_fit_candidate_2_pinned_lite_no_l2.v":26332)
WARN  (EX3780) : Using initial value of 'mem2block_dma_fifo_replace' since it is never assigned("/home/user/git/fpga/sipeedtangprimer20k-riscv/build/rtos-system-fit/20261006T222108.353939Z/candidates/candidate-2-pinned-lite-no-l2/attempts/rom16k/soc/gateware/rtos_fit_candidate_2_pinned_lite_no_l2.v":26417)
WARN  (EX3780) : Using initial value of 'mem2block_dma_fifo_sink_first' since it is never assigned("/home/user/git/fpga/sipeedtangprimer20k-riscv/build/rtos-system-fit/20261006T222108.353939Z/candidates/candidate-2-pinned-lite-no-l2/attempts/rom16k/soc/gateware/rtos_fit_candidate_2_pinned_lite_no_l2.v":26418)
WARN  (EX3780) : Using initial value of 'mem2block_fifo_replace' since it is never assigned("/home/user/git/fpga/sipeedtangprimer20k-riscv/build/rtos-system-fit/20261006T222108.353939Z/candidates/candidate-2-pinned-lite-no-l2/attempts/rom16k/soc/gateware/rtos_fit_candidate_2_pinned_lite_no_l2.v":26474)
Extracting RAM for identifier 'storage_13'("/home/user/git/fpga/sipeedtangprimer20k-riscv/build/rtos-system-fit/20261006T222108.353939Z/candidates/candidate-2-pinned-lite-no-l2/attempts/rom16k/soc/gateware/rtos_fit_candidate_2_pinned_lite_no_l2.v":28623)
Extracting RAM for identifier 'storage_14'("/home/user/git/fpga/sipeedtangprimer20k-riscv/build/rtos-system-fit/20261006T222108.353939Z/candidates/candidate-2-pinned-lite-no-l2/attempts/rom16k/soc/gateware/rtos_fit_candidate_2_pinned_lite_no_l2.v":28638)
Extracting RAM for identifier 'storage_15'("/home/user/git/fpga/sipeedtangprimer20k-riscv/build/rtos-system-fit/20261006T222108.353939Z/candidates/candidate-2-pinned-lite-no-l2/attempts/rom16k/soc/gateware/rtos_fit_candidate_2_pinned_lite_no_l2.v":28657)
Extracting RAM for identifier 'storage_16'("/home/user/git/fpga/sipeedtangprimer20k-riscv/build/rtos-system-fit/20261006T222108.353939Z/candidates/candidate-2-pinned-lite-no-l2/attempts/rom16k/soc/gateware/rtos_fit_candidate_2_pinned_lite_no_l2.v":28672)
Compiling module 'rtos_fit_candidate_2_pinned_lite_no_l2__sdcard__phy'("/home/user/git/fpga/sipeedtangprimer20k-riscv/build/rtos-system-fit/20261006T222108.353939Z/candidates/candidate-2-pinned-lite-no-l2/attempts/rom16k/soc/gateware/rtos_fit_candidate_2_pinned_lite_no_l2.v":22301)
WARN  (EX3780) : Using initial value of 'cmdr_cmdr_converter_converter_sink_first' since it is never assigned("/home/user/git/fpga/sipeedtangprimer20k-riscv/build/rtos-system-fit/20261006T222108.353939Z/candidates/candidate-2-pinned-lite-no-l2/attempts/rom16k/soc/gateware/rtos_fit_candidate_2_pinned_lite_no_l2.v":22403)
WARN  (EX3780) : Using initial value of 'cmdr_cmdr_converter_converter_sink_last' since it is never assigned("/home/user/git/fpga/sipeedtangprimer20k-riscv/build/rtos-system-fit/20261006T222108.353939Z/candidates/candidate-2-pinned-lite-no-l2/attempts/rom16k/soc/gateware/rtos_fit_candidate_2_pinned_lite_no_l2.v":22404)
WARN  (EX3780) : Using initial value of 'cmdr_cmdr_pads_in_ready' since it is never assigned("/home/user/git/fpga/sipeedtangprimer20k-riscv/build/rtos-system-fit/20261006T222108.353939Z/candidates/candidate-2-pinned-lite-no-l2/attempts/rom16k/soc/gateware/rtos_fit_candidate_2_pinned_lite_no_l2.v":22430)
WARN  (EX3780) : Using initial value of 'cmdr_pads_in_pads_in_first' since it is never assigned("/home/user/git/fpga/sipeedtangprimer20k-riscv/build/rtos-system-fit/20261006T222108.353939Z/candidates/candidate-2-pinned-lite-no-l2/attempts/rom16k/soc/gateware/rtos_fit_candidate_2_pinned_lite_no_l2.v":22448)
WARN  (EX3780) : Using initial value of 'cmdr_pads_in_pads_in_last' since it is never assigned("/home/user/git/fpga/sipeedtangprimer20k-riscv/build/rtos-system-fit/20261006T222108.353939Z/candidates/candidate-2-pinned-lite-no-l2/attempts/rom16k/soc/gateware/rtos_fit_candidate_2_pinned_lite_no_l2.v":22449)
WARN  (EX3780) : Using initial value of 'cmdr_pads_in_pads_in_payload_clk' since it is never assigned("/home/user/git/fpga/sipeedtangprimer20k-riscv/build/rtos-system-fit/20261006T222108.353939Z/candidates/candidate-2-pinned-lite-no-l2/attempts/rom16k/soc/gateware/rtos_fit_candidate_2_pinned_lite_no_l2.v":22450)
WARN  (EX3780) : Using initial value of 'cmdr_pads_in_pads_in_payload_cmd_o' since it is never assigned("/home/user/git/fpga/sipeedtangprimer20k-riscv/build/rtos-system-fit/20261006T222108.353939Z/candidates/candidate-2-pinned-lite-no-l2/attempts/rom16k/soc/gateware/rtos_fit_candidate_2_pinned_lite_no_l2.v":22452)
WARN  (EX3780) : Using initial value of 'cmdr_pads_in_pads_in_payload_cmd_oe' since it is never assigned("/home/user/git/fpga/sipeedtangprimer20k-riscv/build/rtos-system-fit/20261006T222108.353939Z/candidates/candidate-2-pinned-lite-no-l2/attempts/rom16k/soc/gateware/rtos_fit_candidate_2_pinned_lite_no_l2.v":22453)
WARN  (EX3780) : Using initial value of 'cmdr_pads_in_pads_in_payload_data_i_ce' since it is never assigned("/home/user/git/fpga/sipeedtangprimer20k-riscv/build/rtos-system-fit/20261006T222108.353939Z/candidates/candidate-2-pinned-lite-no-l2/attempts/rom16k/soc/gateware/rtos_fit_candidate_2_pinned_lite_no_l2.v":22455)
WARN  (EX3780) : Using initial value of 'cmdr_pads_in_pads_in_payload_data_o' since it is never assigned("/home/user/git/fpga/sipeedtangprimer20k-riscv/build/rtos-system-fit/20261006T222108.353939Z/candidates/candidate-2-pinned-lite-no-l2/attempts/rom16k/soc/gateware/rtos_fit_candidate_2_pinned_lite_no_l2.v":22456)
WARN  (EX3780) : Using initial value of 'cmdr_pads_in_pads_in_payload_data_oe' since it is never assigned("/home/user/git/fpga/sipeedtangprimer20k-riscv/build/rtos-system-fit/20261006T222108.353939Z/candidates/candidate-2-pinned-lite-no-l2/attempts/rom16k/soc/gateware/rtos_fit_candidate_2_pinned_lite_no_l2.v":22457)
WARN  (EX3780) : Using initial value of 'cmdr_pads_out_payload_data_o' since it is never assigned("/home/user/git/fpga/sipeedtangprimer20k-riscv/build/rtos-system-fit/20261006T222108.353939Z/candidates/candidate-2-pinned-lite-no-l2/attempts/rom16k/soc/gateware/rtos_fit_candidate_2_pinned_lite_no_l2.v":22463)
WARN  (EX3780) : Using initial value of 'cmdr_pads_out_payload_data_oe' since it is never assigned("/home/user/git/fpga/sipeedtangprimer20k-riscv/build/rtos-system-fit/20261006T222108.353939Z/candidates/candidate-2-pinned-lite-no-l2/attempts/rom16k/soc/gateware/rtos_fit_candidate_2_pinned_lite_no_l2.v":22464)
WARN  (EX3780) : Using initial value of 'cmdw_pads_out_payload_data_o' since it is never assigned("/home/user/git/fpga/sipeedtangprimer20k-riscv/build/rtos-system-fit/20261006T222108.353939Z/candidates/candidate-2-pinned-lite-no-l2/attempts/rom16k/soc/gateware/rtos_fit_candidate_2_pinned_lite_no_l2.v":22480)
WARN  (EX3780) : Using initial value of 'cmdw_pads_out_payload_data_oe' since it is never assigned("/home/user/git/fpga/sipeedtangprimer20k-riscv/build/rtos-system-fit/20261006T222108.353939Z/candidates/candidate-2-pinned-lite-no-l2/attempts/rom16k/soc/gateware/rtos_fit_candidate_2_pinned_lite_no_l2.v":22481)
WARN  (EX3780) : Using initial value of 'datar_datar_1x_converter_converter_sink_first' since it is never assigned("/home/user/git/fpga/sipeedtangprimer20k-riscv/build/rtos-system-fit/20261006T222108.353939Z/candidates/candidate-2-pinned-lite-no-l2/attempts/rom16k/soc/gateware/rtos_fit_candidate_2_pinned_lite_no_l2.v":22547)
WARN  (EX3780) : Using initial value of 'datar_datar_1x_converter_converter_sink_last' since it is never assigned("/home/user/git/fpga/sipeedtangprimer20k-riscv/build/rtos-system-fit/20261006T222108.353939Z/candidates/candidate-2-pinned-lite-no-l2/attempts/rom16k/soc/gateware/rtos_fit_candidate_2_pinned_lite_no_l2.v":22548)
WARN  (EX3780) : Using initial value of 'datar_datar_1x_pads_in_ready' since it is never assigned("/home/user/git/fpga/sipeedtangprimer20k-riscv/build/rtos-system-fit/20261006T222108.353939Z/candidates/candidate-2-pinned-lite-no-l2/attempts/rom16k/soc/gateware/rtos_fit_candidate_2_pinned_lite_no_l2.v":22574)
WARN  (EX3780) : Using initial value of 'datar_datar_4x_converter_converter_sink_first' since it is never assigned("/home/user/git/fpga/sipeedtangprimer20k-riscv/build/rtos-system-fit/20261006T222108.353939Z/candidates/candidate-2-pinned-lite-no-l2/attempts/rom16k/soc/gateware/rtos_fit_candidate_2_pinned_lite_no_l2.v":22606)
WARN  (EX3780) : Using initial value of 'datar_datar_4x_converter_converter_sink_last' since it is never assigned("/home/user/git/fpga/sipeedtangprimer20k-riscv/build/rtos-system-fit/20261006T222108.353939Z/candidates/candidate-2-pinned-lite-no-l2/attempts/rom16k/soc/gateware/rtos_fit_candidate_2_pinned_lite_no_l2.v":22607)
WARN  (EX3780) : Using initial value of 'datar_datar_4x_pads_in_ready' since it is never assigned("/home/user/git/fpga/sipeedtangprimer20k-riscv/build/rtos-system-fit/20261006T222108.353939Z/candidates/candidate-2-pinned-lite-no-l2/attempts/rom16k/soc/gateware/rtos_fit_candidate_2_pinned_lite_no_l2.v":22633)
WARN  (EX3780) : Using initial value of 'datar_pads_in_pads_in_first' since it is never assigned("/home/user/git/fpga/sipeedtangprimer20k-riscv/build/rtos-system-fit/20261006T222108.353939Z/candidates/candidate-2-pinned-lite-no-l2/attempts/rom16k/soc/gateware/rtos_fit_candidate_2_pinned_lite_no_l2.v":22652)
WARN  (EX3780) : Using initial value of 'datar_pads_in_pads_in_last' since it is never assigned("/home/user/git/fpga/sipeedtangprimer20k-riscv/build/rtos-system-fit/20261006T222108.353939Z/candidates/candidate-2-pinned-lite-no-l2/attempts/rom16k/soc/gateware/rtos_fit_candidate_2_pinned_lite_no_l2.v":22653)
WARN  (EX3780) : Using initial value of 'datar_pads_in_pads_in_payload_clk' since it is never assigned("/home/user/git/fpga/sipeedtangprimer20k-riscv/build/rtos-system-fit/20261006T222108.353939Z/candidates/candidate-2-pinned-lite-no-l2/attempts/rom16k/soc/gateware/rtos_fit_candidate_2_pinned_lite_no_l2.v":22654)
WARN  (EX3780) : Using initial value of 'datar_pads_in_pads_in_payload_cmd_o' since it is never assigned("/home/user/git/fpga/sipeedtangprimer20k-riscv/build/rtos-system-fit/20261006T222108.353939Z/candidates/candidate-2-pinned-lite-no-l2/attempts/rom16k/soc/gateware/rtos_fit_candidate_2_pinned_lite_no_l2.v":22656)
WARN  (EX3780) : Using initial value of 'datar_pads_in_pads_in_payload_cmd_oe' since it is never assigned("/home/user/git/fpga/sipeedtangprimer20k-riscv/build/rtos-system-fit/20261006T222108.353939Z/candidates/candidate-2-pinned-lite-no-l2/attempts/rom16k/soc/gateware/rtos_fit_candidate_2_pinned_lite_no_l2.v":22657)
WARN  (EX3780) : Using initial value of 'datar_pads_in_pads_in_payload_data_i_ce' since it is never assigned("/home/user/git/fpga/sipeedtangprimer20k-riscv/build/rtos-system-fit/20261006T222108.353939Z/candidates/candidate-2-pinned-lite-no-l2/attempts/rom16k/soc/gateware/rtos_fit_candidate_2_pinned_lite_no_l2.v":22659)
WARN  (EX3780) : Using initial value of 'datar_pads_in_pads_in_payload_data_o' since it is never assigned("/home/user/git/fpga/sipeedtangprimer20k-riscv/build/rtos-system-fit/20261006T222108.353939Z/candidates/candidate-2-pinned-lite-no-l2/attempts/rom16k/soc/gateware/rtos_fit_candidate_2_pinned_lite_no_l2.v":22660)
WARN  (EX3780) : Using initial value of 'datar_pads_in_pads_in_payload_data_oe' since it is never assigned("/home/user/git/fpga/sipeedtangprimer20k-riscv/build/rtos-system-fit/20261006T222108.353939Z/candidates/candidate-2-pinned-lite-no-l2/attempts/rom16k/soc/gateware/rtos_fit_candidate_2_pinned_lite_no_l2.v":22661)
WARN  (EX3780) : Using initial value of 'datar_pads_out_payload_cmd_o' since it is never assigned("/home/user/git/fpga/sipeedtangprimer20k-riscv/build/rtos-system-fit/20261006T222108.353939Z/candidates/candidate-2-pinned-lite-no-l2/attempts/rom16k/soc/gateware/rtos_fit_candidate_2_pinned_lite_no_l2.v":22665)
WARN  (EX3780) : Using initial value of 'datar_pads_out_payload_cmd_oe' since it is never assigned("/home/user/git/fpga/sipeedtangprimer20k-riscv/build/rtos-system-fit/20261006T222108.353939Z/candidates/candidate-2-pinned-lite-no-l2/attempts/rom16k/soc/gateware/rtos_fit_candidate_2_pinned_lite_no_l2.v":22666)
WARN  (EX3780) : Using initial value of 'datar_pads_out_payload_data_o' since it is never assigned("/home/user/git/fpga/sipeedtangprimer20k-riscv/build/rtos-system-fit/20261006T222108.353939Z/candidates/candidate-2-pinned-lite-no-l2/attempts/rom16k/soc/gateware/rtos_fit_candidate_2_pinned_lite_no_l2.v":22667)
WARN  (EX3780) : Using initial value of 'datar_pads_out_payload_data_oe' since it is never assigned("/home/user/git/fpga/sipeedtangprimer20k-riscv/build/rtos-system-fit/20261006T222108.353939Z/candidates/candidate-2-pinned-lite-no-l2/attempts/rom16k/soc/gateware/rtos_fit_candidate_2_pinned_lite_no_l2.v":22668)
WARN  (EX3780) : Using initial value of 'dataw_crc_converter_converter_sink_first' since it is never assigned("/home/user/git/fpga/sipeedtangprimer20k-riscv/build/rtos-system-fit/20261006T222108.353939Z/candidates/candidate-2-pinned-lite-no-l2/attempts/rom16k/soc/gateware/rtos_fit_candidate_2_pinned_lite_no_l2.v":22730)
WARN  (EX3780) : Using initial value of 'dataw_crc_converter_converter_sink_last' since it is never assigned("/home/user/git/fpga/sipeedtangprimer20k-riscv/build/rtos-system-fit/20261006T222108.353939Z/candidates/candidate-2-pinned-lite-no-l2/attempts/rom16k/soc/gateware/rtos_fit_candidate_2_pinned_lite_no_l2.v":22731)
WARN  (EX3780) : Using initial value of 'dataw_crc_source_ready' since it is never assigned("/home/user/git/fpga/sipeedtangprimer20k-riscv/build/rtos-system-fit/20261006T222108.353939Z/candidates/candidate-2-pinned-lite-no-l2/attempts/rom16k/soc/gateware/rtos_fit_candidate_2_pinned_lite_no_l2.v":22767)
WARN  (EX3780) : Using initial value of 'dataw_pads_in_pads_in_first' since it is never assigned("/home/user/git/fpga/sipeedtangprimer20k-riscv/build/rtos-system-fit/20261006T222108.353939Z/candidates/candidate-2-pinned-lite-no-l2/attempts/rom16k/soc/gateware/rtos_fit_candidate_2_pinned_lite_no_l2.v":22770)
WARN  (EX3780) : Using initial value of 'dataw_pads_in_pads_in_last' since it is never assigned("/home/user/git/fpga/sipeedtangprimer20k-riscv/build/rtos-system-fit/20261006T222108.353939Z/candidates/candidate-2-pinned-lite-no-l2/attempts/rom16k/soc/gateware/rtos_fit_candidate_2_pinned_lite_no_l2.v":22771)
WARN  (EX3780) : Using initial value of 'dataw_pads_in_pads_in_payload_clk' since it is never assigned("/home/user/git/fpga/sipeedtangprimer20k-riscv/build/rtos-system-fit/20261006T222108.353939Z/candidates/candidate-2-pinned-lite-no-l2/attempts/rom16k/soc/gateware/rtos_fit_candidate_2_pinned_lite_no_l2.v":22772)
WARN  (EX3780) : Using initial value of 'dataw_pads_in_pads_in_payload_cmd_o' since it is never assigned("/home/user/git/fpga/sipeedtangprimer20k-riscv/build/rtos-system-fit/20261006T222108.353939Z/candidates/candidate-2-pinned-lite-no-l2/attempts/rom16k/soc/gateware/rtos_fit_candidate_2_pinned_lite_no_l2.v":22774)
WARN  (EX3780) : Using initial value of 'dataw_pads_in_pads_in_payload_cmd_oe' since it is never assigned("/home/user/git/fpga/sipeedtangprimer20k-riscv/build/rtos-system-fit/20261006T222108.353939Z/candidates/candidate-2-pinned-lite-no-l2/attempts/rom16k/soc/gateware/rtos_fit_candidate_2_pinned_lite_no_l2.v":22775)
WARN  (EX3780) : Using initial value of 'dataw_pads_in_pads_in_payload_data_i_ce' since it is never assigned("/home/user/git/fpga/sipeedtangprimer20k-riscv/build/rtos-system-fit/20261006T222108.353939Z/candidates/candidate-2-pinned-lite-no-l2/attempts/rom16k/soc/gateware/rtos_fit_candidate_2_pinned_lite_no_l2.v":22777)
WARN  (EX3780) : Using initial value of 'dataw_pads_in_pads_in_payload_data_o' since it is never assigned("/home/user/git/fpga/sipeedtangprimer20k-riscv/build/rtos-system-fit/20261006T222108.353939Z/candidates/candidate-2-pinned-lite-no-l2/attempts/rom16k/soc/gateware/rtos_fit_candidate_2_pinned_lite_no_l2.v":22778)
WARN  (EX3780) : Using initial value of 'dataw_pads_in_pads_in_payload_data_oe' since it is never assigned("/home/user/git/fpga/sipeedtangprimer20k-riscv/build/rtos-system-fit/20261006T222108.353939Z/candidates/candidate-2-pinned-lite-no-l2/attempts/rom16k/soc/gateware/rtos_fit_candidate_2_pinned_lite_no_l2.v":22779)
WARN  (EX3780) : Using initial value of 'dataw_pads_in_pads_in_ready' since it is never assigned("/home/user/git/fpga/sipeedtangprimer20k-riscv/build/rtos-system-fit/20261006T222108.353939Z/candidates/candidate-2-pinned-lite-no-l2/attempts/rom16k/soc/gateware/rtos_fit_candidate_2_pinned_lite_no_l2.v":22780)
Compiling module 'rtos_fit_candidate_2_pinned_lite_no_l2__sdcard__phy__io'("/home/user/git/fpga/sipeedtangprimer20k-riscv/build/rtos-system-fit/20261006T222108.353939Z/candidates/candidate-2-pinned-lite-no-l2/attempts/rom16k/soc/gateware/rtos_fit_candidate_2_pinned_lite_no_l2.v":22122)
Compiling module 'rtos_fit_candidate_2_pinned_lite_no_l2__sdcard__ev'("/home/user/git/fpga/sipeedtangprimer20k-riscv/build/rtos-system-fit/20261006T222108.353939Z/candidates/candidate-2-pinned-lite-no-l2/attempts/rom16k/soc/gateware/rtos_fit_candidate_2_pinned_lite_no_l2.v":25892)
Compiling module 'rtos_fit_candidate_2_pinned_lite_no_l2__sdcard__ev__eventsourcepulse_0'("/home/user/git/fpga/sipeedtangprimer20k-riscv/build/rtos-system-fit/20261006T222108.353939Z/candidates/candidate-2-pinned-lite-no-l2/attempts/rom16k/soc/gateware/rtos_fit_candidate_2_pinned_lite_no_l2.v":25650)
Compiling module 'rtos_fit_candidate_2_pinned_lite_no_l2__sdcard__ev__eventsourcepulse_1'("/home/user/git/fpga/sipeedtangprimer20k-riscv/build/rtos-system-fit/20261006T222108.353939Z/candidates/candidate-2-pinned-lite-no-l2/attempts/rom16k/soc/gateware/rtos_fit_candidate_2_pinned_lite_no_l2.v":25704)
Compiling module 'rtos_fit_candidate_2_pinned_lite_no_l2__sdcard__ev__eventsourcepulse_2'("/home/user/git/fpga/sipeedtangprimer20k-riscv/build/rtos-system-fit/20261006T222108.353939Z/candidates/candidate-2-pinned-lite-no-l2/attempts/rom16k/soc/gateware/rtos_fit_candidate_2_pinned_lite_no_l2.v":25758)
Compiling module 'rtos_fit_candidate_2_pinned_lite_no_l2__sdcard__ev__eventsourcelevel_0'("/home/user/git/fpga/sipeedtangprimer20k-riscv/build/rtos-system-fit/20261006T222108.353939Z/candidates/candidate-2-pinned-lite-no-l2/attempts/rom16k/soc/gateware/rtos_fit_candidate_2_pinned_lite_no_l2.v":25812)
Compiling module 'rtos_fit_candidate_2_pinned_lite_no_l2__sdcard__ev__eventsourcelevel_1'("/home/user/git/fpga/sipeedtangprimer20k-riscv/build/rtos-system-fit/20261006T222108.353939Z/candidates/candidate-2-pinned-lite-no-l2/attempts/rom16k/soc/gateware/rtos_fit_candidate_2_pinned_lite_no_l2.v":25852)
WARN  (EX3791) : Expression size 136 truncated to fit in target size 128("/home/user/git/fpga/sipeedtangprimer20k-riscv/build/rtos-system-fit/20261006T222108.353939Z/candidates/candidate-2-pinned-lite-no-l2/attempts/rom16k/soc/gateware/rtos_fit_candidate_2_pinned_lite_no_l2.v":27102)
WARN  (EX3791) : Expression size 136 truncated to fit in target size 128("/home/user/git/fpga/sipeedtangprimer20k-riscv/build/rtos-system-fit/20261006T222108.353939Z/candidates/candidate-2-pinned-lite-no-l2/attempts/rom16k/soc/gateware/rtos_fit_candidate_2_pinned_lite_no_l2.v":27105)
WARN  (EX3791) : Expression size 62 truncated to fit in target size 30("/home/user/git/fpga/sipeedtangprimer20k-riscv/build/rtos-system-fit/20261006T222108.353939Z/candidates/candidate-2-pinned-lite-no-l2/attempts/rom16k/soc/gateware/rtos_fit_candidate_2_pinned_lite_no_l2.v":27914)
WARN  (EX3791) : Expression size 62 truncated to fit in target size 30("/home/user/git/fpga/sipeedtangprimer20k-riscv/build/rtos-system-fit/20261006T222108.353939Z/candidates/candidate-2-pinned-lite-no-l2/attempts/rom16k/soc/gateware/rtos_fit_candidate_2_pinned_lite_no_l2.v":28119)
Compiling module 'rtos_fit_candidate_2_pinned_lite_no_l2__csr_bridge'("/home/user/git/fpga/sipeedtangprimer20k-riscv/build/rtos-system-fit/20261006T222108.353939Z/candidates/candidate-2-pinned-lite-no-l2/attempts/rom16k/soc/gateware/rtos_fit_candidate_2_pinned_lite_no_l2.v":28842)
Compiling module 'rtos_fit_candidate_2_pinned_lite_no_l2__csr_bridge__fsm'("/home/user/git/fpga/sipeedtangprimer20k-riscv/build/rtos-system-fit/20261006T222108.353939Z/candidates/candidate-2-pinned-lite-no-l2/attempts/rom16k/soc/gateware/rtos_fit_candidate_2_pinned_lite_no_l2.v":28692)
WARN  (EX3791) : Expression size 30 truncated to fit in target size 14("/home/user/git/fpga/sipeedtangprimer20k-riscv/build/rtos-system-fit/20261006T222108.353939Z/candidates/candidate-2-pinned-lite-no-l2/attempts/rom16k/soc/gateware/rtos_fit_candidate_2_pinned_lite_no_l2.v":28781)
Compiling module 'rtos_fit_candidate_2_pinned_lite_no_l2__csr_bankarray'("/home/user/git/fpga/sipeedtangprimer20k-riscv/build/rtos-system-fit/20261006T222108.353939Z/candidates/candidate-2-pinned-lite-no-l2/attempts/rom16k/soc/gateware/rtos_fit_candidate_2_pinned_lite_no_l2.v":36954)
Compiling module 'rtos_fit_candidate_2_pinned_lite_no_l2__csr_bankarray__csrbank_0'("/home/user/git/fpga/sipeedtangprimer20k-riscv/build/rtos-system-fit/20261006T222108.353939Z/candidates/candidate-2-pinned-lite-no-l2/attempts/rom16k/soc/gateware/rtos_fit_candidate_2_pinned_lite_no_l2.v":29092)
Compiling module 'rtos_fit_candidate_2_pinned_lite_no_l2__csr_bankarray__csrbank_0__csrstorage_0'("/home/user/git/fpga/sipeedtangprimer20k-riscv/build/rtos-system-fit/20261006T222108.353939Z/candidates/candidate-2-pinned-lite-no-l2/attempts/rom16k/soc/gateware/rtos_fit_candidate_2_pinned_lite_no_l2.v":28923)
Compiling module 'rtos_fit_candidate_2_pinned_lite_no_l2__csr_bankarray__csrbank_0__csrstorage_1'("/home/user/git/fpga/sipeedtangprimer20k-riscv/build/rtos-system-fit/20261006T222108.353939Z/candidates/candidate-2-pinned-lite-no-l2/attempts/rom16k/soc/gateware/rtos_fit_candidate_2_pinned_lite_no_l2.v":28986)
Compiling module 'rtos_fit_candidate_2_pinned_lite_no_l2__csr_bankarray__csrbank_0__csrstatus_0'("/home/user/git/fpga/sipeedtangprimer20k-riscv/build/rtos-system-fit/20261006T222108.353939Z/candidates/candidate-2-pinned-lite-no-l2/attempts/rom16k/soc/gateware/rtos_fit_candidate_2_pinned_lite_no_l2.v":29040)
Compiling module 'rtos_fit_candidate_2_pinned_lite_no_l2__csr_bankarray__csrbank_1'("/home/user/git/fpga/sipeedtangprimer20k-riscv/build/rtos-system-fit/20261006T222108.353939Z/candidates/candidate-2-pinned-lite-no-l2/attempts/rom16k/soc/gateware/rtos_fit_candidate_2_pinned_lite_no_l2.v":29394)
Compiling module 'rtos_fit_candidate_2_pinned_lite_no_l2__csr_bankarray__csrbank_1__csrstorage_0'("/home/user/git/fpga/sipeedtangprimer20k-riscv/build/rtos-system-fit/20261006T222108.353939Z/candidates/candidate-2-pinned-lite-no-l2/attempts/rom16k/soc/gateware/rtos_fit_candidate_2_pinned_lite_no_l2.v":29234)
Compiling module 'rtos_fit_candidate_2_pinned_lite_no_l2__csr_bankarray__csrbank_1__csrstorage_1'("/home/user/git/fpga/sipeedtangprimer20k-riscv/build/rtos-system-fit/20261006T222108.353939Z/candidates/candidate-2-pinned-lite-no-l2/attempts/rom16k/soc/gateware/rtos_fit_candidate_2_pinned_lite_no_l2.v":29288)
Compiling module 'rtos_fit_candidate_2_pinned_lite_no_l2__csr_bankarray__csrbank_1__csrstatus_0'("/home/user/git/fpga/sipeedtangprimer20k-riscv/build/rtos-system-fit/20261006T222108.353939Z/candidates/candidate-2-pinned-lite-no-l2/attempts/rom16k/soc/gateware/rtos_fit_candidate_2_pinned_lite_no_l2.v":29342)
Compiling module 'rtos_fit_candidate_2_pinned_lite_no_l2__csr_bankarray__csrbank_2'("/home/user/git/fpga/sipeedtangprimer20k-riscv/build/rtos-system-fit/20261006T222108.353939Z/candidates/candidate-2-pinned-lite-no-l2/attempts/rom16k/soc/gateware/rtos_fit_candidate_2_pinned_lite_no_l2.v":30474)
Compiling module 'rtos_fit_candidate_2_pinned_lite_no_l2__csr_bankarray__csrbank_2__csrstatus_0'("/home/user/git/fpga/sipeedtangprimer20k-riscv/build/rtos-system-fit/20261006T222108.353939Z/candidates/candidate-2-pinned-lite-no-l2/attempts/rom16k/soc/gateware/rtos_fit_candidate_2_pinned_lite_no_l2.v":29612)
Compiling module 'rtos_fit_candidate_2_pinned_lite_no_l2__csr_bankarray__csrbank_2__csrstatus_1'("/home/user/git/fpga/sipeedtangprimer20k-riscv/build/rtos-system-fit/20261006T222108.353939Z/candidates/candidate-2-pinned-lite-no-l2/attempts/rom16k/soc/gateware/rtos_fit_candidate_2_pinned_lite_no_l2.v":29664)
Compiling module 'rtos_fit_candidate_2_pinned_lite_no_l2__csr_bankarray__csrbank_2__csrstatus_2'("/home/user/git/fpga/sipeedtangprimer20k-riscv/build/rtos-system-fit/20261006T222108.353939Z/candidates/candidate-2-pinned-lite-no-l2/attempts/rom16k/soc/gateware/rtos_fit_candidate_2_pinned_lite_no_l2.v":29716)
Compiling module 'rtos_fit_candidate_2_pinned_lite_no_l2__csr_bankarray__csrbank_2__csrstatus_3'("/home/user/git/fpga/sipeedtangprimer20k-riscv/build/rtos-system-fit/20261006T222108.353939Z/candidates/candidate-2-pinned-lite-no-l2/attempts/rom16k/soc/gateware/rtos_fit_candidate_2_pinned_lite_no_l2.v":29768)
Compiling module 'rtos_fit_candidate_2_pinned_lite_no_l2__csr_bankarray__csrbank_2__csrstatus_4'("/home/user/git/fpga/sipeedtangprimer20k-riscv/build/rtos-system-fit/20261006T222108.353939Z/candidates/candidate-2-pinned-lite-no-l2/attempts/rom16k/soc/gateware/rtos_fit_candidate_2_pinned_lite_no_l2.v":29822)
Compiling module 'rtos_fit_candidate_2_pinned_lite_no_l2__csr_bankarray__csrbank_2__csrstorage_0'("/home/user/git/fpga/sipeedtangprimer20k-riscv/build/rtos-system-fit/20261006T222108.353939Z/candidates/candidate-2-pinned-lite-no-l2/attempts/rom16k/soc/gateware/rtos_fit_candidate_2_pinned_lite_no_l2.v":29882)
Compiling module 'rtos_fit_candidate_2_pinned_lite_no_l2__csr_bankarray__csrbank_2__csrstatus_5'("/home/user/git/fpga/sipeedtangprimer20k-riscv/build/rtos-system-fit/20261006T222108.353939Z/candidates/candidate-2-pinned-lite-no-l2/attempts/rom16k/soc/gateware/rtos_fit_candidate_2_pinned_lite_no_l2.v":29938)
Compiling module 'rtos_fit_candidate_2_pinned_lite_no_l2__csr_bankarray__csrbank_2__csrstatus_6'("/home/user/git/fpga/sipeedtangprimer20k-riscv/build/rtos-system-fit/20261006T222108.353939Z/candidates/candidate-2-pinned-lite-no-l2/attempts/rom16k/soc/gateware/rtos_fit_candidate_2_pinned_lite_no_l2.v":29990)
Compiling module 'rtos_fit_candidate_2_pinned_lite_no_l2__csr_bankarray__csrbank_2__csrstorage_1'("/home/user/git/fpga/sipeedtangprimer20k-riscv/build/rtos-system-fit/20261006T222108.353939Z/candidates/candidate-2-pinned-lite-no-l2/attempts/rom16k/soc/gateware/rtos_fit_candidate_2_pinned_lite_no_l2.v":30042)
Compiling module 'rtos_fit_candidate_2_pinned_lite_no_l2__csr_bankarray__csrbank_2__csrstorage_2'("/home/user/git/fpga/sipeedtangprimer20k-riscv/build/rtos-system-fit/20261006T222108.353939Z/candidates/candidate-2-pinned-lite-no-l2/attempts/rom16k/soc/gateware/rtos_fit_candidate_2_pinned_lite_no_l2.v":30095)
Compiling module 'rtos_fit_candidate_2_pinned_lite_no_l2__csr_bankarray__csrbank_2__csrstatus_7'("/home/user/git/fpga/sipeedtangprimer20k-riscv/build/rtos-system-fit/20261006T222108.353939Z/candidates/candidate-2-pinned-lite-no-l2/attempts/rom16k/soc/gateware/rtos_fit_candidate_2_pinned_lite_no_l2.v":30148)
Compiling module 'rtos_fit_candidate_2_pinned_lite_no_l2__csr_bankarray__csrbank_2__csrstatus_8'("/home/user/git/fpga/sipeedtangprimer20k-riscv/build/rtos-system-fit/20261006T222108.353939Z/candidates/candidate-2-pinned-lite-no-l2/attempts/rom16k/soc/gateware/rtos_fit_candidate_2_pinned_lite_no_l2.v":30202)
Compiling module 'rtos_fit_candidate_2_pinned_lite_no_l2__csr_bankarray__csrbank_2__csrstorage_3'("/home/user/git/fpga/sipeedtangprimer20k-riscv/build/rtos-system-fit/20261006T222108.353939Z/candidates/candidate-2-pinned-lite-no-l2/attempts/rom16k/soc/gateware/rtos_fit_candidate_2_pinned_lite_no_l2.v":30262)
Compiling module 'rtos_fit_candidate_2_pinned_lite_no_l2__csr_bankarray__csrbank_2__csrstatus_9'("/home/user/git/fpga/sipeedtangprimer20k-riscv/build/rtos-system-fit/20261006T222108.353939Z/candidates/candidate-2-pinned-lite-no-l2/attempts/rom16k/soc/gateware/rtos_fit_candidate_2_pinned_lite_no_l2.v":30318)
Compiling module 'rtos_fit_candidate_2_pinned_lite_no_l2__csr_bankarray__csrbank_2__csrstatus_10'("/home/user/git/fpga/sipeedtangprimer20k-riscv/build/rtos-system-fit/20261006T222108.353939Z/candidates/candidate-2-pinned-lite-no-l2/attempts/rom16k/soc/gateware/rtos_fit_candidate_2_pinned_lite_no_l2.v":30370)
Compiling module 'rtos_fit_candidate_2_pinned_lite_no_l2__csr_bankarray__csrbank_2__csrstatus_11'("/home/user/git/fpga/sipeedtangprimer20k-riscv/build/rtos-system-fit/20261006T222108.353939Z/candidates/candidate-2-pinned-lite-no-l2/attempts/rom16k/soc/gateware/rtos_fit_candidate_2_pinned_lite_no_l2.v":30422)
Compiling module 'rtos_fit_candidate_2_pinned_lite_no_l2__csr_bankarray__csrbank_3'("/home/user/git/fpga/sipeedtangprimer20k-riscv/build/rtos-system-fit/20261006T222108.353939Z/candidates/candidate-2-pinned-lite-no-l2/attempts/rom16k/soc/gateware/rtos_fit_candidate_2_pinned_lite_no_l2.v":31187)
Compiling module 'rtos_fit_candidate_2_pinned_lite_no_l2__csr_bankarray__csrbank_3__csrstorage_0'("/home/user/git/fpga/sipeedtangprimer20k-riscv/build/rtos-system-fit/20261006T222108.353939Z/candidates/candidate-2-pinned-lite-no-l2/attempts/rom16k/soc/gateware/rtos_fit_candidate_2_pinned_lite_no_l2.v":31019)
Compiling module 'rtos_fit_candidate_2_pinned_lite_no_l2__csr_bankarray__csrbank_3__csrstorage_1'("/home/user/git/fpga/sipeedtangprimer20k-riscv/build/rtos-system-fit/20261006T222108.353939Z/candidates/candidate-2-pinned-lite-no-l2/attempts/rom16k/soc/gateware/rtos_fit_candidate_2_pinned_lite_no_l2.v":31073)
Compiling module 'rtos_fit_candidate_2_pinned_lite_no_l2__csr_bankarray__csrbank_3__csrstatus_0'("/home/user/git/fpga/sipeedtangprimer20k-riscv/build/rtos-system-fit/20261006T222108.353939Z/candidates/candidate-2-pinned-lite-no-l2/attempts/rom16k/soc/gateware/rtos_fit_candidate_2_pinned_lite_no_l2.v":31133)
Compiling module 'rtos_fit_candidate_2_pinned_lite_no_l2__csr_bankarray__sram_0'("/home/user/git/fpga/sipeedtangprimer20k-riscv/build/rtos-system-fit/20261006T222108.353939Z/candidates/candidate-2-pinned-lite-no-l2/attempts/rom16k/soc/gateware/rtos_fit_candidate_2_pinned_lite_no_l2.v":31333)
Compiling module 'rtos_fit_candidate_2_pinned_lite_no_l2__csr_bankarray__csrbank_4'("/home/user/git/fpga/sipeedtangprimer20k-riscv/build/rtos-system-fit/20261006T222108.353939Z/candidates/candidate-2-pinned-lite-no-l2/attempts/rom16k/soc/gateware/rtos_fit_candidate_2_pinned_lite_no_l2.v":33142)
Compiling module 'rtos_fit_candidate_2_pinned_lite_no_l2__csr_bankarray__csrbank_4__csrstatus_0'("/home/user/git/fpga/sipeedtangprimer20k-riscv/build/rtos-system-fit/20261006T222108.353939Z/candidates/candidate-2-pinned-lite-no-l2/attempts/rom16k/soc/gateware/rtos_fit_candidate_2_pinned_lite_no_l2.v":31391)
Compiling module 'rtos_fit_candidate_2_pinned_lite_no_l2__csr_bankarray__csrbank_4__csrstorage_0'("/home/user/git/fpga/sipeedtangprimer20k-riscv/build/rtos-system-fit/20261006T222108.353939Z/candidates/candidate-2-pinned-lite-no-l2/attempts/rom16k/soc/gateware/rtos_fit_candidate_2_pinned_lite_no_l2.v":31443)
Compiling module 'rtos_fit_candidate_2_pinned_lite_no_l2__csr_bankarray__csrbank_4__csrstorage_1'("/home/user/git/fpga/sipeedtangprimer20k-riscv/build/rtos-system-fit/20261006T222108.353939Z/candidates/candidate-2-pinned-lite-no-l2/attempts/rom16k/soc/gateware/rtos_fit_candidate_2_pinned_lite_no_l2.v":31497)
Compiling module 'rtos_fit_candidate_2_pinned_lite_no_l2__csr_bankarray__csrbank_4__csrstatus_1'("/home/user/git/fpga/sipeedtangprimer20k-riscv/build/rtos-system-fit/20261006T222108.353939Z/candidates/candidate-2-pinned-lite-no-l2/attempts/rom16k/soc/gateware/rtos_fit_candidate_2_pinned_lite_no_l2.v":31551)
Compiling module 'rtos_fit_candidate_2_pinned_lite_no_l2__csr_bankarray__csrbank_4__csrstorage_2'("/home/user/git/fpga/sipeedtangprimer20k-riscv/build/rtos-system-fit/20261006T222108.353939Z/candidates/candidate-2-pinned-lite-no-l2/attempts/rom16k/soc/gateware/rtos_fit_candidate_2_pinned_lite_no_l2.v":31612)
Compiling module 'rtos_fit_candidate_2_pinned_lite_no_l2__csr_bankarray__csrbank_4__csrstorage_3'("/home/user/git/fpga/sipeedtangprimer20k-riscv/build/rtos-system-fit/20261006T222108.353939Z/candidates/candidate-2-pinned-lite-no-l2/attempts/rom16k/soc/gateware/rtos_fit_candidate_2_pinned_lite_no_l2.v":31666)
Compiling module 'rtos_fit_candidate_2_pinned_lite_no_l2__csr_bankarray__csrbank_4__csrstorage_4'("/home/user/git/fpga/sipeedtangprimer20k-riscv/build/rtos-system-fit/20261006T222108.353939Z/candidates/candidate-2-pinned-lite-no-l2/attempts/rom16k/soc/gateware/rtos_fit_candidate_2_pinned_lite_no_l2.v":31722)
Compiling module 'rtos_fit_candidate_2_pinned_lite_no_l2__csr_bankarray__csrbank_4__csrstorage_5'("/home/user/git/fpga/sipeedtangprimer20k-riscv/build/rtos-system-fit/20261006T222108.353939Z/candidates/candidate-2-pinned-lite-no-l2/attempts/rom16k/soc/gateware/rtos_fit_candidate_2_pinned_lite_no_l2.v":31776)
Compiling module 'rtos_fit_candidate_2_pinned_lite_no_l2__csr_bankarray__csrbank_4__csrstorage_6'("/home/user/git/fpga/sipeedtangprimer20k-riscv/build/rtos-system-fit/20261006T222108.353939Z/candidates/candidate-2-pinned-lite-no-l2/attempts/rom16k/soc/gateware/rtos_fit_candidate_2_pinned_lite_no_l2.v":31838)
Compiling module 'rtos_fit_candidate_2_pinned_lite_no_l2__csr_bankarray__csrbank_4__csrstatus_2'("/home/user/git/fpga/sipeedtangprimer20k-riscv/build/rtos-system-fit/20261006T222108.353939Z/candidates/candidate-2-pinned-lite-no-l2/attempts/rom16k/soc/gateware/rtos_fit_candidate_2_pinned_lite_no_l2.v":31892)
Compiling module 'rtos_fit_candidate_2_pinned_lite_no_l2__csr_bankarray__csrbank_4__csrstatus_3'("/home/user/git/fpga/sipeedtangprimer20k-riscv/build/rtos-system-fit/20261006T222108.353939Z/candidates/candidate-2-pinned-lite-no-l2/attempts/rom16k/soc/gateware/rtos_fit_candidate_2_pinned_lite_no_l2.v":31950)
Compiling module 'rtos_fit_candidate_2_pinned_lite_no_l2__csr_bankarray__csrbank_4__csrstatus_4'("/home/user/git/fpga/sipeedtangprimer20k-riscv/build/rtos-system-fit/20261006T222108.353939Z/candidates/candidate-2-pinned-lite-no-l2/attempts/rom16k/soc/gateware/rtos_fit_candidate_2_pinned_lite_no_l2.v":32013)
Compiling module 'rtos_fit_candidate_2_pinned_lite_no_l2__csr_bankarray__csrbank_4__csrstorage_7'("/home/user/git/fpga/sipeedtangprimer20k-riscv/build/rtos-system-fit/20261006T222108.353939Z/candidates/candidate-2-pinned-lite-no-l2/attempts/rom16k/soc/gateware/rtos_fit_candidate_2_pinned_lite_no_l2.v":32076)
Compiling module 'rtos_fit_candidate_2_pinned_lite_no_l2__csr_bankarray__csrbank_4__csrstorage_8'("/home/user/git/fpga/sipeedtangprimer20k-riscv/build/rtos-system-fit/20261006T222108.353939Z/candidates/candidate-2-pinned-lite-no-l2/attempts/rom16k/soc/gateware/rtos_fit_candidate_2_pinned_lite_no_l2.v":32130)
Compiling module 'rtos_fit_candidate_2_pinned_lite_no_l2__csr_bankarray__csrbank_4__csrstorage_9'("/home/user/git/fpga/sipeedtangprimer20k-riscv/build/rtos-system-fit/20261006T222108.353939Z/candidates/candidate-2-pinned-lite-no-l2/attempts/rom16k/soc/gateware/rtos_fit_candidate_2_pinned_lite_no_l2.v":32184)
Compiling module 'rtos_fit_candidate_2_pinned_lite_no_l2__csr_bankarray__csrbank_4__csrstorage_10'("/home/user/git/fpga/sipeedtangprimer20k-riscv/build/rtos-system-fit/20261006T222108.353939Z/candidates/candidate-2-pinned-lite-no-l2/attempts/rom16k/soc/gateware/rtos_fit_candidate_2_pinned_lite_no_l2.v":32245)
Compiling module 'rtos_fit_candidate_2_pinned_lite_no_l2__csr_bankarray__csrbank_4__csrstorage_11'("/home/user/git/fpga/sipeedtangprimer20k-riscv/build/rtos-system-fit/20261006T222108.353939Z/candidates/candidate-2-pinned-lite-no-l2/attempts/rom16k/soc/gateware/rtos_fit_candidate_2_pinned_lite_no_l2.v":32299)
Compiling module 'rtos_fit_candidate_2_pinned_lite_no_l2__csr_bankarray__csrbank_4__csrstatus_5'("/home/user/git/fpga/sipeedtangprimer20k-riscv/build/rtos-system-fit/20261006T222108.353939Z/candidates/candidate-2-pinned-lite-no-l2/attempts/rom16k/soc/gateware/rtos_fit_candidate_2_pinned_lite_no_l2.v":32353)
Compiling module 'rtos_fit_candidate_2_pinned_lite_no_l2__csr_bankarray__csrbank_4__csrstorage_12'("/home/user/git/fpga/sipeedtangprimer20k-riscv/build/rtos-system-fit/20261006T222108.353939Z/candidates/candidate-2-pinned-lite-no-l2/attempts/rom16k/soc/gateware/rtos_fit_candidate_2_pinned_lite_no_l2.v":32405)
Compiling module 'rtos_fit_candidate_2_pinned_lite_no_l2__csr_bankarray__csrbank_4__csrstatus_6'("/home/user/git/fpga/sipeedtangprimer20k-riscv/build/rtos-system-fit/20261006T222108.353939Z/candidates/candidate-2-pinned-lite-no-l2/attempts/rom16k/soc/gateware/rtos_fit_candidate_2_pinned_lite_no_l2.v":32459)
Compiling module 'rtos_fit_candidate_2_pinned_lite_no_l2__csr_bankarray__csrbank_4__csrstatus_7'("/home/user/git/fpga/sipeedtangprimer20k-riscv/build/rtos-system-fit/20261006T222108.353939Z/candidates/candidate-2-pinned-lite-no-l2/attempts/rom16k/soc/gateware/rtos_fit_candidate_2_pinned_lite_no_l2.v":32511)
Compiling module 'rtos_fit_candidate_2_pinned_lite_no_l2__csr_bankarray__csrbank_4__csrstorage_13'("/home/user/git/fpga/sipeedtangprimer20k-riscv/build/rtos-system-fit/20261006T222108.353939Z/candidates/candidate-2-pinned-lite-no-l2/attempts/rom16k/soc/gateware/rtos_fit_candidate_2_pinned_lite_no_l2.v":32563)
Compiling module 'rtos_fit_candidate_2_pinned_lite_no_l2__csr_bankarray__csrbank_4__csrstorage_14'("/home/user/git/fpga/sipeedtangprimer20k-riscv/build/rtos-system-fit/20261006T222108.353939Z/candidates/candidate-2-pinned-lite-no-l2/attempts/rom16k/soc/gateware/rtos_fit_candidate_2_pinned_lite_no_l2.v":32624)
Compiling module 'rtos_fit_candidate_2_pinned_lite_no_l2__csr_bankarray__csrbank_4__csrstorage_15'("/home/user/git/fpga/sipeedtangprimer20k-riscv/build/rtos-system-fit/20261006T222108.353939Z/candidates/candidate-2-pinned-lite-no-l2/attempts/rom16k/soc/gateware/rtos_fit_candidate_2_pinned_lite_no_l2.v":32678)
Compiling module 'rtos_fit_candidate_2_pinned_lite_no_l2__csr_bankarray__csrbank_4__csrstatus_8'("/home/user/git/fpga/sipeedtangprimer20k-riscv/build/rtos-system-fit/20261006T222108.353939Z/candidates/candidate-2-pinned-lite-no-l2/attempts/rom16k/soc/gateware/rtos_fit_candidate_2_pinned_lite_no_l2.v":32732)
Compiling module 'rtos_fit_candidate_2_pinned_lite_no_l2__csr_bankarray__csrbank_4__csrstorage_16'("/home/user/git/fpga/sipeedtangprimer20k-riscv/build/rtos-system-fit/20261006T222108.353939Z/candidates/candidate-2-pinned-lite-no-l2/attempts/rom16k/soc/gateware/rtos_fit_candidate_2_pinned_lite_no_l2.v":32784)
Compiling module 'rtos_fit_candidate_2_pinned_lite_no_l2__csr_bankarray__csrbank_4__csrstatus_9'("/home/user/git/fpga/sipeedtangprimer20k-riscv/build/rtos-system-fit/20261006T222108.353939Z/candidates/candidate-2-pinned-lite-no-l2/attempts/rom16k/soc/gateware/rtos_fit_candidate_2_pinned_lite_no_l2.v":32838)
Compiling module 'rtos_fit_candidate_2_pinned_lite_no_l2__csr_bankarray__csrbank_4__csrstatus_10'("/home/user/git/fpga/sipeedtangprimer20k-riscv/build/rtos-system-fit/20261006T222108.353939Z/candidates/candidate-2-pinned-lite-no-l2/attempts/rom16k/soc/gateware/rtos_fit_candidate_2_pinned_lite_no_l2.v":32890)
Compiling module 'rtos_fit_candidate_2_pinned_lite_no_l2__csr_bankarray__csrbank_4__csrstatus_11'("/home/user/git/fpga/sipeedtangprimer20k-riscv/build/rtos-system-fit/20261006T222108.353939Z/candidates/candidate-2-pinned-lite-no-l2/attempts/rom16k/soc/gateware/rtos_fit_candidate_2_pinned_lite_no_l2.v":32942)
Compiling module 'rtos_fit_candidate_2_pinned_lite_no_l2__csr_bankarray__csrbank_4__csrstatus_12'("/home/user/git/fpga/sipeedtangprimer20k-riscv/build/rtos-system-fit/20261006T222108.353939Z/candidates/candidate-2-pinned-lite-no-l2/attempts/rom16k/soc/gateware/rtos_fit_candidate_2_pinned_lite_no_l2.v":33007)
Compiling module 'rtos_fit_candidate_2_pinned_lite_no_l2__csr_bankarray__csrbank_4__csrstorage_17'("/home/user/git/fpga/sipeedtangprimer20k-riscv/build/rtos-system-fit/20261006T222108.353939Z/candidates/candidate-2-pinned-lite-no-l2/attempts/rom16k/soc/gateware/rtos_fit_candidate_2_pinned_lite_no_l2.v":33078)
Compiling module 'rtos_fit_candidate_2_pinned_lite_no_l2__csr_bankarray__csrbank_5'("/home/user/git/fpga/sipeedtangprimer20k-riscv/build/rtos-system-fit/20261006T222108.353939Z/candidates/candidate-2-pinned-lite-no-l2/attempts/rom16k/soc/gateware/rtos_fit_candidate_2_pinned_lite_no_l2.v":34872)
Compiling module 'rtos_fit_candidate_2_pinned_lite_no_l2__csr_bankarray__csrbank_5__csrstorage_0'("/home/user/git/fpga/sipeedtangprimer20k-riscv/build/rtos-system-fit/20261006T222108.353939Z/candidates/candidate-2-pinned-lite-no-l2/attempts/rom16k/soc/gateware/rtos_fit_candidate_2_pinned_lite_no_l2.v":34230)
Compiling module 'rtos_fit_candidate_2_pinned_lite_no_l2__csr_bankarray__csrbank_5__csrstorage_1'("/home/user/git/fpga/sipeedtangprimer20k-riscv/build/rtos-system-fit/20261006T222108.353939Z/candidates/candidate-2-pinned-lite-no-l2/attempts/rom16k/soc/gateware/rtos_fit_candidate_2_pinned_lite_no_l2.v":34292)
Compiling module 'rtos_fit_candidate_2_pinned_lite_no_l2__csr_bankarray__csrbank_5__csrstorage_2'("/home/user/git/fpga/sipeedtangprimer20k-riscv/build/rtos-system-fit/20261006T222108.353939Z/candidates/candidate-2-pinned-lite-no-l2/attempts/rom16k/soc/gateware/rtos_fit_candidate_2_pinned_lite_no_l2.v":34362)
Compiling module 'rtos_fit_candidate_2_pinned_lite_no_l2__csr_bankarray__csrbank_5__csrstorage_3'("/home/user/git/fpga/sipeedtangprimer20k-riscv/build/rtos-system-fit/20261006T222108.353939Z/candidates/candidate-2-pinned-lite-no-l2/attempts/rom16k/soc/gateware/rtos_fit_candidate_2_pinned_lite_no_l2.v":34415)
Compiling module 'rtos_fit_candidate_2_pinned_lite_no_l2__csr_bankarray__csrbank_5__csrstorage_4'("/home/user/git/fpga/sipeedtangprimer20k-riscv/build/rtos-system-fit/20261006T222108.353939Z/candidates/candidate-2-pinned-lite-no-l2/attempts/rom16k/soc/gateware/rtos_fit_candidate_2_pinned_lite_no_l2.v":34468)
Compiling module 'rtos_fit_candidate_2_pinned_lite_no_l2__csr_bankarray__csrbank_5__csrstatus_0'("/home/user/git/fpga/sipeedtangprimer20k-riscv/build/rtos-system-fit/20261006T222108.353939Z/candidates/candidate-2-pinned-lite-no-l2/attempts/rom16k/soc/gateware/rtos_fit_candidate_2_pinned_lite_no_l2.v":34528)
Compiling module 'rtos_fit_candidate_2_pinned_lite_no_l2__csr_bankarray__csrbank_5__csrstorage_5'("/home/user/git/fpga/sipeedtangprimer20k-riscv/build/rtos-system-fit/20261006T222108.353939Z/candidates/candidate-2-pinned-lite-no-l2/attempts/rom16k/soc/gateware/rtos_fit_candidate_2_pinned_lite_no_l2.v":34582)
Compiling module 'rtos_fit_candidate_2_pinned_lite_no_l2__csr_bankarray__csrbank_5__csrstorage_6'("/home/user/git/fpga/sipeedtangprimer20k-riscv/build/rtos-system-fit/20261006T222108.353939Z/candidates/candidate-2-pinned-lite-no-l2/attempts/rom16k/soc/gateware/rtos_fit_candidate_2_pinned_lite_no_l2.v":34652)
Compiling module 'rtos_fit_candidate_2_pinned_lite_no_l2__csr_bankarray__csrbank_5__csrstorage_7'("/home/user/git/fpga/sipeedtangprimer20k-riscv/build/rtos-system-fit/20261006T222108.353939Z/candidates/candidate-2-pinned-lite-no-l2/attempts/rom16k/soc/gateware/rtos_fit_candidate_2_pinned_lite_no_l2.v":34705)
Compiling module 'rtos_fit_candidate_2_pinned_lite_no_l2__csr_bankarray__csrbank_5__csrstorage_8'("/home/user/git/fpga/sipeedtangprimer20k-riscv/build/rtos-system-fit/20261006T222108.353939Z/candidates/candidate-2-pinned-lite-no-l2/attempts/rom16k/soc/gateware/rtos_fit_candidate_2_pinned_lite_no_l2.v":34758)
Compiling module 'rtos_fit_candidate_2_pinned_lite_no_l2__csr_bankarray__csrbank_5__csrstatus_1'("/home/user/git/fpga/sipeedtangprimer20k-riscv/build/rtos-system-fit/20261006T222108.353939Z/candidates/candidate-2-pinned-lite-no-l2/attempts/rom16k/soc/gateware/rtos_fit_candidate_2_pinned_lite_no_l2.v":34818)
Compiling module 'rtos_fit_candidate_2_pinned_lite_no_l2__csr_bankarray__csrbank_6'("/home/user/git/fpga/sipeedtangprimer20k-riscv/build/rtos-system-fit/20261006T222108.353939Z/candidates/candidate-2-pinned-lite-no-l2/attempts/rom16k/soc/gateware/rtos_fit_candidate_2_pinned_lite_no_l2.v":35918)
Compiling module 'rtos_fit_candidate_2_pinned_lite_no_l2__csr_bankarray__csrbank_6__csrstorage_0'("/home/user/git/fpga/sipeedtangprimer20k-riscv/build/rtos-system-fit/20261006T222108.353939Z/candidates/candidate-2-pinned-lite-no-l2/attempts/rom16k/soc/gateware/rtos_fit_candidate_2_pinned_lite_no_l2.v":35372)
Compiling module 'rtos_fit_candidate_2_pinned_lite_no_l2__csr_bankarray__csrbank_6__csrstorage_1'("/home/user/git/fpga/sipeedtangprimer20k-riscv/build/rtos-system-fit/20261006T222108.353939Z/candidates/candidate-2-pinned-lite-no-l2/attempts/rom16k/soc/gateware/rtos_fit_candidate_2_pinned_lite_no_l2.v":35426)
Compiling module 'rtos_fit_candidate_2_pinned_lite_no_l2__csr_bankarray__csrbank_6__csrstorage_2'("/home/user/git/fpga/sipeedtangprimer20k-riscv/build/rtos-system-fit/20261006T222108.353939Z/candidates/candidate-2-pinned-lite-no-l2/attempts/rom16k/soc/gateware/rtos_fit_candidate_2_pinned_lite_no_l2.v":35480)
Compiling module 'rtos_fit_candidate_2_pinned_lite_no_l2__csr_bankarray__csrbank_6__csrstorage_3'("/home/user/git/fpga/sipeedtangprimer20k-riscv/build/rtos-system-fit/20261006T222108.353939Z/candidates/candidate-2-pinned-lite-no-l2/attempts/rom16k/soc/gateware/rtos_fit_candidate_2_pinned_lite_no_l2.v":35534)
Compiling module 'rtos_fit_candidate_2_pinned_lite_no_l2__csr_bankarray__csrbank_6__csrstatus_0'("/home/user/git/fpga/sipeedtangprimer20k-riscv/build/rtos-system-fit/20261006T222108.353939Z/candidates/candidate-2-pinned-lite-no-l2/attempts/rom16k/soc/gateware/rtos_fit_candidate_2_pinned_lite_no_l2.v":35588)
Compiling module 'rtos_fit_candidate_2_pinned_lite_no_l2__csr_bankarray__csrbank_6__csrstatus_1'("/home/user/git/fpga/sipeedtangprimer20k-riscv/build/rtos-system-fit/20261006T222108.353939Z/candidates/candidate-2-pinned-lite-no-l2/attempts/rom16k/soc/gateware/rtos_fit_candidate_2_pinned_lite_no_l2.v":35640)
Compiling module 'rtos_fit_candidate_2_pinned_lite_no_l2__csr_bankarray__csrbank_6__csrstatus_2'("/home/user/git/fpga/sipeedtangprimer20k-riscv/build/rtos-system-fit/20261006T222108.353939Z/candidates/candidate-2-pinned-lite-no-l2/attempts/rom16k/soc/gateware/rtos_fit_candidate_2_pinned_lite_no_l2.v":35694)
Compiling module 'rtos_fit_candidate_2_pinned_lite_no_l2__csr_bankarray__csrbank_6__csrstorage_4'("/home/user/git/fpga/sipeedtangprimer20k-riscv/build/rtos-system-fit/20261006T222108.353939Z/candidates/candidate-2-pinned-lite-no-l2/attempts/rom16k/soc/gateware/rtos_fit_candidate_2_pinned_lite_no_l2.v":35754)
Compiling module 'rtos_fit_candidate_2_pinned_lite_no_l2__csr_bankarray__csrbank_6__csrstorage_5'("/home/user/git/fpga/sipeedtangprimer20k-riscv/build/rtos-system-fit/20261006T222108.353939Z/candidates/candidate-2-pinned-lite-no-l2/attempts/rom16k/soc/gateware/rtos_fit_candidate_2_pinned_lite_no_l2.v":35810)
Compiling module 'rtos_fit_candidate_2_pinned_lite_no_l2__csr_bankarray__csrbank_6__csrstatus_3'("/home/user/git/fpga/sipeedtangprimer20k-riscv/build/rtos-system-fit/20261006T222108.353939Z/candidates/candidate-2-pinned-lite-no-l2/attempts/rom16k/soc/gateware/rtos_fit_candidate_2_pinned_lite_no_l2.v":35864)
Compiling module 'rtos_fit_candidate_2_pinned_lite_no_l2__csr_bankarray__csrbank_7'("/home/user/git/fpga/sipeedtangprimer20k-riscv/build/rtos-system-fit/20261006T222108.353939Z/candidates/candidate-2-pinned-lite-no-l2/attempts/rom16k/soc/gateware/rtos_fit_candidate_2_pinned_lite_no_l2.v":36667)
Compiling module 'rtos_fit_candidate_2_pinned_lite_no_l2__csr_bankarray__csrbank_7__csrstatus_0'("/home/user/git/fpga/sipeedtangprimer20k-riscv/build/rtos-system-fit/20261006T222108.353939Z/candidates/candidate-2-pinned-lite-no-l2/attempts/rom16k/soc/gateware/rtos_fit_candidate_2_pinned_lite_no_l2.v":36277)
Compiling module 'rtos_fit_candidate_2_pinned_lite_no_l2__csr_bankarray__csrbank_7__csrstatus_1'("/home/user/git/fpga/sipeedtangprimer20k-riscv/build/rtos-system-fit/20261006T222108.353939Z/candidates/candidate-2-pinned-lite-no-l2/attempts/rom16k/soc/gateware/rtos_fit_candidate_2_pinned_lite_no_l2.v":36329)
Compiling module 'rtos_fit_candidate_2_pinned_lite_no_l2__csr_bankarray__csrbank_7__csrstatus_2'("/home/user/git/fpga/sipeedtangprimer20k-riscv/build/rtos-system-fit/20261006T222108.353939Z/candidates/candidate-2-pinned-lite-no-l2/attempts/rom16k/soc/gateware/rtos_fit_candidate_2_pinned_lite_no_l2.v":36381)
Compiling module 'rtos_fit_candidate_2_pinned_lite_no_l2__csr_bankarray__csrbank_7__csrstatus_3'("/home/user/git/fpga/sipeedtangprimer20k-riscv/build/rtos-system-fit/20261006T222108.353939Z/candidates/candidate-2-pinned-lite-no-l2/attempts/rom16k/soc/gateware/rtos_fit_candidate_2_pinned_lite_no_l2.v":36440)
Compiling module 'rtos_fit_candidate_2_pinned_lite_no_l2__csr_bankarray__csrbank_7__csrstorage_0'("/home/user/git/fpga/sipeedtangprimer20k-riscv/build/rtos-system-fit/20261006T222108.353939Z/candidates/candidate-2-pinned-lite-no-l2/attempts/rom16k/soc/gateware/rtos_fit_candidate_2_pinned_lite_no_l2.v":36505)
Compiling module 'rtos_fit_candidate_2_pinned_lite_no_l2__csr_bankarray__csrbank_7__csrstatus_4'("/home/user/git/fpga/sipeedtangprimer20k-riscv/build/rtos-system-fit/20261006T222108.353939Z/candidates/candidate-2-pinned-lite-no-l2/attempts/rom16k/soc/gateware/rtos_fit_candidate_2_pinned_lite_no_l2.v":36563)
Compiling module 'rtos_fit_candidate_2_pinned_lite_no_l2__csr_bankarray__csrbank_7__csrstatus_5'("/home/user/git/fpga/sipeedtangprimer20k-riscv/build/rtos-system-fit/20261006T222108.353939Z/candidates/candidate-2-pinned-lite-no-l2/attempts/rom16k/soc/gateware/rtos_fit_candidate_2_pinned_lite_no_l2.v":36615)
Compiling module 'rtos_fit_candidate_2_pinned_lite_no_l2__csr_interconnect'("/home/user/git/fpga/sipeedtangprimer20k-riscv/build/rtos-system-fit/20261006T222108.353939Z/candidates/candidate-2-pinned-lite-no-l2/attempts/rom16k/soc/gateware/rtos_fit_candidate_2_pinned_lite_no_l2.v":38538)
Compiling module 'VexRiscv'("/home/user/git/fpga/sipeedtangprimer20k-riscv/.deps/pythondata-cpu-vexriscv/pythondata_cpu_vexriscv/verilog/VexRiscv_Lite.v":7)
Extracting RAM for identifier 'RegFilePlugin_regFile'("/home/user/git/fpga/sipeedtangprimer20k-riscv/.deps/pythondata-cpu-vexriscv/pythondata_cpu_vexriscv/verilog/VexRiscv_Lite.v":1154)
Compiling module 'InstructionCache'("/home/user/git/fpga/sipeedtangprimer20k-riscv/.deps/pythondata-cpu-vexriscv/pythondata_cpu_vexriscv/verilog/VexRiscv_Lite.v":4626)
Extracting RAM for identifier 'banks_0'("/home/user/git/fpga/sipeedtangprimer20k-riscv/.deps/pythondata-cpu-vexriscv/pythondata_cpu_vexriscv/verilog/VexRiscv_Lite.v":4732)
Extracting RAM for identifier 'ways_0_tags'("/home/user/git/fpga/sipeedtangprimer20k-riscv/.deps/pythondata-cpu-vexriscv/pythondata_cpu_vexriscv/verilog/VexRiscv_Lite.v":4733)
WARN  (EX1998) : Net 'IBusCachedPlugin_cache_io_cpu_fetch_isRemoved' does not have a driver("/home/user/git/fpga/sipeedtangprimer20k-riscv/.deps/pythondata-cpu-vexriscv/pythondata_cpu_vexriscv/verilog/VexRiscv_Lite.v":67)
WARN  (EX1998) : Net 'IBusCachedPlugin_mmuBus_rsp_bypassTranslation' does not have a driver("/home/user/git/fpga/sipeedtangprimer20k-riscv/.deps/pythondata-cpu-vexriscv/pythondata_cpu_vexriscv/verilog/VexRiscv_Lite.v":515)
WARN  (EX1998) : Net 'CsrPlugin_mtvec_mode[1]' does not have a driver("/home/user/git/fpga/sipeedtangprimer20k-riscv/.deps/pythondata-cpu-vexriscv/pythondata_cpu_vexriscv/verilog/VexRiscv_Lite.v":785)
WARN  (EX1998) : Net 'core_status' does not have a driver("/home/user/git/fpga/sipeedtangprimer20k-riscv/build/rtos-system-fit/20261006T222108.353939Z/candidates/candidate-2-pinned-lite-no-l2/attempts/rom16k/soc/gateware/rtos_fit_candidate_2_pinned_lite_no_l2.v":38869)
WARN  (EX1998) : Net 'gw2ddrphy_burstdet_clr_w' does not have a driver("/home/user/git/fpga/sipeedtangprimer20k-riscv/build/rtos-system-fit/20261006T222108.353939Z/candidates/candidate-2-pinned-lite-no-l2/attempts/rom16k/soc/gateware/rtos_fit_candidate_2_pinned_lite_no_l2.v":39027)
WARN  (EX1998) : Net 'gw2ddrphy_rdly_dq_bitslip_rst_w' does not have a driver("/home/user/git/fpga/sipeedtangprimer20k-riscv/build/rtos-system-fit/20261006T222108.353939Z/candidates/candidate-2-pinned-lite-no-l2/attempts/rom16k/soc/gateware/rtos_fit_candidate_2_pinned_lite_no_l2.v":39070)
WARN  (EX1998) : Net 'gw2ddrphy_rdly_dq_bitslip_w' does not have a driver("/home/user/git/fpga/sipeedtangprimer20k-riscv/build/rtos-system-fit/20261006T222108.353939Z/candidates/candidate-2-pinned-lite-no-l2/attempts/rom16k/soc/gateware/rtos_fit_candidate_2_pinned_lite_no_l2.v":39072)
WARN  (EX1998) : Net 'gw2ddrphy_rdly_dq_inc_w' does not have a driver("/home/user/git/fpga/sipeedtangprimer20k-riscv/build/rtos-system-fit/20261006T222108.353939Z/candidates/candidate-2-pinned-lite-no-l2/attempts/rom16k/soc/gateware/rtos_fit_candidate_2_pinned_lite_no_l2.v":39078)
WARN  (EX1998) : Net 'gw2ddrphy_rdly_dq_rst_w' does not have a driver("/home/user/git/fpga/sipeedtangprimer20k-riscv/build/rtos-system-fit/20261006T222108.353939Z/candidates/candidate-2-pinned-lite-no-l2/attempts/rom16k/soc/gateware/rtos_fit_candidate_2_pinned_lite_no_l2.v":39082)
WARN  (EX1998) : Net 'init_initialize_w' does not have a driver("/home/user/git/fpga/sipeedtangprimer20k-riscv/build/rtos-system-fit/20261006T222108.353939Z/candidates/candidate-2-pinned-lite-no-l2/attempts/rom16k/soc/gateware/rtos_fit_candidate_2_pinned_lite_no_l2.v":39095)
WARN  (EX1998) : Net 'interface0_bus_bte[1]' does not have a driver("/home/user/git/fpga/sipeedtangprimer20k-riscv/build/rtos-system-fit/20261006T222108.353939Z/candidates/candidate-2-pinned-lite-no-l2/attempts/rom16k/soc/gateware/rtos_fit_candidate_2_pinned_lite_no_l2.v":39103)
WARN  (EX1998) : Net 'interface0_bus_cti[2]' does not have a driver("/home/user/git/fpga/sipeedtangprimer20k-riscv/build/rtos-system-fit/20261006T222108.353939Z/candidates/candidate-2-pinned-lite-no-l2/attempts/rom16k/soc/gateware/rtos_fit_candidate_2_pinned_lite_no_l2.v":39104)
WARN  (EX1998) : Net 'interface0_err' does not have a driver("/home/user/git/fpga/sipeedtangprimer20k-riscv/build/rtos-system-fit/20261006T222108.353939Z/candidates/candidate-2-pinned-lite-no-l2/attempts/rom16k/soc/gateware/rtos_fit_candidate_2_pinned_lite_no_l2.v":39116)
WARN  (EX1998) : Net 'interface1_bus_bte[1]' does not have a driver("/home/user/git/fpga/sipeedtangprimer20k-riscv/build/rtos-system-fit/20261006T222108.353939Z/candidates/candidate-2-pinned-lite-no-l2/attempts/rom16k/soc/gateware/rtos_fit_candidate_2_pinned_lite_no_l2.v":39123)
WARN  (EX1998) : Net 'interface1_bus_cti[2]' does not have a driver("/home/user/git/fpga/sipeedtangprimer20k-riscv/build/rtos-system-fit/20261006T222108.353939Z/candidates/candidate-2-pinned-lite-no-l2/attempts/rom16k/soc/gateware/rtos_fit_candidate_2_pinned_lite_no_l2.v":39124)
WARN  (EX1998) : Net 'interface1_bus_dat_w[31]' does not have a driver("/home/user/git/fpga/sipeedtangprimer20k-riscv/build/rtos-system-fit/20261006T222108.353939Z/candidates/candidate-2-pinned-lite-no-l2/attempts/rom16k/soc/gateware/rtos_fit_candidate_2_pinned_lite_no_l2.v":39127)
WARN  (EX1998) : Net 'rtossystemfitsoc_litedram_wb_err' does not have a driver("/home/user/git/fpga/sipeedtangprimer20k-riscv/build/rtos-system-fit/20261006T222108.353939Z/candidates/candidate-2-pinned-lite-no-l2/attempts/rom16k/soc/gateware/rtos_fit_candidate_2_pinned_lite_no_l2.v":39239)
WARN  (EX1998) : Net 'rtossystemfitsoc_ram_bus_ram_bus_err' does not have a driver("/home/user/git/fpga/sipeedtangprimer20k-riscv/build/rtos-system-fit/20261006T222108.353939Z/candidates/candidate-2-pinned-lite-no-l2/attempts/rom16k/soc/gateware/rtos_fit_candidate_2_pinned_lite_no_l2.v":39263)
WARN  (EX1998) : Net 'rtossystemfitsoc_rtossystemfitsoc_adr_burst' does not have a driver("/home/user/git/fpga/sipeedtangprimer20k-riscv/build/rtos-system-fit/20261006T222108.353939Z/candidates/candidate-2-pinned-lite-no-l2/attempts/rom16k/soc/gateware/rtos_fit_candidate_2_pinned_lite_no_l2.v":39271)
WARN  (EX1998) : Net 'rtossystemfitsoc_rtossystemfitsoc_ram_bus_err' does not have a driver("/home/user/git/fpga/sipeedtangprimer20k-riscv/build/rtos-system-fit/20261006T222108.353939Z/candidates/candidate-2-pinned-lite-no-l2/attempts/rom16k/soc/gateware/rtos_fit_candidate_2_pinned_lite_no_l2.v":39280)
WARN  (EX1998) : Net 'rtossystemfitsoc_sdram_phaseinjector0_command_issue_w' does not have a driver("/home/user/git/fpga/sipeedtangprimer20k-riscv/build/rtos-system-fit/20261006T222108.353939Z/candidates/candidate-2-pinned-lite-no-l2/attempts/rom16k/soc/gateware/rtos_fit_candidate_2_pinned_lite_no_l2.v":39295)
WARN  (EX1998) : Net 'rtossystemfitsoc_sdram_phaseinjector1_command_issue_w' does not have a driver("/home/user/git/fpga/sipeedtangprimer20k-riscv/build/rtos-system-fit/20261006T222108.353939Z/candidates/candidate-2-pinned-lite-no-l2/attempts/rom16k/soc/gateware/rtos_fit_candidate_2_pinned_lite_no_l2.v":39318)
WARN  (EX1998) : Net 'rtossystemfitsoc_uart_core_rx_source_first' does not have a driver("/home/user/git/fpga/sipeedtangprimer20k-riscv/build/rtos-system-fit/20261006T222108.353939Z/candidates/candidate-2-pinned-lite-no-l2/attempts/rom16k/soc/gateware/rtos_fit_candidate_2_pinned_lite_no_l2.v":39381)
WARN  (EX1998) : Net 'rtossystemfitsoc_uart_core_rx_source_last' does not have a driver("/home/user/git/fpga/sipeedtangprimer20k-riscv/build/rtos-system-fit/20261006T222108.353939Z/candidates/candidate-2-pinned-lite-no-l2/attempts/rom16k/soc/gateware/rtos_fit_candidate_2_pinned_lite_no_l2.v":39382)
WARN  (EX1998) : Net 'wishbone_interface_reader_packet_source_first' does not have a driver("/home/user/git/fpga/sipeedtangprimer20k-riscv/build/rtos-system-fit/20261006T222108.353939Z/candidates/candidate-2-pinned-lite-no-l2/attempts/rom16k/soc/gateware/rtos_fit_candidate_2_pinned_lite_no_l2.v":39509)
WARN  (EX1998) : Net 'wishbone_interface_reader_sink_sink_first' does not have a driver("/home/user/git/fpga/sipeedtangprimer20k-riscv/build/rtos-system-fit/20261006T222108.353939Z/candidates/candidate-2-pinned-lite-no-l2/attempts/rom16k/soc/gateware/rtos_fit_candidate_2_pinned_lite_no_l2.v":39539)
WARN  (EX1998) : Net 'wishbone_interface_reader_sink_sink_last' does not have a driver("/home/user/git/fpga/sipeedtangprimer20k-riscv/build/rtos-system-fit/20261006T222108.353939Z/candidates/candidate-2-pinned-lite-no-l2/attempts/rom16k/soc/gateware/rtos_fit_candidate_2_pinned_lite_no_l2.v":39540)
WARN  (EX1998) : Net 'wishbone_interface_reader_start_w' does not have a driver("/home/user/git/fpga/sipeedtangprimer20k-riscv/build/rtos-system-fit/20261006T222108.353939Z/candidates/candidate-2-pinned-lite-no-l2/attempts/rom16k/soc/gateware/rtos_fit_candidate_2_pinned_lite_no_l2.v":39555)
WARN  (EX1998) : Net 'wishbone_interface_sram0_adr_burst' does not have a driver("/home/user/git/fpga/sipeedtangprimer20k-riscv/build/rtos-system-fit/20261006T222108.353939Z/candidates/candidate-2-pinned-lite-no-l2/attempts/rom16k/soc/gateware/rtos_fit_candidate_2_pinned_lite_no_l2.v":39562)
WARN  (EX1998) : Net 'wishbone_interface_sram1_adr_burst' does not have a driver("/home/user/git/fpga/sipeedtangprimer20k-riscv/build/rtos-system-fit/20261006T222108.353939Z/candidates/candidate-2-pinned-lite-no-l2/attempts/rom16k/soc/gateware/rtos_fit_candidate_2_pinned_lite_no_l2.v":39565)
WARN  (EX1998) : Net 'wishbone_interface_writer_sink_sink_first' does not have a driver("/home/user/git/fpga/sipeedtangprimer20k-riscv/build/rtos-system-fit/20261006T222108.353939Z/candidates/candidate-2-pinned-lite-no-l2/attempts/rom16k/soc/gateware/rtos_fit_candidate_2_pinned_lite_no_l2.v":39624)
WARN  (EX1998) : Net 'wishbone_interface_writer_sink_sink_last' does not have a driver("/home/user/git/fpga/sipeedtangprimer20k-riscv/build/rtos-system-fit/20261006T222108.353939Z/candidates/candidate-2-pinned-lite-no-l2/attempts/rom16k/soc/gateware/rtos_fit_candidate_2_pinned_lite_no_l2.v":39625)
NOTE  (EX0101) : Current top module is "rtos_fit_candidate_2_pinned_lite_no_l2"
[5%] Running netlist conversion ...
Running device independent optimization ...
[10%] Optimizing Phase 0 completed
[15%] Optimizing Phase 1 completed
[25%] Optimizing Phase 2 completed
Running inference ...
[30%] Inferring Phase 0 completed
[40%] Inferring Phase 1 completed
[50%] Inferring Phase 2 completed
[55%] Inferring Phase 3 completed
Running technical mapping ...
[60%] Tech-Mapping Phase 0 completed
[65%] Tech-Mapping Phase 1 completed
[75%] Tech-Mapping Phase 2 completed
[80%] Tech-Mapping Phase 3 completed
[90%] Tech-Mapping Phase 4 completed
WARN  (NL0002) : The module "rtos_fit_candidate_2_pinned_lite_no_l2__converter_0" instantiated to "converter_0" is swept in optimizing("/home/user/git/fpga/sipeedtangprimer20k-riscv/build/rtos-system-fit/20261006T222108.353939Z/candidates/candidate-2-pinned-lite-no-l2/attempts/rom16k/soc/gateware/rtos_fit_candidate_2_pinned_lite_no_l2.v":40155)
WARN  (NL0002) : The module "rtos_fit_candidate_2_pinned_lite_no_l2__converter_0__upconverter_0" instantiated to "upconverter_0" is swept in optimizing("/home/user/git/fpga/sipeedtangprimer20k-riscv/build/rtos-system-fit/20261006T222108.353939Z/candidates/candidate-2-pinned-lite-no-l2/attempts/rom16k/soc/gateware/rtos_fit_candidate_2_pinned_lite_no_l2.v":14871)
WARN  (NL0002) : The module "rtos_fit_candidate_2_pinned_lite_no_l2__csr_bankarray__csrbank_0__csrstatus_0" instantiated to "csrstatus_0" is swept in optimizing("/home/user/git/fpga/sipeedtangprimer20k-riscv/build/rtos-system-fit/20261006T222108.353939Z/candidates/candidate-2-pinned-lite-no-l2/attempts/rom16k/soc/gateware/rtos_fit_candidate_2_pinned_lite_no_l2.v":29163)
WARN  (NL0002) : The module "rtos_fit_candidate_2_pinned_lite_no_l2__csr_bankarray__csrbank_1__csrstatus_0" instantiated to "csrstatus_0" is swept in optimizing("/home/user/git/fpga/sipeedtangprimer20k-riscv/build/rtos-system-fit/20261006T222108.353939Z/candidates/candidate-2-pinned-lite-no-l2/attempts/rom16k/soc/gateware/rtos_fit_candidate_2_pinned_lite_no_l2.v":29481)
WARN  (NL0002) : The module "rtos_fit_candidate_2_pinned_lite_no_l2__csr_bankarray__csrbank_2__csrstatus_0" instantiated to "csrstatus_0" is swept in optimizing("/home/user/git/fpga/sipeedtangprimer20k-riscv/build/rtos-system-fit/20261006T222108.353939Z/candidates/candidate-2-pinned-lite-no-l2/attempts/rom16k/soc/gateware/rtos_fit_candidate_2_pinned_lite_no_l2.v":30624)
WARN  (NL0002) : The module "rtos_fit_candidate_2_pinned_lite_no_l2__csr_bankarray__csrbank_2__csrstatus_1" instantiated to "csrstatus_1" is swept in optimizing("/home/user/git/fpga/sipeedtangprimer20k-riscv/build/rtos-system-fit/20261006T222108.353939Z/candidates/candidate-2-pinned-lite-no-l2/attempts/rom16k/soc/gateware/rtos_fit_candidate_2_pinned_lite_no_l2.v":30634)
WARN  (NL0002) : The module "rtos_fit_candidate_2_pinned_lite_no_l2__csr_bankarray__csrbank_2__csrstatus_10" instantiated to "csrstatus_10" is swept in optimizing("/home/user/git/fpga/sipeedtangprimer20k-riscv/build/rtos-system-fit/20261006T222108.353939Z/candidates/candidate-2-pinned-lite-no-l2/attempts/rom16k/soc/gateware/rtos_fit_candidate_2_pinned_lite_no_l2.v":30770)
WARN  (NL0002) : The module "rtos_fit_candidate_2_pinned_lite_no_l2__csr_bankarray__csrbank_2__csrstatus_11" instantiated to "csrstatus_11" is swept in optimizing("/home/user/git/fpga/sipeedtangprimer20k-riscv/build/rtos-system-fit/20261006T222108.353939Z/candidates/candidate-2-pinned-lite-no-l2/attempts/rom16k/soc/gateware/rtos_fit_candidate_2_pinned_lite_no_l2.v":30780)
WARN  (NL0002) : The module "rtos_fit_candidate_2_pinned_lite_no_l2__csr_bankarray__csrbank_2__csrstatus_2" instantiated to "csrstatus_2" is swept in optimizing("/home/user/git/fpga/sipeedtangprimer20k-riscv/build/rtos-system-fit/20261006T222108.353939Z/candidates/candidate-2-pinned-lite-no-l2/attempts/rom16k/soc/gateware/rtos_fit_candidate_2_pinned_lite_no_l2.v":30644)
WARN  (NL0002) : The module "rtos_fit_candidate_2_pinned_lite_no_l2__csr_bankarray__csrbank_2__csrstatus_3" instantiated to "csrstatus_3" is swept in optimizing("/home/user/git/fpga/sipeedtangprimer20k-riscv/build/rtos-system-fit/20261006T222108.353939Z/candidates/candidate-2-pinned-lite-no-l2/attempts/rom16k/soc/gateware/rtos_fit_candidate_2_pinned_lite_no_l2.v":30655)
WARN  (NL0002) : The module "rtos_fit_candidate_2_pinned_lite_no_l2__csr_bankarray__csrbank_2__csrstatus_5" instantiated to "csrstatus_5" is swept in optimizing("/home/user/git/fpga/sipeedtangprimer20k-riscv/build/rtos-system-fit/20261006T222108.353939Z/candidates/candidate-2-pinned-lite-no-l2/attempts/rom16k/soc/gateware/rtos_fit_candidate_2_pinned_lite_no_l2.v":30688)
WARN  (NL0002) : The module "rtos_fit_candidate_2_pinned_lite_no_l2__csr_bankarray__csrbank_2__csrstatus_6" instantiated to "csrstatus_6" is swept in optimizing("/home/user/git/fpga/sipeedtangprimer20k-riscv/build/rtos-system-fit/20261006T222108.353939Z/candidates/candidate-2-pinned-lite-no-l2/attempts/rom16k/soc/gateware/rtos_fit_candidate_2_pinned_lite_no_l2.v":30698)
WARN  (NL0002) : The module "rtos_fit_candidate_2_pinned_lite_no_l2__csr_bankarray__csrbank_2__csrstatus_7" instantiated to "csrstatus_7" is swept in optimizing("/home/user/git/fpga/sipeedtangprimer20k-riscv/build/rtos-system-fit/20261006T222108.353939Z/candidates/candidate-2-pinned-lite-no-l2/attempts/rom16k/soc/gateware/rtos_fit_candidate_2_pinned_lite_no_l2.v":30727)
WARN  (NL0002) : The module "rtos_fit_candidate_2_pinned_lite_no_l2__csr_bankarray__csrbank_2__csrstatus_9" instantiated to "csrstatus_9" is swept in optimizing("/home/user/git/fpga/sipeedtangprimer20k-riscv/build/rtos-system-fit/20261006T222108.353939Z/candidates/candidate-2-pinned-lite-no-l2/attempts/rom16k/soc/gateware/rtos_fit_candidate_2_pinned_lite_no_l2.v":30760)
WARN  (NL0002) : The module "rtos_fit_candidate_2_pinned_lite_no_l2__csr_bankarray__csrbank_3__csrstatus_0" instantiated to "csrstatus_0" is swept in optimizing("/home/user/git/fpga/sipeedtangprimer20k-riscv/build/rtos-system-fit/20261006T222108.353939Z/candidates/candidate-2-pinned-lite-no-l2/attempts/rom16k/soc/gateware/rtos_fit_candidate_2_pinned_lite_no_l2.v":31262)
WARN  (NL0002) : The module "rtos_fit_candidate_2_pinned_lite_no_l2__csr_bankarray__csrbank_4__csrstatus_0" instantiated to "csrstatus_0" is swept in optimizing("/home/user/git/fpga/sipeedtangprimer20k-riscv/build/rtos-system-fit/20261006T222108.353939Z/candidates/candidate-2-pinned-lite-no-l2/attempts/rom16k/soc/gateware/rtos_fit_candidate_2_pinned_lite_no_l2.v":33427)
WARN  (NL0002) : The module "rtos_fit_candidate_2_pinned_lite_no_l2__csr_bankarray__csrbank_4__csrstatus_1" instantiated to "csrstatus_1" is swept in optimizing("/home/user/git/fpga/sipeedtangprimer20k-riscv/build/rtos-system-fit/20261006T222108.353939Z/candidates/candidate-2-pinned-lite-no-l2/attempts/rom16k/soc/gateware/rtos_fit_candidate_2_pinned_lite_no_l2.v":33458)
WARN  (NL0002) : The module "rtos_fit_candidate_2_pinned_lite_no_l2__csr_bankarray__csrbank_4__csrstatus_10" instantiated to "csrstatus_10" is swept in optimizing("/home/user/git/fpga/sipeedtangprimer20k-riscv/build/rtos-system-fit/20261006T222108.353939Z/candidates/candidate-2-pinned-lite-no-l2/attempts/rom16k/soc/gateware/rtos_fit_candidate_2_pinned_lite_no_l2.v":33705)
WARN  (NL0002) : The module "rtos_fit_candidate_2_pinned_lite_no_l2__csr_bankarray__csrbank_4__csrstatus_11" instantiated to "csrstatus_11" is swept in optimizing("/home/user/git/fpga/sipeedtangprimer20k-riscv/build/rtos-system-fit/20261006T222108.353939Z/candidates/candidate-2-pinned-lite-no-l2/attempts/rom16k/soc/gateware/rtos_fit_candidate_2_pinned_lite_no_l2.v":33720)
WARN  (NL0002) : The module "rtos_fit_candidate_2_pinned_lite_no_l2__csr_bankarray__csrbank_4__csrstatus_2" instantiated to "csrstatus_2" is swept in optimizing("/home/user/git/fpga/sipeedtangprimer20k-riscv/build/rtos-system-fit/20261006T222108.353939Z/candidates/candidate-2-pinned-lite-no-l2/attempts/rom16k/soc/gateware/rtos_fit_candidate_2_pinned_lite_no_l2.v":33521)
WARN  (NL0002) : The module "rtos_fit_candidate_2_pinned_lite_no_l2__csr_bankarray__csrbank_4__csrstatus_3" instantiated to "csrstatus_3" is swept in optimizing("/home/user/git/fpga/sipeedtangprimer20k-riscv/build/rtos-system-fit/20261006T222108.353939Z/candidates/candidate-2-pinned-lite-no-l2/attempts/rom16k/soc/gateware/rtos_fit_candidate_2_pinned_lite_no_l2.v":33535)
WARN  (NL0002) : The module "rtos_fit_candidate_2_pinned_lite_no_l2__csr_bankarray__csrbank_4__csrstatus_4" instantiated to "csrstatus_4" is swept in optimizing("/home/user/git/fpga/sipeedtangprimer20k-riscv/build/rtos-system-fit/20261006T222108.353939Z/candidates/candidate-2-pinned-lite-no-l2/attempts/rom16k/soc/gateware/rtos_fit_candidate_2_pinned_lite_no_l2.v":33549)
WARN  (NL0002) : The module "rtos_fit_candidate_2_pinned_lite_no_l2__csr_bankarray__csrbank_4__csrstatus_5" instantiated to "csrstatus_5" is swept in optimizing("/home/user/git/fpga/sipeedtangprimer20k-riscv/build/rtos-system-fit/20261006T222108.353939Z/candidates/candidate-2-pinned-lite-no-l2/attempts/rom16k/soc/gateware/rtos_fit_candidate_2_pinned_lite_no_l2.v":33607)
WARN  (NL0002) : The module "rtos_fit_candidate_2_pinned_lite_no_l2__csr_bankarray__csrbank_4__csrstatus_6" instantiated to "csrstatus_6" is swept in optimizing("/home/user/git/fpga/sipeedtangprimer20k-riscv/build/rtos-system-fit/20261006T222108.353939Z/candidates/candidate-2-pinned-lite-no-l2/attempts/rom16k/soc/gateware/rtos_fit_candidate_2_pinned_lite_no_l2.v":33626)
WARN  (NL0002) : The module "rtos_fit_candidate_2_pinned_lite_no_l2__csr_bankarray__csrbank_4__csrstatus_7" instantiated to "csrstatus_7" is swept in optimizing("/home/user/git/fpga/sipeedtangprimer20k-riscv/build/rtos-system-fit/20261006T222108.353939Z/candidates/candidate-2-pinned-lite-no-l2/attempts/rom16k/soc/gateware/rtos_fit_candidate_2_pinned_lite_no_l2.v":33636)
WARN  (NL0002) : The module "rtos_fit_candidate_2_pinned_lite_no_l2__csr_bankarray__csrbank_4__csrstatus_8" instantiated to "csrstatus_8" is swept in optimizing("/home/user/git/fpga/sipeedtangprimer20k-riscv/build/rtos-system-fit/20261006T222108.353939Z/candidates/candidate-2-pinned-lite-no-l2/attempts/rom16k/soc/gateware/rtos_fit_candidate_2_pinned_lite_no_l2.v":33676)
WARN  (NL0002) : The module "rtos_fit_candidate_2_pinned_lite_no_l2__csr_bankarray__csrbank_4__csrstatus_9" instantiated to "csrstatus_9" is swept in optimizing("/home/user/git/fpga/sipeedtangprimer20k-riscv/build/rtos-system-fit/20261006T222108.353939Z/candidates/candidate-2-pinned-lite-no-l2/attempts/rom16k/soc/gateware/rtos_fit_candidate_2_pinned_lite_no_l2.v":33695)
WARN  (NL0002) : The module "rtos_fit_candidate_2_pinned_lite_no_l2__csr_bankarray__csrbank_5__csrstatus_0" instantiated to "csrstatus_0" is swept in optimizing("/home/user/git/fpga/sipeedtangprimer20k-riscv/build/rtos-system-fit/20261006T222108.353939Z/candidates/candidate-2-pinned-lite-no-l2/attempts/rom16k/soc/gateware/rtos_fit_candidate_2_pinned_lite_no_l2.v":35075)
WARN  (NL0002) : The module "rtos_fit_candidate_2_pinned_lite_no_l2__csr_bankarray__csrbank_5__csrstatus_1" instantiated to "csrstatus_1" is swept in optimizing("/home/user/git/fpga/sipeedtangprimer20k-riscv/build/rtos-system-fit/20261006T222108.353939Z/candidates/candidate-2-pinned-lite-no-l2/attempts/rom16k/soc/gateware/rtos_fit_candidate_2_pinned_lite_no_l2.v":35133)
WARN  (NL0002) : The module "rtos_fit_candidate_2_pinned_lite_no_l2__csr_bankarray__csrbank_6__csrstatus_0" instantiated to "csrstatus_0" is swept in optimizing("/home/user/git/fpga/sipeedtangprimer20k-riscv/build/rtos-system-fit/20261006T222108.353939Z/candidates/candidate-2-pinned-lite-no-l2/attempts/rom16k/soc/gateware/rtos_fit_candidate_2_pinned_lite_no_l2.v":36056)
WARN  (NL0002) : The module "rtos_fit_candidate_2_pinned_lite_no_l2__csr_bankarray__csrbank_6__csrstatus_1" instantiated to "csrstatus_1" is swept in optimizing("/home/user/git/fpga/sipeedtangprimer20k-riscv/build/rtos-system-fit/20261006T222108.353939Z/candidates/candidate-2-pinned-lite-no-l2/attempts/rom16k/soc/gateware/rtos_fit_candidate_2_pinned_lite_no_l2.v":36067)
WARN  (NL0002) : The module "rtos_fit_candidate_2_pinned_lite_no_l2__csr_bankarray__csrbank_6__csrstatus_3" instantiated to "csrstatus_3" is swept in optimizing("/home/user/git/fpga/sipeedtangprimer20k-riscv/build/rtos-system-fit/20261006T222108.353939Z/candidates/candidate-2-pinned-lite-no-l2/attempts/rom16k/soc/gateware/rtos_fit_candidate_2_pinned_lite_no_l2.v":36110)
WARN  (NL0002) : The module "rtos_fit_candidate_2_pinned_lite_no_l2__csr_bankarray__csrbank_7__csrstatus_0" instantiated to "csrstatus_0" is swept in optimizing("/home/user/git/fpga/sipeedtangprimer20k-riscv/build/rtos-system-fit/20261006T222108.353939Z/candidates/candidate-2-pinned-lite-no-l2/attempts/rom16k/soc/gateware/rtos_fit_candidate_2_pinned_lite_no_l2.v":36756)
WARN  (NL0002) : The module "rtos_fit_candidate_2_pinned_lite_no_l2__csr_bankarray__csrbank_7__csrstatus_1" instantiated to "csrstatus_1" is swept in optimizing("/home/user/git/fpga/sipeedtangprimer20k-riscv/build/rtos-system-fit/20261006T222108.353939Z/candidates/candidate-2-pinned-lite-no-l2/attempts/rom16k/soc/gateware/rtos_fit_candidate_2_pinned_lite_no_l2.v":36766)
WARN  (NL0002) : The module "rtos_fit_candidate_2_pinned_lite_no_l2__csr_bankarray__csrbank_7__csrstatus_2" instantiated to "csrstatus_2" is swept in optimizing("/home/user/git/fpga/sipeedtangprimer20k-riscv/build/rtos-system-fit/20261006T222108.353939Z/candidates/candidate-2-pinned-lite-no-l2/attempts/rom16k/soc/gateware/rtos_fit_candidate_2_pinned_lite_no_l2.v":36778)
WARN  (NL0002) : The module "rtos_fit_candidate_2_pinned_lite_no_l2__csr_bankarray__csrbank_7__csrstatus_4" instantiated to "csrstatus_4" is swept in optimizing("/home/user/git/fpga/sipeedtangprimer20k-riscv/build/rtos-system-fit/20261006T222108.353939Z/candidates/candidate-2-pinned-lite-no-l2/attempts/rom16k/soc/gateware/rtos_fit_candidate_2_pinned_lite_no_l2.v":36813)
WARN  (NL0002) : The module "rtos_fit_candidate_2_pinned_lite_no_l2__csr_bankarray__csrbank_7__csrstatus_5" instantiated to "csrstatus_5" is swept in optimizing("/home/user/git/fpga/sipeedtangprimer20k-riscv/build/rtos-system-fit/20261006T222108.353939Z/candidates/candidate-2-pinned-lite-no-l2/attempts/rom16k/soc/gateware/rtos_fit_candidate_2_pinned_lite_no_l2.v":36823)
WARN  (NL0002) : The module "rtos_fit_candidate_2_pinned_lite_no_l2__csr_interconnect" instantiated to "csr_interconnect" is swept in optimizing("/home/user/git/fpga/sipeedtangprimer20k-riscv/build/rtos-system-fit/20261006T222108.353939Z/candidates/candidate-2-pinned-lite-no-l2/attempts/rom16k/soc/gateware/rtos_fit_candidate_2_pinned_lite_no_l2.v":40985)
WARN  (NL0002) : The module "rtos_fit_candidate_2_pinned_lite_no_l2__ethmac__interface__decoder_1" instantiated to "decoder_1" is swept in optimizing("/home/user/git/fpga/sipeedtangprimer20k-riscv/build/rtos-system-fit/20261006T222108.353939Z/candidates/candidate-2-pinned-lite-no-l2/attempts/rom16k/soc/gateware/rtos_fit_candidate_2_pinned_lite_no_l2.v":19536)
WARN  (NL0002) : The module "rtos_fit_candidate_2_pinned_lite_no_l2__ethmac__interface__sram__ev" instantiated to "ev" is swept in optimizing("/home/user/git/fpga/sipeedtangprimer20k-riscv/build/rtos-system-fit/20261006T222108.353939Z/candidates/candidate-2-pinned-lite-no-l2/attempts/rom16k/soc/gateware/rtos_fit_candidate_2_pinned_lite_no_l2.v":18693)
WARN  (NL0002) : The module "rtos_fit_candidate_2_pinned_lite_no_l2__ethmac__interface__sram__reader__syncfifo_0__buffer_0__pipeline" instantiated to "pipeline" is swept in optimizing("/home/user/git/fpga/sipeedtangprimer20k-riscv/build/rtos-system-fit/20261006T222108.353939Z/candidates/candidate-2-pinned-lite-no-l2/attempts/rom16k/soc/gateware/rtos_fit_candidate_2_pinned_lite_no_l2.v":17889)
WARN  (NL0002) : The module "rtos_fit_candidate_2_pinned_lite_no_l2__ethmac__interface__sram__writer__ev__eventsourcelevel_0" instantiated to "eventsourcelevel_0" is swept in optimizing("/home/user/git/fpga/sipeedtangprimer20k-riscv/build/rtos-system-fit/20261006T222108.353939Z/candidates/candidate-2-pinned-lite-no-l2/attempts/rom16k/soc/gateware/rtos_fit_candidate_2_pinned_lite_no_l2.v":16234)
WARN  (NL0002) : The module "rtos_fit_candidate_2_pinned_lite_no_l2__ethmac__interface__sram__writer__stat_fifo__buffer_0__pipeline" instantiated to "pipeline" is swept in optimizing("/home/user/git/fpga/sipeedtangprimer20k-riscv/build/rtos-system-fit/20261006T222108.353939Z/candidates/candidate-2-pinned-lite-no-l2/attempts/rom16k/soc/gateware/rtos_fit_candidate_2_pinned_lite_no_l2.v":17048)
WARN  (NL0002) : The module "rtos_fit_candidate_2_pinned_lite_no_l2__sdcard__ev__eventsourcelevel_0" instantiated to "eventsourcelevel_0" is swept in optimizing("/home/user/git/fpga/sipeedtangprimer20k-riscv/build/rtos-system-fit/20261006T222108.353939Z/candidates/candidate-2-pinned-lite-no-l2/attempts/rom16k/soc/gateware/rtos_fit_candidate_2_pinned_lite_no_l2.v":25970)
WARN  (NL0002) : The module "rtos_fit_candidate_2_pinned_lite_no_l2__sdcard__ev__eventsourcelevel_1" instantiated to "eventsourcelevel_1" is swept in optimizing("/home/user/git/fpga/sipeedtangprimer20k-riscv/build/rtos-system-fit/20261006T222108.353939Z/candidates/candidate-2-pinned-lite-no-l2/attempts/rom16k/soc/gateware/rtos_fit_candidate_2_pinned_lite_no_l2.v":25975)
WARN  (NL0002) : The module "rtos_fit_candidate_2_pinned_lite_no_l2__sdram__crossbar__roundrobin_1" instantiated to "roundrobin_1" is swept in optimizing("/home/user/git/fpga/sipeedtangprimer20k-riscv/build/rtos-system-fit/20261006T222108.353939Z/candidates/candidate-2-pinned-lite-no-l2/attempts/rom16k/soc/gateware/rtos_fit_candidate_2_pinned_lite_no_l2.v":8686)
WARN  (NL0002) : The module "rtos_fit_candidate_2_pinned_lite_no_l2__sdram__crossbar__roundrobin_2" instantiated to "roundrobin_2" is swept in optimizing("/home/user/git/fpga/sipeedtangprimer20k-riscv/build/rtos-system-fit/20261006T222108.353939Z/candidates/candidate-2-pinned-lite-no-l2/attempts/rom16k/soc/gateware/rtos_fit_candidate_2_pinned_lite_no_l2.v":8689)
WARN  (NL0002) : The module "rtos_fit_candidate_2_pinned_lite_no_l2__sdram__crossbar__roundrobin_3" instantiated to "roundrobin_3" is swept in optimizing("/home/user/git/fpga/sipeedtangprimer20k-riscv/build/rtos-system-fit/20261006T222108.353939Z/candidates/candidate-2-pinned-lite-no-l2/attempts/rom16k/soc/gateware/rtos_fit_candidate_2_pinned_lite_no_l2.v":8692)
WARN  (NL0002) : The module "rtos_fit_candidate_2_pinned_lite_no_l2__sdram__crossbar__roundrobin_4" instantiated to "roundrobin_4" is swept in optimizing("/home/user/git/fpga/sipeedtangprimer20k-riscv/build/rtos-system-fit/20261006T222108.353939Z/candidates/candidate-2-pinned-lite-no-l2/attempts/rom16k/soc/gateware/rtos_fit_candidate_2_pinned_lite_no_l2.v":8695)
WARN  (NL0002) : The module "rtos_fit_candidate_2_pinned_lite_no_l2__sdram__crossbar__roundrobin_5" instantiated to "roundrobin_5" is swept in optimizing("/home/user/git/fpga/sipeedtangprimer20k-riscv/build/rtos-system-fit/20261006T222108.353939Z/candidates/candidate-2-pinned-lite-no-l2/attempts/rom16k/soc/gateware/rtos_fit_candidate_2_pinned_lite_no_l2.v":8698)
WARN  (NL0002) : The module "rtos_fit_candidate_2_pinned_lite_no_l2__sdram__crossbar__roundrobin_6" instantiated to "roundrobin_6" is swept in optimizing("/home/user/git/fpga/sipeedtangprimer20k-riscv/build/rtos-system-fit/20261006T222108.353939Z/candidates/candidate-2-pinned-lite-no-l2/attempts/rom16k/soc/gateware/rtos_fit_candidate_2_pinned_lite_no_l2.v":8701)
WARN  (NL0002) : The module "rtos_fit_candidate_2_pinned_lite_no_l2__sdram__crossbar__roundrobin_7" instantiated to "roundrobin_7" is swept in optimizing("/home/user/git/fpga/sipeedtangprimer20k-riscv/build/rtos-system-fit/20261006T222108.353939Z/candidates/candidate-2-pinned-lite-no-l2/attempts/rom16k/soc/gateware/rtos_fit_candidate_2_pinned_lite_no_l2.v":8704)
WARN  (NL0002) : The module "rtos_fit_candidate_2_pinned_lite_no_l2__uart__ev__eventsourcelevel_0" instantiated to "eventsourcelevel_0" is swept in optimizing("/home/user/git/fpga/sipeedtangprimer20k-riscv/build/rtos-system-fit/20261006T222108.353939Z/candidates/candidate-2-pinned-lite-no-l2/attempts/rom16k/soc/gateware/rtos_fit_candidate_2_pinned_lite_no_l2.v":2012)
WARN  (NL0002) : The module "rtos_fit_candidate_2_pinned_lite_no_l2__uart__ev__eventsourcelevel_1" instantiated to "eventsourcelevel_1" is swept in optimizing("/home/user/git/fpga/sipeedtangprimer20k-riscv/build/rtos-system-fit/20261006T222108.353939Z/candidates/candidate-2-pinned-lite-no-l2/attempts/rom16k/soc/gateware/rtos_fit_candidate_2_pinned_lite_no_l2.v":2017)
[95%] Generate netlist file "/home/user/git/fpga/sipeedtangprimer20k-riscv/build/rtos-system-fit/20261006T222108.353939Z/candidates/candidate-2-pinned-lite-no-l2/attempts/rom16k/soc/gateware/impl/gwsynthesis/project.vg" completed
[100%] Generate report file "/home/user/git/fpga/sipeedtangprimer20k-riscv/build/rtos-system-fit/20261006T222108.353939Z/candidates/candidate-2-pinned-lite-no-l2/attempts/rom16k/soc/gateware/impl/gwsynthesis/project_syn.rpt.html" completed
GowinSynthesis finish
Reading netlist file: "/home/user/git/fpga/sipeedtangprimer20k-riscv/build/rtos-system-fit/20261006T222108.353939Z/candidates/candidate-2-pinned-lite-no-l2/attempts/rom16k/soc/gateware/impl/gwsynthesis/project.vg"
Parsing netlist file "/home/user/git/fpga/sipeedtangprimer20k-riscv/build/rtos-system-fit/20261006T222108.353939Z/candidates/candidate-2-pinned-lite-no-l2/attempts/rom16k/soc/gateware/impl/gwsynthesis/project.vg" completed
Processing netlist completed
Reading constraint file: "/home/user/git/fpga/sipeedtangprimer20k-riscv/build/rtos-system-fit/20261006T222108.353939Z/candidates/candidate-2-pinned-lite-no-l2/attempts/rom16k/soc/gateware/rtos_fit_candidate_2_pinned_lite_no_l2.cst"
Physical Constraint parsed completed
Running placement......
[10%] Placement Phase 0 completed
[20%] Placement Phase 1 completed
[30%] Placement Phase 2 completed
[50%] Placement Phase 3 completed
Running routing......
[60%] Routing Phase 0 completed
[70%] Routing Phase 1 completed
[80%] Routing Phase 2 completed
[90%] Routing Phase 3 completed
Running timing analysis......
[95%] Timing analysis completed
Placement and routing completed
Bitstream generation in progress......
Bitstream generation completed
Running power analysis......
[100%] Power analysis completed
Generate file "/home/user/git/fpga/sipeedtangprimer20k-riscv/build/rtos-system-fit/20261006T222108.353939Z/candidates/candidate-2-pinned-lite-no-l2/attempts/rom16k/soc/gateware/impl/pnr/project.power.html" completed
Generate file "/home/user/git/fpga/sipeedtangprimer20k-riscv/build/rtos-system-fit/20261006T222108.353939Z/candidates/candidate-2-pinned-lite-no-l2/attempts/rom16k/soc/gateware/impl/pnr/project.pin.html" completed
Generate file "/home/user/git/fpga/sipeedtangprimer20k-riscv/build/rtos-system-fit/20261006T222108.353939Z/candidates/candidate-2-pinned-lite-no-l2/attempts/rom16k/soc/gateware/impl/pnr/project.rpt.html" completed
Generate file "/home/user/git/fpga/sipeedtangprimer20k-riscv/build/rtos-system-fit/20261006T222108.353939Z/candidates/candidate-2-pinned-lite-no-l2/attempts/rom16k/soc/gateware/impl/pnr/project.rpt.txt" completed
Generate file "/home/user/git/fpga/sipeedtangprimer20k-riscv/build/rtos-system-fit/20261006T222108.353939Z/candidates/candidate-2-pinned-lite-no-l2/attempts/rom16k/soc/gateware/impl/pnr/project.tr.html" completed
Generate file "/home/user/git/fpga/sipeedtangprimer20k-riscv/build/rtos-system-fit/20261006T222108.353939Z/candidates/candidate-2-pinned-lite-no-l2/attempts/rom16k/soc/gateware/impl/pnr/project.tr" completed
Tue Oct  6 18:25:51 2026

