INFO:SoC:CSR Bridge [4mcsr[0m [32madded[0m.
INFO:SoCBusHandler:[4mcsr[0m Region [32madded[0m at Origin: [1m0xf0000000[0m, Size: [1m0x00010000[0m, Mode:  [1mRW[0m, Cached: [1mFalse[0m, Linker: [1mFalse[0m.
INFO:SoCBusHandler:[4mcsr[0m [32madded[0m as Bus Slave.
INFO:SoCCSRHandler:[4mcsr[0m [32madded[0m as CSR Master.
INFO:SoCBusHandler:Interconnect: [1mInterconnectShared[0m ([1m2[0m <-> [1m6[0m).
INFO:SoCCSRHandler:[4mbuttons[0m CSR [36mallocated[0m at Location [1m0[0m.
INFO:SoCCSRHandler:[4mctrl[0m CSR [36mallocated[0m at Location [1m1[0m.
INFO:SoCCSRHandler:[4mddrphy[0m CSR [36mallocated[0m at Location [1m2[0m.
INFO:SoCCSRHandler:[4methmac[0m CSR [36mallocated[0m at Location [1m3[0m.
INFO:SoCCSRHandler:[4methphy[0m CSR [36mallocated[0m at Location [1m4[0m.
INFO:SoCCSRHandler:[4midentifier_mem[0m CSR [36mallocated[0m at Location [1m5[0m.
INFO:SoCCSRHandler:[4mleds[0m CSR [36mallocated[0m at Location [1m6[0m.
INFO:SoCCSRHandler:[4msdram[0m CSR [36mallocated[0m at Location [1m7[0m.
INFO:SoCCSRHandler:[4mtimer0[0m CSR [36mallocated[0m at Location [1m8[0m.
INFO:SoCCSRHandler:[4muart[0m CSR [36mallocated[0m at Location [1m9[0m.
INFO:SoC:[1m--------------------------------------------------------------------------------[0m
INFO:SoC:[1mFinalized SoC:[0m
INFO:SoC:[1m--------------------------------------------------------------------------------[0m
INFO:SoC:[1m32[0m-bit [1mwishbone[0m Bus, [1m4.0[0mGiB Address Space.
IO Regions: (1)
[4mio0[0m                 : Origin: [1m0x80000000[0m, Size: [1m0x80000000[0m, Mode:  [1mRW[0m, Cached: [1mFalse[0m, Linker: [1mFalse[0m
Bus Regions: (7)
[4mrom[0m                 : Origin: [1m0x00000000[0m, Size: [1m0x0000c000[0m, Mode:  [1mRX[0m, Cached:  [1mTrue[0m, Linker: [1mFalse[0m
[4msram[0m                : Origin: [1m0x10000000[0m, Size: [1m0x00002000[0m, Mode: [1mRWX[0m, Cached:  [1mTrue[0m, Linker: [1mFalse[0m
[4mmain_ram[0m            : Origin: [1m0x40000000[0m, Size: [1m0x08000000[0m, Mode: [1mRWX[0m, Cached:  [1mTrue[0m, Linker: [1mFalse[0m
[4methmac[0m              : Origin: [1m0x80000000[0m, Size: [1m0x00001000[0m, Mode:  [1mRW[0m, Cached: [1mFalse[0m, Linker:  [1mTrue[0m
[4methmac_rx[0m           : Origin: [1m0x80000000[0m, Size: [1m0x00000800[0m, Mode:   [1mR[0m, Cached: [1mFalse[0m, Linker: [1mFalse[0m
[4methmac_tx[0m           : Origin: [1m0x80000800[0m, Size: [1m0x00000800[0m, Mode:   [1mW[0m, Cached: [1mFalse[0m, Linker: [1mFalse[0m
[4mcsr[0m                 : Origin: [1m0xf0000000[0m, Size: [1m0x00010000[0m, Mode:  [1mRW[0m, Cached: [1mFalse[0m, Linker: [1mFalse[0m
Bus Masters: (2)
- [4mcpu_bus0[0m          : [1mrw[0m
- [4mcpu_bus1[0m          : [1mrw[0m
Bus Slaves: (6)
- [4mrom[0m               : [1mr[0m
- [4msram[0m              : [1mrw[0m
- [4mmain_ram[0m          : [1mrw[0m
- [4methmac_rx[0m         : [1mr[0m
- [4methmac_tx[0m         : [1mw[0m
- [4mcsr[0m               : [1mrw[0m
INFO:SoC:[1m32[0m-bit CSR Bus, [1m32[0m-bit Aligned, [1m16.0[0mKiB Address Space, [1m2048[0mB Paging, [1mbig[0m Ordering (Up to [1m32[0m Locations).
CSR Locations: (10)
- [4mbuttons[0m        : [1m0[0m
- [4mctrl[0m           : [1m1[0m
- [4mddrphy[0m         : [1m2[0m
- [4methmac[0m         : [1m3[0m
- [4methphy[0m         : [1m4[0m
- [4midentifier_mem[0m : [1m5[0m
- [4mleds[0m           : [1m6[0m
- [4msdram[0m          : [1m7[0m
- [4mtimer0[0m         : [1m8[0m
- [4muart[0m           : [1m9[0m
INFO:SoC:IRQ Handler (up to [1m32[0m Locations).
IRQ Locations: (3)
- [4muart[0m   : [1m0[0m
- [4mtimer0[0m : [1m1[0m
- [4methmac[0m : [1m2[0m
INFO:SoC:[1m--------------------------------------------------------------------------------[0m
INFO:SoC:[1m--------------------------------------------------------------------------------[0m
INFO:SoC:[1mSoC Hierarchy:[0m
INFO:SoC:[1m--------------------------------------------------------------------------------[0m
INFO:SoC:
[4mSystemFitSoC[0m
├── [36mcrg[0m (_CRG)
│    ├── [36mpll[0m (GW2APLL)
│    │    └── [33m[BB:rPLL][0m
│    ├── [33m[BB:DHCEN][0m
│    └── [33m[BB:CLKDIV][0m
├── [36mbus[0m (SoCBusHandler)
│    └── [36m_interconnect[0m (InterconnectShared)
│         ├── [36marbiter[0m (Arbiter)
│         │    └── [36mrr[0m (RoundRobin)
│         ├── [36mdecoder[0m (Decoder)
│         └── [36mtimeout[0m (Timeout)
│              └── [36mwaittimer_0[0m (WaitTimer) [Gen]
├── [36mcsr[0m (SoCCSRHandler)
├── [36mirq[0m (SoCIRQHandler)
├── [36mctrl[0m (SoCController)
├── [36mcpu[0m (VexRiscv)
│    └── [33m[BB:VexRiscv][0m
├── [36mrom[0m (SRAM)
├── [36msram[0m (SRAM)
├── [36midentifier[0m (Identifier)
├── [36muart[0m (UART)
│    ├── [36mev[0m (EventManager)
│    │    ├── [36meventsourcelevel_0[0m (EventSourceLevel) [Gen]
│    │    └── [36meventsourcelevel_1[0m (EventSourceLevel) [Gen]
│    ├── [36mphy[0m (RS232PHY)
│    │    ├── [36mtx[0m (RS232PHYTX)
│    │    │    ├── [36mclk_phase_accum[0m (RS232ClkPhaseAccum)
│    │    │    └── [36mfsm[0m (FSM)
│    │    └── [36mrx[0m (RS232PHYRX)
│    │         ├── [36mclk_phase_accum[0m (RS232ClkPhaseAccum)
│    │         └── [36mfsm[0m (FSM)
│    ├── [36mtx_fifo[0m (SyncFIFO)
│    │    └── [36mfifo[0m (SyncFIFOBuffered)
│    │         └── [36mfifo[0m (SyncFIFO)
│    └── [36mrx_fifo[0m (SyncFIFO)
│         └── [36mfifo[0m (SyncFIFOBuffered)
│              └── [36mfifo[0m (SyncFIFO)
├── [36mtimer0[0m (Timer)
│    └── [36mev[0m (EventManager)
│         └── [36meventsourceprocess_0[0m (EventSourceProcess) [Gen]
├── [36mddrphy[0m (GW2DDRPHY)
│    ├── [36minit[0m (GW2DDRPHYInit)
│    │    └── [33m[BB:DLL][0m
│    ├── [36mbitslip_0[0m (BitSlip) [Gen]
│    ├── [36mbitslip_1[0m (BitSlip) [Gen]
│    ├── [36mbitslip_2[0m (BitSlip) [Gen]
│    ├── [36mbitslip_3[0m (BitSlip) [Gen]
│    ├── [36mbitslip_4[0m (BitSlip) [Gen]
│    ├── [36mbitslip_5[0m (BitSlip) [Gen]
│    ├── [36mbitslip_6[0m (BitSlip) [Gen]
│    ├── [36mbitslip_7[0m (BitSlip) [Gen]
│    ├── [36mbitslip_8[0m (BitSlip) [Gen]
│    ├── [36mbitslip_9[0m (BitSlip) [Gen]
│    ├── [36mbitslip_10[0m (BitSlip) [Gen]
│    ├── [36mbitslip_11[0m (BitSlip) [Gen]
│    ├── [36mbitslip_12[0m (BitSlip) [Gen]
│    ├── [36mbitslip_13[0m (BitSlip) [Gen]
│    ├── [36mbitslip_14[0m (BitSlip) [Gen]
│    ├── [36mbitslip_15[0m (BitSlip) [Gen]
│    ├── [36mtappeddelayline_0[0m (TappedDelayLine) [Gen]
│    ├── [36mtappeddelayline_1[0m (TappedDelayLine) [Gen]
│    ├── [33m[BB:IDES4_MEM][0m
│    ├── [33m[BB:IOBUF][0m
│    ├── [33m[BB:OSER4_MEM][0m
│    ├── [33m[BB:IDES4_MEM][0m
│    ├── [33m[BB:IOBUF][0m
│    ├── [33m[BB:OSER4_MEM][0m
│    ├── [33m[BB:IDES4_MEM][0m
│    ├── [33m[BB:IOBUF][0m
│    ├── [33m[BB:OSER4_MEM][0m
│    ├── [33m[BB:IDES4_MEM][0m
│    ├── [33m[BB:IOBUF][0m
│    ├── [33m[BB:OSER4_MEM][0m
│    ├── [33m[BB:IDES4_MEM][0m
│    ├── [33m[BB:IOBUF][0m
│    ├── [33m[BB:OSER4_MEM][0m
│    ├── [33m[BB:IDES4_MEM][0m
│    ├── [33m[BB:IOBUF][0m
│    ├── [33m[BB:ELVDS_OBUF][0m
│    ├── [33m[BB:IODELAY][0m
│    ├── [33m[BB:OSER4][0m
│    ├── [33m[BB:IODELAY][0m
│    ├── [33m[BB:OSER4][0m
│    ├── [33m[BB:IODELAY][0m
│    ├── [33m[BB:OSER4][0m
│    ├── [33m[BB:IODELAY][0m
│    ├── [33m[BB:OSER4][0m
│    ├── [33m[BB:IODELAY][0m
│    ├── [33m[BB:OSER4][0m
│    ├── [33m[BB:IODELAY][0m
│    ├── [33m[BB:OSER4][0m
│    ├── [33m[BB:IODELAY][0m
│    ├── [33m[BB:OSER4][0m
│    ├── [33m[BB:IODELAY][0m
│    ├── [33m[BB:OSER4][0m
│    ├── [33m[BB:IODELAY][0m
│    ├── [33m[BB:OSER4][0m
│    ├── [33m[BB:IODELAY][0m
│    ├── [33m[BB:OSER4][0m
│    ├── [33m[BB:IODELAY][0m
│    ├── [33m[BB:OSER4][0m
│    ├── [33m[BB:IODELAY][0m
│    ├── [33m[BB:OSER4][0m
│    ├── [33m[BB:IODELAY][0m
│    ├── [33m[BB:OSER4][0m
│    ├── [33m[BB:IODELAY][0m
│    ├── [33m[BB:OSER4][0m
│    ├── [33m[BB:IODELAY][0m
│    ├── [33m[BB:OSER4][0m
│    ├── [33m[BB:IODELAY][0m
│    ├── [33m[BB:OSER4][0m
│    ├── [33m[BB:IODELAY][0m
│    ├── [33m[BB:OSER4][0m
│    ├── [33m[BB:IODELAY][0m
│    ├── [33m[BB:OSER4][0m
│    ├── [33m[BB:IODELAY][0m
│    ├── [33m[BB:OSER4][0m
│    ├── [33m[BB:IODELAY][0m
│    ├── [33m[BB:OSER4][0m
│    ├── [33m[BB:IODELAY][0m
│    ├── [33m[BB:OSER4][0m
│    ├── [33m[BB:IODELAY][0m
│    ├── [33m[BB:OSER4][0m
│    ├── [33m[BB:IODELAY][0m
│    ├── [33m[BB:OSER4][0m
│    ├── [33m[BB:IODELAY][0m
│    ├── [33m[BB:OSER4][0m
│    ├── [33m[BB:IODELAY][0m
│    ├── [33m[BB:OSER4][0m
│    ├── [33m[BB:DQS][0m
│    ├── [33m[BB:OSER4_MEM][0m
│    ├── [33m[BB:ELVDS_IOBUF][0m
│    ├── [33m[BB:OSER4_MEM][0m
│    ├── [33m[BB:OSER4_MEM][0m
│    ├── [33m[BB:IDES4_MEM][0m
│    ├── [33m[BB:IOBUF][0m
│    ├── [33m[BB:OSER4_MEM][0m
│    ├── [33m[BB:IDES4_MEM][0m
│    ├── [33m[BB:IOBUF][0m
│    ├── [33m[BB:OSER4_MEM][0m
│    ├── [33m[BB:IDES4_MEM][0m
│    ├── [33m[BB:IOBUF][0m
│    ├── [33m[BB:OSER4_MEM][0m
│    ├── [33m[BB:IDES4_MEM][0m
│    ├── [33m[BB:IOBUF][0m
│    ├── [33m[BB:OSER4_MEM][0m
│    ├── [33m[BB:IDES4_MEM][0m
│    ├── [33m[BB:IOBUF][0m
│    ├── [33m[BB:OSER4_MEM][0m
│    ├── [33m[BB:IDES4_MEM][0m
│    ├── [33m[BB:IOBUF][0m
│    ├── [33m[BB:OSER4_MEM][0m
│    ├── [33m[BB:IDES4_MEM][0m
│    ├── [33m[BB:IOBUF][0m
│    ├── [33m[BB:OSER4_MEM][0m
│    ├── [33m[BB:IDES4_MEM][0m
│    ├── [33m[BB:IOBUF][0m
│    ├── [33m[BB:DQS][0m
│    ├── [33m[BB:OSER4_MEM][0m
│    ├── [33m[BB:ELVDS_IOBUF][0m
│    ├── [33m[BB:OSER4_MEM][0m
│    ├── [33m[BB:OSER4_MEM][0m
│    ├── [33m[BB:IDES4_MEM][0m
│    ├── [33m[BB:IOBUF][0m
│    ├── [33m[BB:OSER4_MEM][0m
│    ├── [33m[BB:IDES4_MEM][0m
│    ├── [33m[BB:IOBUF][0m
│    └── [33m[BB:OSER4_MEM][0m
├── [36msdram[0m (LiteDRAMCore)
│    ├── [36mdfii[0m (DFIInjector)
│    │    ├── [36mpi0[0m (PhaseInjector)
│    │    └── [36mpi1[0m (PhaseInjector)
│    ├── [36mcontroller[0m (LiteDRAMController)
│    │    ├── [36mrefresher[0m (Refresher)
│    │    │    ├── [36mtimer[0m (RefreshTimer)
│    │    │    ├── [36mpostponer[0m (RefreshPostponer)
│    │    │    ├── [36msequencer[0m (RefreshSequencer)
│    │    │    │    └── [36mrefreshexecuter_0[0m (RefreshExecuter) [Gen]
│    │    │    ├── [36mzqcs_timer[0m (RefreshTimer)
│    │    │    ├── [36mzqs_executer[0m (ZQCSExecuter)
│    │    │    └── [36mfsm[0m (FSM)
│    │    ├── [36mbankmachine_0[0m (BankMachine) [Gen]
│    │    │    ├── [36msyncfifo_0[0m (SyncFIFO) [Gen]
│    │    │    │    └── [36mfifo[0m (SyncFIFO)
│    │    │    ├── [36mbuffer_0[0m (Buffer) [Gen]
│    │    │    │    ├── [36mpipe_valid[0m (PipeValid)
│    │    │    │    └── [36mpipeline[0m (Pipeline)
│    │    │    ├── [36mtwtpcon[0m (tXXDController)
│    │    │    ├── [36mtrccon[0m (tXXDController)
│    │    │    ├── [36mtrascon[0m (tXXDController)
│    │    │    └── [36mfsm[0m (FSM)
│    │    ├── [36mbankmachine_1[0m (BankMachine) [Gen]
│    │    │    ├── [36msyncfifo_0[0m (SyncFIFO) [Gen]
│    │    │    │    └── [36mfifo[0m (SyncFIFO)
│    │    │    ├── [36mbuffer_0[0m (Buffer) [Gen]
│    │    │    │    ├── [36mpipe_valid[0m (PipeValid)
│    │    │    │    └── [36mpipeline[0m (Pipeline)
│    │    │    ├── [36mtwtpcon[0m (tXXDController)
│    │    │    ├── [36mtrccon[0m (tXXDController)
│    │    │    ├── [36mtrascon[0m (tXXDController)
│    │    │    └── [36mfsm[0m (FSM)
│    │    ├── [36mbankmachine_2[0m (BankMachine) [Gen]
│    │    │    ├── [36msyncfifo_0[0m (SyncFIFO) [Gen]
│    │    │    │    └── [36mfifo[0m (SyncFIFO)
│    │    │    ├── [36mbuffer_0[0m (Buffer) [Gen]
│    │    │    │    ├── [36mpipe_valid[0m (PipeValid)
│    │    │    │    └── [36mpipeline[0m (Pipeline)
│    │    │    ├── [36mtwtpcon[0m (tXXDController)
│    │    │    ├── [36mtrccon[0m (tXXDController)
│    │    │    ├── [36mtrascon[0m (tXXDController)
│    │    │    └── [36mfsm[0m (FSM)
│    │    ├── [36mbankmachine_3[0m (BankMachine) [Gen]
│    │    │    ├── [36msyncfifo_0[0m (SyncFIFO) [Gen]
│    │    │    │    └── [36mfifo[0m (SyncFIFO)
│    │    │    ├── [36mbuffer_0[0m (Buffer) [Gen]
│    │    │    │    ├── [36mpipe_valid[0m (PipeValid)
│    │    │    │    └── [36mpipeline[0m (Pipeline)
│    │    │    ├── [36mtwtpcon[0m (tXXDController)
│    │    │    ├── [36mtrccon[0m (tXXDController)
│    │    │    ├── [36mtrascon[0m (tXXDController)
│    │    │    └── [36mfsm[0m (FSM)
│    │    ├── [36mbankmachine_4[0m (BankMachine) [Gen]
│    │    │    ├── [36msyncfifo_0[0m (SyncFIFO) [Gen]
│    │    │    │    └── [36mfifo[0m (SyncFIFO)
│    │    │    ├── [36mbuffer_0[0m (Buffer) [Gen]
│    │    │    │    ├── [36mpipe_valid[0m (PipeValid)
│    │    │    │    └── [36mpipeline[0m (Pipeline)
│    │    │    ├── [36mtwtpcon[0m (tXXDController)
│    │    │    ├── [36mtrccon[0m (tXXDController)
│    │    │    ├── [36mtrascon[0m (tXXDController)
│    │    │    └── [36mfsm[0m (FSM)
│    │    ├── [36mbankmachine_5[0m (BankMachine) [Gen]
│    │    │    ├── [36msyncfifo_0[0m (SyncFIFO) [Gen]
│    │    │    │    └── [36mfifo[0m (SyncFIFO)
│    │    │    ├── [36mbuffer_0[0m (Buffer) [Gen]
│    │    │    │    ├── [36mpipe_valid[0m (PipeValid)
│    │    │    │    └── [36mpipeline[0m (Pipeline)
│    │    │    ├── [36mtwtpcon[0m (tXXDController)
│    │    │    ├── [36mtrccon[0m (tXXDController)
│    │    │    ├── [36mtrascon[0m (tXXDController)
│    │    │    └── [36mfsm[0m (FSM)
│    │    ├── [36mbankmachine_6[0m (BankMachine) [Gen]
│    │    │    ├── [36msyncfifo_0[0m (SyncFIFO) [Gen]
│    │    │    │    └── [36mfifo[0m (SyncFIFO)
│    │    │    ├── [36mbuffer_0[0m (Buffer) [Gen]
│    │    │    │    ├── [36mpipe_valid[0m (PipeValid)
│    │    │    │    └── [36mpipeline[0m (Pipeline)
│    │    │    ├── [36mtwtpcon[0m (tXXDController)
│    │    │    ├── [36mtrccon[0m (tXXDController)
│    │    │    ├── [36mtrascon[0m (tXXDController)
│    │    │    └── [36mfsm[0m (FSM)
│    │    ├── [36mbankmachine_7[0m (BankMachine) [Gen]
│    │    │    ├── [36msyncfifo_0[0m (SyncFIFO) [Gen]
│    │    │    │    └── [36mfifo[0m (SyncFIFO)
│    │    │    ├── [36mbuffer_0[0m (Buffer) [Gen]
│    │    │    │    ├── [36mpipe_valid[0m (PipeValid)
│    │    │    │    └── [36mpipeline[0m (Pipeline)
│    │    │    ├── [36mtwtpcon[0m (tXXDController)
│    │    │    ├── [36mtrccon[0m (tXXDController)
│    │    │    ├── [36mtrascon[0m (tXXDController)
│    │    │    └── [36mfsm[0m (FSM)
│    │    └── [36mmultiplexer[0m (Multiplexer)
│    │         ├── [36mchoose_cmd[0m (_CommandChooser)
│    │         │    └── [36mroundrobin_0[0m (RoundRobin) [Gen]
│    │         ├── [36mchoose_req[0m (_CommandChooser)
│    │         │    └── [36mroundrobin_0[0m (RoundRobin) [Gen]
│    │         ├── [36m_steerer_0[0m (_Steerer) [Gen]
│    │         ├── [36mtrrdcon[0m (tXXDController)
│    │         ├── [36mtfawcon[0m (tFAWController)
│    │         ├── [36mtccdcon[0m (tXXDController)
│    │         ├── [36mtwtrcon[0m (tXXDController)
│    │         └── [36mfsm[0m (FSM)
│    └── [36mcrossbar[0m (LiteDRAMCrossbar)
│         ├── [36mroundrobin_0[0m (RoundRobin) [Gen]
│         ├── [36mroundrobin_1[0m (RoundRobin) [Gen]
│         ├── [36mroundrobin_2[0m (RoundRobin) [Gen]
│         ├── [36mroundrobin_3[0m (RoundRobin) [Gen]
│         ├── [36mroundrobin_4[0m (RoundRobin) [Gen]
│         ├── [36mroundrobin_5[0m (RoundRobin) [Gen]
│         ├── [36mroundrobin_6[0m (RoundRobin) [Gen]
│         └── [36mroundrobin_7[0m (RoundRobin) [Gen]
├── [36ml2_cache[0m (Cache)
│    └── [36mfsm[0m (FSM)
├── [36mwishbone_bridge[0m (LiteDRAMWishbone2Native)
│    └── [36mfsm[0m (FSM)
├── [36methphy[0m (LiteEthPHYRMII)
│    ├── [36mcrg[0m (LiteEthPHYRMIICRG)
│    │    └── [36mhw_reset[0m (LiteEthPHYHWReset)
│    ├── [36mtx[0m (LiteEthPHYRMIITX)
│    │    ├── [36mtimer[0m (LiteEthPHYRMIITimer)
│    │    └── [36mconverter[0m (Converter)
│    │         └── [36m_downconverter_0[0m (_DownConverter) [Gen]
│    ├── [36mrx[0m (LiteEthPHYRMIIRX)
│    │    ├── [36mtimer[0m (LiteEthPHYRMIITimer)
│    │    ├── [36mconverter[0m (Converter)
│    │    │    └── [36m_upconverter_0[0m (_UpConverter) [Gen]
│    │    ├── [36mdelay[0m (Delay)
│    │    │    ├── [36mbuffer_0[0m (Buffer) [Gen]
│    │    │    │    ├── [36mpipe_valid[0m (PipeValid)
│    │    │    │    └── [36mpipeline[0m (Pipeline)
│    │    │    ├── [36mbuffer_1[0m (Buffer) [Gen]
│    │    │    │    ├── [36mpipe_valid[0m (PipeValid)
│    │    │    │    └── [36mpipeline[0m (Pipeline)
│    │    │    └── [36mpipeline_0[0m (Pipeline) [Gen]
│    │    └── [36mspeed_detect[0m (LiteEthPHYRMIISpeedDetect)
│    │         └── [36mfsm[0m (FSM)
│    └── [36mmdio[0m (LiteEthPHYMDIO)
├── [36methmac[0m (LiteEthMAC)
│    ├── [36mcore[0m (LiteEthMACCore)
│    │    ├── [36mtx_datapath[0m (TXDatapath)
│    │    │    ├── [36mclockdomaincrossing_0[0m (ClockDomainCrossing) [Gen]
│    │    │    │    └── [36masyncfifo_0[0m (AsyncFIFO) [Gen]
│    │    │    │         └── [36mfifo[0m (AsyncFIFO)
│    │    │    │              ├── [36mgraycounter_0[0m (GrayCounter) [Gen]
│    │    │    │              └── [36mgraycounter_1[0m (GrayCounter) [Gen]
│    │    │    ├── [36mstrideconverter_0[0m (StrideConverter) [Gen]
│    │    │    │    └── [36mconverter_0[0m (Converter) [Gen]
│    │    │    │         └── [36m_downconverter_0[0m (_DownConverter) [Gen]
│    │    │    ├── [36mliteethmacpaddinginserter_0[0m (LiteEthMACPaddingInserter) [Gen]
│    │    │    │    └── [36mfsm[0m (FSM)
│    │    │    ├── [36mliteethmaccrc32inserter_0[0m (LiteEthMACCRC32Inserter) [Gen]
│    │    │    │    ├── [36mcrc[0m (LiteEthMACCRC32)
│    │    │    │    │    └── [36mliteethmaccrcengine_0[0m (LiteEthMACCRCEngine) [Gen]
│    │    │    │    ├── [36mfsm[0m (FSM)
│    │    │    │    └── [36mbuffer_0[0m (Buffer) [Gen]
│    │    │    │         ├── [36mpipe_valid[0m (PipeValid)
│    │    │    │         └── [36mpipeline[0m (Pipeline)
│    │    │    ├── [36mliteethmacpreambleinserter_0[0m (LiteEthMACPreambleInserter) [Gen]
│    │    │    │    └── [36mfsm[0m (FSM)
│    │    │    ├── [36mliteethmacgap_0[0m (LiteEthMACGap) [Gen]
│    │    │    │    └── [36mfsm[0m (FSM)
│    │    │    └── [36mpipeline_0[0m (Pipeline) [Gen]
│    │    └── [36mrx_datapath[0m (RXDatapath)
│    │         ├── [36mliteethmacpreamblechecker_0[0m (LiteEthMACPreambleChecker) [Gen]
│    │         │    └── [36mfsm[0m (FSM)
│    │         ├── [36mpulsesynchronizer_0[0m (PulseSynchronizer) [Gen]
│    │         ├── [36mliteethmaccrc32checker_0[0m (LiteEthMACCRC32Checker) [Gen]
│    │         │    ├── [36mcrc[0m (LiteEthMACCRC32Check)
│    │         │    │    └── [36mengine[0m (LiteEthMACCRCEngine)
│    │         │    ├── [36mfifo[0m (SyncFIFO)
│    │         │    │    └── [36mfifo[0m (SyncFIFO)
│    │         │    ├── [36mfsm[0m (FSM)
│    │         │    └── [36mbuffer_0[0m (Buffer) [Gen]
│    │         │         ├── [36mpipe_valid[0m (PipeValid)
│    │         │         └── [36mpipeline[0m (Pipeline)
│    │         ├── [36mpulsesynchronizer_1[0m (PulseSynchronizer) [Gen]
│    │         ├── [36mliteethmacpaddingchecker_0[0m (LiteEthMACPaddingChecker) [Gen]
│    │         ├── [36mstrideconverter_0[0m (StrideConverter) [Gen]
│    │         │    └── [36mconverter_0[0m (Converter) [Gen]
│    │         │         └── [36m_upconverter_0[0m (_UpConverter) [Gen]
│    │         ├── [36mclockdomaincrossing_0[0m (ClockDomainCrossing) [Gen]
│    │         │    └── [36masyncfifo_0[0m (AsyncFIFO) [Gen]
│    │         │         └── [36mfifo[0m (AsyncFIFO)
│    │         │              ├── [36mgraycounter_0[0m (GrayCounter) [Gen]
│    │         │              └── [36mgraycounter_1[0m (GrayCounter) [Gen]
│    │         └── [36mpipeline_0[0m (Pipeline) [Gen]
│    ├── [36minterface[0m (LiteEthMACWishboneInterface)
│    │    ├── [36msram[0m (LiteEthMACSRAM)
│    │    │    ├── [36mwriter[0m (LiteEthMACSRAMWriter)
│    │    │    │    ├── [36mev[0m (EventManager)
│    │    │    │    │    └── [36meventsourcelevel_0[0m (EventSourceLevel) [Gen]
│    │    │    │    ├── [36mpacket[0m (LiteEthMACPacketWriter)
│    │    │    │    │    └── [36mfsm[0m (FSM)
│    │    │    │    └── [36mstat_fifo[0m (SyncFIFO)
│    │    │    │         └── [36mbuffer_0[0m (Buffer) [Gen]
│    │    │    │              ├── [36mpipe_valid[0m (PipeValid)
│    │    │    │              └── [36mpipeline[0m (Pipeline)
│    │    │    ├── [36mreader[0m (LiteEthMACSRAMReader)
│    │    │    │    ├── [36mev[0m (EventManager)
│    │    │    │    │    └── [36meventsourcepulse_0[0m (EventSourcePulse) [Gen]
│    │    │    │    ├── [36mpacket[0m (LiteEthMACPacketReader)
│    │    │    │    │    └── [36mfsm[0m (FSM)
│    │    │    │    ├── [36msyncfifo_0[0m (SyncFIFO) [Gen]
│    │    │    │    │    └── [36mbuffer_0[0m (Buffer) [Gen]
│    │    │    │    │         ├── [36mpipe_valid[0m (PipeValid)
│    │    │    │    │         └── [36mpipeline[0m (Pipeline)
│    │    │    │    └── [36mfsm[0m (FSM)
│    │    │    └── [36mev[0m (SharedIRQ)
│    │    ├── [36msram_0[0m (SRAM) [Gen]
│    │    ├── [36mdecoder_0[0m (Decoder) [Gen]
│    │    ├── [36msram_1[0m (SRAM) [Gen]
│    │    └── [36mdecoder_1[0m (Decoder) [Gen]
│    └── [36mev[0m (SharedIRQ)
├── [36mleds[0m (GPIOOut)
├── [36mbuttons[0m (GPIOIn)
├── [36mcsr_bridge[0m (Wishbone2CSR)
│    └── [36mfsm[0m (FSM)
├── [36mcsr_bankarray[0m (CSRBankArray)
│    ├── [36mcsrbank_0[0m (CSRBank) [Gen]
│    │    └── [36mcsrstatus_0[0m (CSRStatus) [Gen]
│    ├── [36mcsrbank_1[0m (CSRBank) [Gen]
│    │    ├── [36mcsrstorage_0[0m (CSRStorage) [Gen]
│    │    ├── [36mcsrstorage_1[0m (CSRStorage) [Gen]
│    │    └── [36mcsrstatus_0[0m (CSRStatus) [Gen]
│    ├── [36mcsrbank_2[0m (CSRBank) [Gen]
│    │    ├── [36mcsrstorage_0[0m (CSRStorage) [Gen]
│    │    ├── [36mcsrstorage_1[0m (CSRStorage) [Gen]
│    │    └── [36mcsrstatus_0[0m (CSRStatus) [Gen]
│    ├── [36mcsrbank_3[0m (CSRBank) [Gen]
│    │    ├── [36mcsrstatus_0[0m (CSRStatus) [Gen]
│    │    ├── [36mcsrstatus_1[0m (CSRStatus) [Gen]
│    │    ├── [36mcsrstatus_2[0m (CSRStatus) [Gen]
│    │    ├── [36mcsrstatus_3[0m (CSRStatus) [Gen]
│    │    ├── [36mcsrstatus_4[0m (CSRStatus) [Gen]
│    │    ├── [36mcsrstorage_0[0m (CSRStorage) [Gen]
│    │    ├── [36mcsrstatus_5[0m (CSRStatus) [Gen]
│    │    ├── [36mcsrstatus_6[0m (CSRStatus) [Gen]
│    │    ├── [36mcsrstorage_1[0m (CSRStorage) [Gen]
│    │    ├── [36mcsrstorage_2[0m (CSRStorage) [Gen]
│    │    ├── [36mcsrstatus_7[0m (CSRStatus) [Gen]
│    │    ├── [36mcsrstatus_8[0m (CSRStatus) [Gen]
│    │    ├── [36mcsrstorage_3[0m (CSRStorage) [Gen]
│    │    ├── [36mcsrstatus_9[0m (CSRStatus) [Gen]
│    │    ├── [36mcsrstatus_10[0m (CSRStatus) [Gen]
│    │    └── [36mcsrstatus_11[0m (CSRStatus) [Gen]
│    ├── [36mcsrbank_4[0m (CSRBank) [Gen]
│    │    ├── [36mcsrstorage_0[0m (CSRStorage) [Gen]
│    │    ├── [36mcsrstorage_1[0m (CSRStorage) [Gen]
│    │    └── [36mcsrstatus_0[0m (CSRStatus) [Gen]
│    ├── [36msram_0[0m (SRAM) [Gen]
│    ├── [36mcsrbank_5[0m (CSRBank) [Gen]
│    │    └── [36mcsrstorage_0[0m (CSRStorage) [Gen]
│    ├── [36mcsrbank_6[0m (CSRBank) [Gen]
│    │    ├── [36mcsrstorage_0[0m (CSRStorage) [Gen]
│    │    ├── [36mcsrstorage_1[0m (CSRStorage) [Gen]
│    │    ├── [36mcsrstorage_2[0m (CSRStorage) [Gen]
│    │    ├── [36mcsrstorage_3[0m (CSRStorage) [Gen]
│    │    ├── [36mcsrstorage_4[0m (CSRStorage) [Gen]
│    │    ├── [36mcsrstatus_0[0m (CSRStatus) [Gen]
│    │    ├── [36mcsrstorage_5[0m (CSRStorage) [Gen]
│    │    ├── [36mcsrstorage_6[0m (CSRStorage) [Gen]
│    │    ├── [36mcsrstorage_7[0m (CSRStorage) [Gen]
│    │    ├── [36mcsrstorage_8[0m (CSRStorage) [Gen]
│    │    └── [36mcsrstatus_1[0m (CSRStatus) [Gen]
│    ├── [36mcsrbank_7[0m (CSRBank) [Gen]
│    │    ├── [36mcsrstorage_0[0m (CSRStorage) [Gen]
│    │    ├── [36mcsrstorage_1[0m (CSRStorage) [Gen]
│    │    ├── [36mcsrstorage_2[0m (CSRStorage) [Gen]
│    │    ├── [36mcsrstorage_3[0m (CSRStorage) [Gen]
│    │    ├── [36mcsrstatus_0[0m (CSRStatus) [Gen]
│    │    ├── [36mcsrstatus_1[0m (CSRStatus) [Gen]
│    │    ├── [36mcsrstatus_2[0m (CSRStatus) [Gen]
│    │    ├── [36mcsrstorage_4[0m (CSRStorage) [Gen]
│    │    ├── [36mcsrstorage_5[0m (CSRStorage) [Gen]
│    │    └── [36mcsrstatus_3[0m (CSRStatus) [Gen]
│    └── [36mcsrbank_8[0m (CSRBank) [Gen]
│         ├── [36mcsrstatus_0[0m (CSRStatus) [Gen]
│         ├── [36mcsrstatus_1[0m (CSRStatus) [Gen]
│         ├── [36mcsrstatus_2[0m (CSRStatus) [Gen]
│         ├── [36mcsrstatus_3[0m (CSRStatus) [Gen]
│         ├── [36mcsrstorage_0[0m (CSRStorage) [Gen]
│         ├── [36mcsrstatus_4[0m (CSRStatus) [Gen]
│         └── [36mcsrstatus_5[0m (CSRStatus) [Gen]
└── [36mcsr_interconnect[0m (InterconnectShared)
[1mLegend:[0m
[36m  [Gen][0m: Auto-generated instance name.
[33m  [BB:NAME][0m: Blackbox instance (verilog Instance).

INFO:SoC:[1m--------------------------------------------------------------------------------[0m
make[1]: Entering directory '/home/user/git/fpga/sipeedtangprimer20k-riscv/build/system-fit/20261006T193605.226499Z/attribution/attribution-ddr-one-slot-ethernet/attempts/sram8k/soc/software/libc'
cp /home/user/git/fpga/sipeedtangprimer20k-riscv/.deps/litex/litex/soc/software/libc/picolibc-minimal.h /home/user/git/fpga/sipeedtangprimer20k-riscv/build/system-fit/20261006T193605.226499Z/attribution/attribution-ddr-one-slot-ethernet/attempts/sram8k/soc/software/libc/picolibc.h
printf "#define FORMAT_DEFAULT_%s\n" "INTEGER" >> /home/user/git/fpga/sipeedtangprimer20k-riscv/build/system-fit/20261006T193605.226499Z/attribution/attribution-ddr-one-slot-ethernet/attempts/sram8k/soc/software/libc/picolibc.h
rm -f -r /home/user/git/fpga/sipeedtangprimer20k-riscv/build/system-fit/20261006T193605.226499Z/attribution/attribution-ddr-one-slot-ethernet/attempts/sram8k/soc/software/include/../picolibc_src
printf "#define __IO_DEFAULT '%s'\n" "i" >> /home/user/git/fpga/sipeedtangprimer20k-riscv/build/system-fit/20261006T193605.226499Z/attribution/attribution-ddr-one-slot-ethernet/attempts/sram8k/soc/software/libc/picolibc.h
cp -a /home/user/git/fpga/sipeedtangprimer20k-riscv/.deps/pythondata-software-picolibc/pythondata_software_picolibc/data /home/user/git/fpga/sipeedtangprimer20k-riscv/build/system-fit/20261006T193605.226499Z/attribution/attribution-ddr-one-slot-ethernet/attempts/sram8k/soc/software/include/../picolibc_src
if [ -d "/home/user/git/fpga/sipeedtangprimer20k-riscv/.deps/litex/litex/soc/software/libc/riscv" ]; then \
	cp /home/user/git/fpga/sipeedtangprimer20k-riscv/.deps/litex/litex/soc/software/libc/riscv/* /home/user/git/fpga/sipeedtangprimer20k-riscv/build/system-fit/20261006T193605.226499Z/attribution/attribution-ddr-one-slot-ethernet/attempts/sram8k/soc/software/include/../picolibc_src/libc/machine/riscv/ ;\
fi
 CC       minimal__home_user_git_fpga_sipeedtangprimer20k-riscv_build_system-fit_20261006T193605.226499Z_attribution_attribution-ddr-one-slot-ethernet_attempts_sram8k_soc_software_include_.._picolibc_src_libc_ctype_ctype_.o
 CC       minimal__home_user_git_fpga_sipeedtangprimer20k-riscv_build_system-fit_20261006T193605.226499Z_attribution_attribution-ddr-one-slot-ethernet_attempts_sram8k_soc_software_include_.._picolibc_src_libc_errno_errno.o
 CC       minimal__home_user_git_fpga_sipeedtangprimer20k-riscv_build_system-fit_20261006T193605.226499Z_attribution_attribution-ddr-one-slot-ethernet_attempts_sram8k_soc_software_include_.._picolibc_src_libc_string_strchr.o
 CC       minimal__home_user_git_fpga_sipeedtangprimer20k-riscv_build_system-fit_20261006T193605.226499Z_attribution_attribution-ddr-one-slot-ethernet_attempts_sram8k_soc_software_include_.._picolibc_src_libc_string_strncpy.o
 CC       minimal__home_user_git_fpga_sipeedtangprimer20k-riscv_build_system-fit_20261006T193605.226499Z_attribution_attribution-ddr-one-slot-ethernet_attempts_sram8k_soc_software_include_.._picolibc_src_libc_string_strncmp.o
 CC       minimal__home_user_git_fpga_sipeedtangprimer20k-riscv_build_system-fit_20261006T193605.226499Z_attribution_attribution-ddr-one-slot-ethernet_attempts_sram8k_soc_software_include_.._picolibc_src_libc_string_strnlen.o
 CC       minimal__home_user_git_fpga_sipeedtangprimer20k-riscv_build_system-fit_20261006T193605.226499Z_attribution_attribution-ddr-one-slot-ethernet_attempts_sram8k_soc_software_include_.._picolibc_src_libc_stdio_fgetc.o
 CC       minimal__home_user_git_fpga_sipeedtangprimer20k-riscv_build_system-fit_20261006T193605.226499Z_attribution_attribution-ddr-one-slot-ethernet_attempts_sram8k_soc_software_include_.._picolibc_src_libc_stdio_fputc.o
 CC       minimal__home_user_git_fpga_sipeedtangprimer20k-riscv_build_system-fit_20261006T193605.226499Z_attribution_attribution-ddr-one-slot-ethernet_attempts_sram8k_soc_software_include_.._picolibc_src_libc_stdio_fputs.o
 CC       minimal__home_user_git_fpga_sipeedtangprimer20k-riscv_build_system-fit_20261006T193605.226499Z_attribution_attribution-ddr-one-slot-ethernet_attempts_sram8k_soc_software_include_.._picolibc_src_libc_stdio_printf.o
 CC       minimal__home_user_git_fpga_sipeedtangprimer20k-riscv_build_system-fit_20261006T193605.226499Z_attribution_attribution-ddr-one-slot-ethernet_attempts_sram8k_soc_software_include_.._picolibc_src_libc_stdio_puts.o
 CC       minimal__home_user_git_fpga_sipeedtangprimer20k-riscv_build_system-fit_20261006T193605.226499Z_attribution_attribution-ddr-one-slot-ethernet_attempts_sram8k_soc_software_include_.._picolibc_src_libc_stdio_strtoul.o
 CC       minimal__home_user_git_fpga_sipeedtangprimer20k-riscv_build_system-fit_20261006T193605.226499Z_attribution_attribution-ddr-one-slot-ethernet_attempts_sram8k_soc_software_include_.._picolibc_src_libc_stdio_strtoull.o
 CC       minimal__home_user_git_fpga_sipeedtangprimer20k-riscv_build_system-fit_20261006T193605.226499Z_attribution_attribution-ddr-one-slot-ethernet_attempts_sram8k_soc_software_include_.._picolibc_src_libc_stdlib_lldiv.o
 CC       minimal__home_user_git_fpga_sipeedtangprimer20k-riscv_build_system-fit_20261006T193605.226499Z_attribution_attribution-ddr-one-slot-ethernet_attempts_sram8k_soc_software_include_.._picolibc_src_libc_machine_riscv_memcpy-asm.o
 CC       minimal__home_user_git_fpga_sipeedtangprimer20k-riscv_build_system-fit_20261006T193605.226499Z_attribution_attribution-ddr-one-slot-ethernet_attempts_sram8k_soc_software_include_.._picolibc_src_libc_machine_riscv_memmove.o
 CC       minimal__home_user_git_fpga_sipeedtangprimer20k-riscv_build_system-fit_20261006T193605.226499Z_attribution_attribution-ddr-one-slot-ethernet_attempts_sram8k_soc_software_include_.._picolibc_src_libc_machine_riscv_memset.o
 CC       minimal__home_user_git_fpga_sipeedtangprimer20k-riscv_build_system-fit_20261006T193605.226499Z_attribution_attribution-ddr-one-slot-ethernet_attempts_sram8k_soc_software_include_.._picolibc_src_libc_machine_riscv_strcmp.o
 CC       minimal__home_user_git_fpga_sipeedtangprimer20k-riscv_build_system-fit_20261006T193605.226499Z_attribution_attribution-ddr-one-slot-ethernet_attempts_sram8k_soc_software_include_.._picolibc_src_libc_machine_riscv_strcpy.o
 CC       minimal__home_user_git_fpga_sipeedtangprimer20k-riscv_build_system-fit_20261006T193605.226499Z_attribution_attribution-ddr-one-slot-ethernet_attempts_sram8k_soc_software_include_.._picolibc_src_libc_machine_riscv_strlen.o
 CC       minimal__home_user_git_fpga_sipeedtangprimer20k-riscv_build_system-fit_20261006T193605.226499Z_attribution_attribution-ddr-one-slot-ethernet_attempts_sram8k_soc_software_include_.._picolibc_src_libc_stdio_vfiprintf.o
 AR       __libc_minimal.a
 CC       _libc_minimal.a
 AR       _libc_minimal.a
cp __libc_minimal.a _libc_minimal.a
 CC       libc-minimal.a
 AR       libc-minimal.a
cp _libc_minimal.a libc-minimal.a
cp libc-minimal.a libc.a
make[1]: Leaving directory '/home/user/git/fpga/sipeedtangprimer20k-riscv/build/system-fit/20261006T193605.226499Z/attribution/attribution-ddr-one-slot-ethernet/attempts/sram8k/soc/software/libc'
make[1]: Entering directory '/home/user/git/fpga/sipeedtangprimer20k-riscv/build/system-fit/20261006T193605.226499Z/attribution/attribution-ddr-one-slot-ethernet/attempts/sram8k/soc/software/libcompiler_rt'
 CC       umodsi3.o
 CC       udivsi3.o
 CC       divsi3.o
 CC       modsi3.o
 CC       comparesf2.o
 CC       comparedf2.o
 CC       negsf2.o
 CC       negdf2.o
/home/user/git/fpga/sipeedtangprimer20k-riscv/.deps/pythondata-software-compiler_rt/pythondata_software_compiler_rt/data/lib/builtins/comparesf2.c:85:1: warning: function declaration isn't a prototype [-Wstrict-prototypes]
   85 | FNALIAS(__cmpsf2, __lesf2);
      | ^~~~~~~
/home/user/git/fpga/sipeedtangprimer20k-riscv/.deps/pythondata-software-compiler_rt/pythondata_software_compiler_rt/data/lib/builtins/comparedf2.c:85:1: warning: function declaration isn't a prototype [-Wstrict-prototypes]
   85 | FNALIAS(__cmpdf2, __ledf2);
      | ^~~~~~~
 CC       addsf3.o
 CC       subsf3.o
 CC       mulsf3.o
 CC       divsf3.o
 CC       extendsfdf2.o
 CC       truncdfsf2.o
 CC       lshrdi3.o
 CC       muldi3.o
 CC       divdi3.o
 CC       ashldi3.o
 CC       ashrdi3.o
 CC       udivmoddi4.o
 CC       floatsisf.o
 CC       floatunsisf.o
 CC       fixsfsi.o
 CC       fixdfdi.o
 CC       fixunssfsi.o
 CC       fixunsdfdi.o
 CC       adddf3.o
 CC       subdf3.o
 CC       muldf3.o
 CC       divdf3.o
 CC       floatsidf.o
 CC       floatunsidf.o
 CC       floatdidf.o
 CC       fixdfsi.o
 CC       fixunsdfsi.o
 CC       clzsi2.o
 CC       ctzsi2.o
 CC       clzdi2.o
 CC       ctzdi2.o
 CC       udivdi3.o
 CC       umoddi3.o
 CC       moddi3.o
 CC       ucmpdi2.o
 CC       mulsi3.o
 AR       libcompiler_rt.a
make[1]: Leaving directory '/home/user/git/fpga/sipeedtangprimer20k-riscv/build/system-fit/20261006T193605.226499Z/attribution/attribution-ddr-one-slot-ethernet/attempts/sram8k/soc/software/libcompiler_rt'
make[1]: Entering directory '/home/user/git/fpga/sipeedtangprimer20k-riscv/build/system-fit/20261006T193605.226499Z/attribution/attribution-ddr-one-slot-ethernet/attempts/sram8k/soc/software/libbase'
 CC       crc16.o
 CC       crc32.o
 CC       console.o
 CC       format.o
 CC       parse.o
 CC       timeout.o
 CC       system.o
 CC       progress.o
 CC       memtest.o
 CC       uart.o
 CC       startup.o
 CC       spiflash.o
 CC       i2c.o
 CC       isr.o
 CC       hyperram.o
 AR       libbase.a
make[1]: Leaving directory '/home/user/git/fpga/sipeedtangprimer20k-riscv/build/system-fit/20261006T193605.226499Z/attribution/attribution-ddr-one-slot-ethernet/attempts/sram8k/soc/software/libbase'
make[1]: Entering directory '/home/user/git/fpga/sipeedtangprimer20k-riscv/build/system-fit/20261006T193605.226499Z/attribution/attribution-ddr-one-slot-ethernet/attempts/sram8k/soc/software/libfatfs'
 CC       ffunicode.o
 CC       ff.o
 AR       libfatfs.a
make[1]: Leaving directory '/home/user/git/fpga/sipeedtangprimer20k-riscv/build/system-fit/20261006T193605.226499Z/attribution/attribution-ddr-one-slot-ethernet/attempts/sram8k/soc/software/libfatfs'
make[1]: Entering directory '/home/user/git/fpga/sipeedtangprimer20k-riscv/build/system-fit/20261006T193605.226499Z/attribution/attribution-ddr-one-slot-ethernet/attempts/sram8k/soc/software/liblitespi'
 CC       spiflash.o
 CC       spiram.o
 AR       liblitespi.a
make[1]: Leaving directory '/home/user/git/fpga/sipeedtangprimer20k-riscv/build/system-fit/20261006T193605.226499Z/attribution/attribution-ddr-one-slot-ethernet/attempts/sram8k/soc/software/liblitespi'
make[1]: Entering directory '/home/user/git/fpga/sipeedtangprimer20k-riscv/build/system-fit/20261006T193605.226499Z/attribution/attribution-ddr-one-slot-ethernet/attempts/sram8k/soc/software/liblitedram'
 CC       sdram.o
 CC       bist.o
 CC       sdram_dbg.o
 CC       sdram_spd.o
 CC       utils.o
 CC       accessors.o
 AR       liblitedram.a
make[1]: Leaving directory '/home/user/git/fpga/sipeedtangprimer20k-riscv/build/system-fit/20261006T193605.226499Z/attribution/attribution-ddr-one-slot-ethernet/attempts/sram8k/soc/software/liblitedram'
make[1]: Entering directory '/home/user/git/fpga/sipeedtangprimer20k-riscv/build/system-fit/20261006T193605.226499Z/attribution/attribution-ddr-one-slot-ethernet/attempts/sram8k/soc/software/libliteeth'
 CC       udp.o
 CC       tftp.o
 CC       mdio.o
 CC       dhcp.o
 CC       sfp.o
/home/user/git/fpga/sipeedtangprimer20k-riscv/.deps/litex/litex/soc/software/libliteeth/sfp.c:816:6: warning: no previous prototype for 'sfp_init' [-Wmissing-prototypes]
  816 | void sfp_init(void) {}
      |      ^~~~~~~~
 AR       libliteeth.a
make[1]: Leaving directory '/home/user/git/fpga/sipeedtangprimer20k-riscv/build/system-fit/20261006T193605.226499Z/attribution/attribution-ddr-one-slot-ethernet/attempts/sram8k/soc/software/libliteeth'
make[1]: Entering directory '/home/user/git/fpga/sipeedtangprimer20k-riscv/build/system-fit/20261006T193605.226499Z/attribution/attribution-ddr-one-slot-ethernet/attempts/sram8k/soc/software/liblitesdcard'
 CC       sdcard.o
 CC       spisdcard.o
 AR       liblitesdcard.a
make[1]: Leaving directory '/home/user/git/fpga/sipeedtangprimer20k-riscv/build/system-fit/20261006T193605.226499Z/attribution/attribution-ddr-one-slot-ethernet/attempts/sram8k/soc/software/liblitesdcard'
make[1]: Entering directory '/home/user/git/fpga/sipeedtangprimer20k-riscv/build/system-fit/20261006T193605.226499Z/attribution/attribution-ddr-one-slot-ethernet/attempts/sram8k/soc/software/liblitesata'
 CC       sata.o
 AR       liblitesata.a
make[1]: Leaving directory '/home/user/git/fpga/sipeedtangprimer20k-riscv/build/system-fit/20261006T193605.226499Z/attribution/attribution-ddr-one-slot-ethernet/attempts/sram8k/soc/software/liblitesata'
make[1]: Entering directory '/home/user/git/fpga/sipeedtangprimer20k-riscv/build/system-fit/20261006T193605.226499Z/attribution/attribution-ddr-one-slot-ethernet/attempts/sram8k/soc/software/bios'
 CC       crt0.o
 CC       boot-helper.o
 CC       boot.o
 CC       helpers.o
 CC       cmd_bios.o
 CC       cmd_mem.o
 CC       cmd_boot.o
 CC       cmd_i2c.o
 CC       cmd_spiflash.o
 CC       cmd_litedram.o
 CC       cmd_liteeth.o
 CC       cmd_litesdcard.o
 CC       cmd_litesata.o
 CC       sim_debug.o
 CC       main.o
 CC       readline_simple.o
 CC       bios.elf
/home/user/git/fpga/sipeedtangprimer20k-riscv/.tools/riscv-gcc/xpack-riscv-none-elf-gcc-15.2.0-1/bin/../lib/gcc/riscv-none-elf/15.2.0/../../../../riscv-none-elf/bin/ld: warning: bios.elf has a LOAD segment with RWX permissions
chmod -x bios.elf
 OBJCOPY  bios.bin
chmod -x bios.bin
python3 -m litex.soc.software.crcfbigen bios.bin --little
python3 -m litex.soc.software.memusage --fail-stack-margin 2048 bios.elf /home/user/git/fpga/sipeedtangprimer20k-riscv/build/system-fit/20261006T193605.226499Z/attribution/attribution-ddr-one-slot-ethernet/attempts/sram8k/soc/software/bios/../include/generated/regions.ld riscv-none-elf

ROM usage: 38.04KiB 	(79.24%)
SRAM usage: 2.45KiB 	(30.66%)
  .data: 0.03KiB
  .bss: 2.42KiB
  stack margin: 5.55KiB

make[1]: Leaving directory '/home/user/git/fpga/sipeedtangprimer20k-riscv/build/system-fit/20261006T193605.226499Z/attribution/attribution-ddr-one-slot-ethernet/attempts/sram8k/soc/software/bios'
INFO:SoC:Initializing ROM [1mrom[0m with contents (Size: [1m0x982c[0m).
INFO:SoC:Auto-Resizing ROM [1mrom[0m from [1m0xc000[0m to [1m0x982c[0m.
*** GOWIN Tcl Command Line Console  *** 
current device: GW2A-18C  GW2A-LV18PG256C8/I7
add new file: "system_fit_candidate_2_compact_memory.cst"
add new file: "system_fit_candidate_2_compact_memory.sdc"
add new file: "/home/user/git/fpga/sipeedtangprimer20k-riscv/.deps/pythondata-cpu-vexriscv/pythondata_cpu_vexriscv/verilog/VexRiscv_Linux.v"
add new file: "/home/user/git/fpga/sipeedtangprimer20k-riscv/build/system-fit/20261006T193605.226499Z/attribution/attribution-ddr-one-slot-ethernet/attempts/sram8k/soc/gateware/system_fit_candidate_2_compact_memory.v"
GowinSynthesis start
Running parser ...
Analyzing Verilog file '/home/user/git/fpga/sipeedtangprimer20k-riscv/.deps/pythondata-cpu-vexriscv/pythondata_cpu_vexriscv/verilog/VexRiscv_Linux.v'
Analyzing Verilog file '/home/user/git/fpga/sipeedtangprimer20k-riscv/build/system-fit/20261006T193605.226499Z/attribution/attribution-ddr-one-slot-ethernet/attempts/sram8k/soc/gateware/system_fit_candidate_2_compact_memory.v'
Compiling module 'system_fit_candidate_2_compact_memory'("/home/user/git/fpga/sipeedtangprimer20k-riscv/build/system-fit/20261006T193605.226499Z/attribution/attribution-ddr-one-slot-ethernet/attempts/sram8k/soc/gateware/system_fit_candidate_2_compact_memory.v":29225)
WARN  (EX3780) : Using initial value of 'por_rst' since it is never assigned("/home/user/git/fpga/sipeedtangprimer20k-riscv/build/system-fit/20261006T193605.226499Z/attribution/attribution-ddr-one-slot-ethernet/attempts/sram8k/soc/gateware/system_fit_candidate_2_compact_memory.v":29603)
WARN  (EX3780) : Using initial value of 'systemfitsoc_vexriscv' since it is never assigned("/home/user/git/fpga/sipeedtangprimer20k-riscv/build/system-fit/20261006T193605.226499Z/attribution/attribution-ddr-one-slot-ethernet/attempts/sram8k/soc/gateware/system_fit_candidate_2_compact_memory.v":29839)
Compiling module 'system_fit_candidate_2_compact_memory__bus'("/home/user/git/fpga/sipeedtangprimer20k-riscv/build/system-fit/20261006T193605.226499Z/attribution/attribution-ddr-one-slot-ethernet/attempts/sram8k/soc/gateware/system_fit_candidate_2_compact_memory.v":1027)
Compiling module 'system_fit_candidate_2_compact_memory__bus___interconnect'("/home/user/git/fpga/sipeedtangprimer20k-riscv/build/system-fit/20261006T193605.226499Z/attribution/attribution-ddr-one-slot-ethernet/attempts/sram8k/soc/gateware/system_fit_candidate_2_compact_memory.v":740)
Compiling module 'system_fit_candidate_2_compact_memory__bus___interconnect__arbiter'("/home/user/git/fpga/sipeedtangprimer20k-riscv/build/system-fit/20261006T193605.226499Z/attribution/attribution-ddr-one-slot-ethernet/attempts/sram8k/soc/gateware/system_fit_candidate_2_compact_memory.v":550)
Compiling module 'system_fit_candidate_2_compact_memory__bus___interconnect__arbiter__rr'("/home/user/git/fpga/sipeedtangprimer20k-riscv/build/system-fit/20261006T193605.226499Z/attribution/attribution-ddr-one-slot-ethernet/attempts/sram8k/soc/gateware/system_fit_candidate_2_compact_memory.v":489)
Compiling module 'system_fit_candidate_2_compact_memory__csr'("/home/user/git/fpga/sipeedtangprimer20k-riscv/build/system-fit/20261006T193605.226499Z/attribution/attribution-ddr-one-slot-ethernet/attempts/sram8k/soc/gateware/system_fit_candidate_2_compact_memory.v":1299)
Compiling module 'system_fit_candidate_2_compact_memory__irq'("/home/user/git/fpga/sipeedtangprimer20k-riscv/build/system-fit/20261006T193605.226499Z/attribution/attribution-ddr-one-slot-ethernet/attempts/sram8k/soc/gateware/system_fit_candidate_2_compact_memory.v":1335)
Compiling module 'system_fit_candidate_2_compact_memory__rom'("/home/user/git/fpga/sipeedtangprimer20k-riscv/build/system-fit/20261006T193605.226499Z/attribution/attribution-ddr-one-slot-ethernet/attempts/sram8k/soc/gateware/system_fit_candidate_2_compact_memory.v":1371)
Extracting RAM for identifier 'rom'("/home/user/git/fpga/sipeedtangprimer20k-riscv/build/system-fit/20261006T193605.226499Z/attribution/attribution-ddr-one-slot-ethernet/attempts/sram8k/soc/gateware/system_fit_candidate_2_compact_memory.v":1426)
Compiling module 'system_fit_candidate_2_compact_memory__sram'("/home/user/git/fpga/sipeedtangprimer20k-riscv/build/system-fit/20261006T193605.226499Z/attribution/attribution-ddr-one-slot-ethernet/attempts/sram8k/soc/gateware/system_fit_candidate_2_compact_memory.v":1443)
WARN  (EX3780) : Using initial value of 'systemfitsoc_ram_adr_burst' since it is never assigned("/home/user/git/fpga/sipeedtangprimer20k-riscv/build/system-fit/20261006T193605.226499Z/attribution/attribution-ddr-one-slot-ethernet/attempts/sram8k/soc/gateware/system_fit_candidate_2_compact_memory.v":1462)
Extracting RAM for identifier 'sram'("/home/user/git/fpga/sipeedtangprimer20k-riscv/build/system-fit/20261006T193605.226499Z/attribution/attribution-ddr-one-slot-ethernet/attempts/sram8k/soc/gateware/system_fit_candidate_2_compact_memory.v":1511)
Compiling module 'system_fit_candidate_2_compact_memory__identifier'("/home/user/git/fpga/sipeedtangprimer20k-riscv/build/system-fit/20261006T193605.226499Z/attribution/attribution-ddr-one-slot-ethernet/attempts/sram8k/soc/gateware/system_fit_candidate_2_compact_memory.v":1532)
Extracting RAM for identifier 'mem'("/home/user/git/fpga/sipeedtangprimer20k-riscv/build/system-fit/20261006T193605.226499Z/attribution/attribution-ddr-one-slot-ethernet/attempts/sram8k/soc/gateware/system_fit_candidate_2_compact_memory.v":1568)
Compiling module 'system_fit_candidate_2_compact_memory__uart'("/home/user/git/fpga/sipeedtangprimer20k-riscv/build/system-fit/20261006T193605.226499Z/attribution/attribution-ddr-one-slot-ethernet/attempts/sram8k/soc/gateware/system_fit_candidate_2_compact_memory.v":2366)
WARN  (EX3780) : Using initial value of 'systemfitsoc_uart_core_rx_fifo_replace' since it is never assigned("/home/user/git/fpga/sipeedtangprimer20k-riscv/build/system-fit/20261006T193605.226499Z/attribution/attribution-ddr-one-slot-ethernet/attempts/sram8k/soc/gateware/system_fit_candidate_2_compact_memory.v":2437)
WARN  (EX3780) : Using initial value of 'systemfitsoc_uart_core_tx_fifo_replace' since it is never assigned("/home/user/git/fpga/sipeedtangprimer20k-riscv/build/system-fit/20261006T193605.226499Z/attribution/attribution-ddr-one-slot-ethernet/attempts/sram8k/soc/gateware/system_fit_candidate_2_compact_memory.v":2477)
WARN  (EX3780) : Using initial value of 'systemfitsoc_uart_core_tx_fifo_sink_first' since it is never assigned("/home/user/git/fpga/sipeedtangprimer20k-riscv/build/system-fit/20261006T193605.226499Z/attribution/attribution-ddr-one-slot-ethernet/attempts/sram8k/soc/gateware/system_fit_candidate_2_compact_memory.v":2478)
WARN  (EX3780) : Using initial value of 'systemfitsoc_uart_core_tx_fifo_sink_last' since it is never assigned("/home/user/git/fpga/sipeedtangprimer20k-riscv/build/system-fit/20261006T193605.226499Z/attribution/attribution-ddr-one-slot-ethernet/attempts/sram8k/soc/gateware/system_fit_candidate_2_compact_memory.v":2479)
Extracting RAM for identifier 'storage'("/home/user/git/fpga/sipeedtangprimer20k-riscv/build/system-fit/20261006T193605.226499Z/attribution/attribution-ddr-one-slot-ethernet/attempts/sram8k/soc/gateware/system_fit_candidate_2_compact_memory.v":2731)
Extracting RAM for identifier 'storage_1'("/home/user/git/fpga/sipeedtangprimer20k-riscv/build/system-fit/20261006T193605.226499Z/attribution/attribution-ddr-one-slot-ethernet/attempts/sram8k/soc/gateware/system_fit_candidate_2_compact_memory.v":2750)
Compiling module 'system_fit_candidate_2_compact_memory__uart__ev'("/home/user/git/fpga/sipeedtangprimer20k-riscv/build/system-fit/20261006T193605.226499Z/attribution/attribution-ddr-one-slot-ethernet/attempts/sram8k/soc/gateware/system_fit_candidate_2_compact_memory.v":1665)
Compiling module 'system_fit_candidate_2_compact_memory__uart__ev__eventsourcelevel_0'("/home/user/git/fpga/sipeedtangprimer20k-riscv/build/system-fit/20261006T193605.226499Z/attribution/attribution-ddr-one-slot-ethernet/attempts/sram8k/soc/gateware/system_fit_candidate_2_compact_memory.v":1585)
Compiling module 'system_fit_candidate_2_compact_memory__uart__ev__eventsourcelevel_1'("/home/user/git/fpga/sipeedtangprimer20k-riscv/build/system-fit/20261006T193605.226499Z/attribution/attribution-ddr-one-slot-ethernet/attempts/sram8k/soc/gateware/system_fit_candidate_2_compact_memory.v":1625)
Compiling module 'system_fit_candidate_2_compact_memory__uart__phy'("/home/user/git/fpga/sipeedtangprimer20k-riscv/build/system-fit/20261006T193605.226499Z/attribution/attribution-ddr-one-slot-ethernet/attempts/sram8k/soc/gateware/system_fit_candidate_2_compact_memory.v":2244)
Compiling module 'system_fit_candidate_2_compact_memory__uart__phy__tx'("/home/user/git/fpga/sipeedtangprimer20k-riscv/build/system-fit/20261006T193605.226499Z/attribution/attribution-ddr-one-slot-ethernet/attempts/sram8k/soc/gateware/system_fit_candidate_2_compact_memory.v":1907)
Compiling module 'system_fit_candidate_2_compact_memory__uart__phy__tx__clk_phase_accum'("/home/user/git/fpga/sipeedtangprimer20k-riscv/build/system-fit/20261006T193605.226499Z/attribution/attribution-ddr-one-slot-ethernet/attempts/sram8k/soc/gateware/system_fit_candidate_2_compact_memory.v":1745)
Compiling module 'system_fit_candidate_2_compact_memory__uart__phy__tx__fsm'("/home/user/git/fpga/sipeedtangprimer20k-riscv/build/system-fit/20261006T193605.226499Z/attribution/attribution-ddr-one-slot-ethernet/attempts/sram8k/soc/gateware/system_fit_candidate_2_compact_memory.v":1795)
Compiling module 'system_fit_candidate_2_compact_memory__uart__phy__rx'("/home/user/git/fpga/sipeedtangprimer20k-riscv/build/system-fit/20261006T193605.226499Z/attribution/attribution-ddr-one-slot-ethernet/attempts/sram8k/soc/gateware/system_fit_candidate_2_compact_memory.v":2147)
Compiling module 'system_fit_candidate_2_compact_memory__uart__phy__rx__clk_phase_accum'("/home/user/git/fpga/sipeedtangprimer20k-riscv/build/system-fit/20261006T193605.226499Z/attribution/attribution-ddr-one-slot-ethernet/attempts/sram8k/soc/gateware/system_fit_candidate_2_compact_memory.v":1989)
Compiling module 'system_fit_candidate_2_compact_memory__uart__phy__rx__fsm'("/home/user/git/fpga/sipeedtangprimer20k-riscv/build/system-fit/20261006T193605.226499Z/attribution/attribution-ddr-one-slot-ethernet/attempts/sram8k/soc/gateware/system_fit_candidate_2_compact_memory.v":2039)
Compiling module 'system_fit_candidate_2_compact_memory__timer0'("/home/user/git/fpga/sipeedtangprimer20k-riscv/build/system-fit/20261006T193605.226499Z/attribution/attribution-ddr-one-slot-ethernet/attempts/sram8k/soc/gateware/system_fit_candidate_2_compact_memory.v":2895)
Compiling module 'system_fit_candidate_2_compact_memory__timer0__ev'("/home/user/git/fpga/sipeedtangprimer20k-riscv/build/system-fit/20261006T193605.226499Z/attribution/attribution-ddr-one-slot-ethernet/attempts/sram8k/soc/gateware/system_fit_candidate_2_compact_memory.v":2827)
Compiling module 'system_fit_candidate_2_compact_memory__timer0__ev__eventsourceprocess_0'("/home/user/git/fpga/sipeedtangprimer20k-riscv/build/system-fit/20261006T193605.226499Z/attribution/attribution-ddr-one-slot-ethernet/attempts/sram8k/soc/gateware/system_fit_candidate_2_compact_memory.v":2770)
Compiling module 'system_fit_candidate_2_compact_memory__ddrphy'("/home/user/git/fpga/sipeedtangprimer20k-riscv/build/system-fit/20261006T193605.226499Z/attribution/attribution-ddr-one-slot-ethernet/attempts/sram8k/soc/gateware/system_fit_candidate_2_compact_memory.v":4470)
Compiling module 'system_fit_candidate_2_compact_memory__ddrphy__init'("/home/user/git/fpga/sipeedtangprimer20k-riscv/build/system-fit/20261006T193605.226499Z/attribution/attribution-ddr-one-slot-ethernet/attempts/sram8k/soc/gateware/system_fit_candidate_2_compact_memory.v":2995)
Compiling module 'system_fit_candidate_2_compact_memory__ddrphy__bitslip_0'("/home/user/git/fpga/sipeedtangprimer20k-riscv/build/system-fit/20261006T193605.226499Z/attribution/attribution-ddr-one-slot-ethernet/attempts/sram8k/soc/gateware/system_fit_candidate_2_compact_memory.v":3147)
Compiling module 'system_fit_candidate_2_compact_memory__ddrphy__bitslip_1'("/home/user/git/fpga/sipeedtangprimer20k-riscv/build/system-fit/20261006T193605.226499Z/attribution/attribution-ddr-one-slot-ethernet/attempts/sram8k/soc/gateware/system_fit_candidate_2_compact_memory.v":3221)
Compiling module 'system_fit_candidate_2_compact_memory__ddrphy__bitslip_2'("/home/user/git/fpga/sipeedtangprimer20k-riscv/build/system-fit/20261006T193605.226499Z/attribution/attribution-ddr-one-slot-ethernet/attempts/sram8k/soc/gateware/system_fit_candidate_2_compact_memory.v":3295)
Compiling module 'system_fit_candidate_2_compact_memory__ddrphy__bitslip_3'("/home/user/git/fpga/sipeedtangprimer20k-riscv/build/system-fit/20261006T193605.226499Z/attribution/attribution-ddr-one-slot-ethernet/attempts/sram8k/soc/gateware/system_fit_candidate_2_compact_memory.v":3369)
Compiling module 'system_fit_candidate_2_compact_memory__ddrphy__bitslip_4'("/home/user/git/fpga/sipeedtangprimer20k-riscv/build/system-fit/20261006T193605.226499Z/attribution/attribution-ddr-one-slot-ethernet/attempts/sram8k/soc/gateware/system_fit_candidate_2_compact_memory.v":3443)
Compiling module 'system_fit_candidate_2_compact_memory__ddrphy__bitslip_5'("/home/user/git/fpga/sipeedtangprimer20k-riscv/build/system-fit/20261006T193605.226499Z/attribution/attribution-ddr-one-slot-ethernet/attempts/sram8k/soc/gateware/system_fit_candidate_2_compact_memory.v":3517)
Compiling module 'system_fit_candidate_2_compact_memory__ddrphy__bitslip_6'("/home/user/git/fpga/sipeedtangprimer20k-riscv/build/system-fit/20261006T193605.226499Z/attribution/attribution-ddr-one-slot-ethernet/attempts/sram8k/soc/gateware/system_fit_candidate_2_compact_memory.v":3591)
Compiling module 'system_fit_candidate_2_compact_memory__ddrphy__bitslip_7'("/home/user/git/fpga/sipeedtangprimer20k-riscv/build/system-fit/20261006T193605.226499Z/attribution/attribution-ddr-one-slot-ethernet/attempts/sram8k/soc/gateware/system_fit_candidate_2_compact_memory.v":3665)
Compiling module 'system_fit_candidate_2_compact_memory__ddrphy__bitslip_8'("/home/user/git/fpga/sipeedtangprimer20k-riscv/build/system-fit/20261006T193605.226499Z/attribution/attribution-ddr-one-slot-ethernet/attempts/sram8k/soc/gateware/system_fit_candidate_2_compact_memory.v":3739)
Compiling module 'system_fit_candidate_2_compact_memory__ddrphy__bitslip_9'("/home/user/git/fpga/sipeedtangprimer20k-riscv/build/system-fit/20261006T193605.226499Z/attribution/attribution-ddr-one-slot-ethernet/attempts/sram8k/soc/gateware/system_fit_candidate_2_compact_memory.v":3813)
Compiling module 'system_fit_candidate_2_compact_memory__ddrphy__bitslip_10'("/home/user/git/fpga/sipeedtangprimer20k-riscv/build/system-fit/20261006T193605.226499Z/attribution/attribution-ddr-one-slot-ethernet/attempts/sram8k/soc/gateware/system_fit_candidate_2_compact_memory.v":3887)
Compiling module 'system_fit_candidate_2_compact_memory__ddrphy__bitslip_11'("/home/user/git/fpga/sipeedtangprimer20k-riscv/build/system-fit/20261006T193605.226499Z/attribution/attribution-ddr-one-slot-ethernet/attempts/sram8k/soc/gateware/system_fit_candidate_2_compact_memory.v":3961)
Compiling module 'system_fit_candidate_2_compact_memory__ddrphy__bitslip_12'("/home/user/git/fpga/sipeedtangprimer20k-riscv/build/system-fit/20261006T193605.226499Z/attribution/attribution-ddr-one-slot-ethernet/attempts/sram8k/soc/gateware/system_fit_candidate_2_compact_memory.v":4035)
Compiling module 'system_fit_candidate_2_compact_memory__ddrphy__bitslip_13'("/home/user/git/fpga/sipeedtangprimer20k-riscv/build/system-fit/20261006T193605.226499Z/attribution/attribution-ddr-one-slot-ethernet/attempts/sram8k/soc/gateware/system_fit_candidate_2_compact_memory.v":4109)
Compiling module 'system_fit_candidate_2_compact_memory__ddrphy__bitslip_14'("/home/user/git/fpga/sipeedtangprimer20k-riscv/build/system-fit/20261006T193605.226499Z/attribution/attribution-ddr-one-slot-ethernet/attempts/sram8k/soc/gateware/system_fit_candidate_2_compact_memory.v":4183)
Compiling module 'system_fit_candidate_2_compact_memory__ddrphy__bitslip_15'("/home/user/git/fpga/sipeedtangprimer20k-riscv/build/system-fit/20261006T193605.226499Z/attribution/attribution-ddr-one-slot-ethernet/attempts/sram8k/soc/gateware/system_fit_candidate_2_compact_memory.v":4257)
Compiling module 'system_fit_candidate_2_compact_memory__ddrphy__tappeddelayline_0'("/home/user/git/fpga/sipeedtangprimer20k-riscv/build/system-fit/20261006T193605.226499Z/attribution/attribution-ddr-one-slot-ethernet/attempts/sram8k/soc/gateware/system_fit_candidate_2_compact_memory.v":4331)
Compiling module 'system_fit_candidate_2_compact_memory__ddrphy__tappeddelayline_1'("/home/user/git/fpga/sipeedtangprimer20k-riscv/build/system-fit/20261006T193605.226499Z/attribution/attribution-ddr-one-slot-ethernet/attempts/sram8k/soc/gateware/system_fit_candidate_2_compact_memory.v":4408)
WARN  (EX3670) : Actual bit length 2 differs from formal bit length 3 for port 'RCLKSEL'("/home/user/git/fpga/sipeedtangprimer20k-riscv/build/system-fit/20261006T193605.226499Z/attribution/attribution-ddr-one-slot-ethernet/attempts/sram8k/soc/gateware/system_fit_candidate_2_compact_memory.v":6785)
WARN  (EX3670) : Actual bit length 2 differs from formal bit length 3 for port 'RCLKSEL'("/home/user/git/fpga/sipeedtangprimer20k-riscv/build/system-fit/20261006T193605.226499Z/attribution/attribution-ddr-one-slot-ethernet/attempts/sram8k/soc/gateware/system_fit_candidate_2_compact_memory.v":7375)
Compiling module 'system_fit_candidate_2_compact_memory__sdram'("/home/user/git/fpga/sipeedtangprimer20k-riscv/build/system-fit/20261006T193605.226499Z/attribution/attribution-ddr-one-slot-ethernet/attempts/sram8k/soc/gateware/system_fit_candidate_2_compact_memory.v":8701)
WARN  (EX3780) : Using initial value of 'systemfitsoc_sdram_bankmachine0_replace' since it is never assigned("/home/user/git/fpga/sipeedtangprimer20k-riscv/build/system-fit/20261006T193605.226499Z/attribution/attribution-ddr-one-slot-ethernet/attempts/sram8k/soc/gateware/system_fit_candidate_2_compact_memory.v":8897)
WARN  (EX3780) : Using initial value of 'systemfitsoc_sdram_bankmachine0_sink_first' since it is never assigned("/home/user/git/fpga/sipeedtangprimer20k-riscv/build/system-fit/20261006T193605.226499Z/attribution/attribution-ddr-one-slot-ethernet/attempts/sram8k/soc/gateware/system_fit_candidate_2_compact_memory.v":8911)
WARN  (EX3780) : Using initial value of 'systemfitsoc_sdram_bankmachine0_sink_last' since it is never assigned("/home/user/git/fpga/sipeedtangprimer20k-riscv/build/system-fit/20261006T193605.226499Z/attribution/attribution-ddr-one-slot-ethernet/attempts/sram8k/soc/gateware/system_fit_candidate_2_compact_memory.v":8912)
WARN  (EX3780) : Using initial value of 'systemfitsoc_sdram_bankmachine1_replace' since it is never assigned("/home/user/git/fpga/sipeedtangprimer20k-riscv/build/system-fit/20261006T193605.226499Z/attribution/attribution-ddr-one-slot-ethernet/attempts/sram8k/soc/gateware/system_fit_candidate_2_compact_memory.v":8992)
WARN  (EX3780) : Using initial value of 'systemfitsoc_sdram_bankmachine1_sink_first' since it is never assigned("/home/user/git/fpga/sipeedtangprimer20k-riscv/build/system-fit/20261006T193605.226499Z/attribution/attribution-ddr-one-slot-ethernet/attempts/sram8k/soc/gateware/system_fit_candidate_2_compact_memory.v":9006)
WARN  (EX3780) : Using initial value of 'systemfitsoc_sdram_bankmachine1_sink_last' since it is never assigned("/home/user/git/fpga/sipeedtangprimer20k-riscv/build/system-fit/20261006T193605.226499Z/attribution/attribution-ddr-one-slot-ethernet/attempts/sram8k/soc/gateware/system_fit_candidate_2_compact_memory.v":9007)
WARN  (EX3780) : Using initial value of 'systemfitsoc_sdram_bankmachine2_replace' since it is never assigned("/home/user/git/fpga/sipeedtangprimer20k-riscv/build/system-fit/20261006T193605.226499Z/attribution/attribution-ddr-one-slot-ethernet/attempts/sram8k/soc/gateware/system_fit_candidate_2_compact_memory.v":9087)
WARN  (EX3780) : Using initial value of 'systemfitsoc_sdram_bankmachine2_sink_first' since it is never assigned("/home/user/git/fpga/sipeedtangprimer20k-riscv/build/system-fit/20261006T193605.226499Z/attribution/attribution-ddr-one-slot-ethernet/attempts/sram8k/soc/gateware/system_fit_candidate_2_compact_memory.v":9101)
WARN  (EX3780) : Using initial value of 'systemfitsoc_sdram_bankmachine2_sink_last' since it is never assigned("/home/user/git/fpga/sipeedtangprimer20k-riscv/build/system-fit/20261006T193605.226499Z/attribution/attribution-ddr-one-slot-ethernet/attempts/sram8k/soc/gateware/system_fit_candidate_2_compact_memory.v":9102)
WARN  (EX3780) : Using initial value of 'systemfitsoc_sdram_bankmachine3_replace' since it is never assigned("/home/user/git/fpga/sipeedtangprimer20k-riscv/build/system-fit/20261006T193605.226499Z/attribution/attribution-ddr-one-slot-ethernet/attempts/sram8k/soc/gateware/system_fit_candidate_2_compact_memory.v":9182)
WARN  (EX3780) : Using initial value of 'systemfitsoc_sdram_bankmachine3_sink_first' since it is never assigned("/home/user/git/fpga/sipeedtangprimer20k-riscv/build/system-fit/20261006T193605.226499Z/attribution/attribution-ddr-one-slot-ethernet/attempts/sram8k/soc/gateware/system_fit_candidate_2_compact_memory.v":9196)
WARN  (EX3780) : Using initial value of 'systemfitsoc_sdram_bankmachine3_sink_last' since it is never assigned("/home/user/git/fpga/sipeedtangprimer20k-riscv/build/system-fit/20261006T193605.226499Z/attribution/attribution-ddr-one-slot-ethernet/attempts/sram8k/soc/gateware/system_fit_candidate_2_compact_memory.v":9197)
WARN  (EX3780) : Using initial value of 'systemfitsoc_sdram_bankmachine4_replace' since it is never assigned("/home/user/git/fpga/sipeedtangprimer20k-riscv/build/system-fit/20261006T193605.226499Z/attribution/attribution-ddr-one-slot-ethernet/attempts/sram8k/soc/gateware/system_fit_candidate_2_compact_memory.v":9277)
WARN  (EX3780) : Using initial value of 'systemfitsoc_sdram_bankmachine4_sink_first' since it is never assigned("/home/user/git/fpga/sipeedtangprimer20k-riscv/build/system-fit/20261006T193605.226499Z/attribution/attribution-ddr-one-slot-ethernet/attempts/sram8k/soc/gateware/system_fit_candidate_2_compact_memory.v":9291)
WARN  (EX3780) : Using initial value of 'systemfitsoc_sdram_bankmachine4_sink_last' since it is never assigned("/home/user/git/fpga/sipeedtangprimer20k-riscv/build/system-fit/20261006T193605.226499Z/attribution/attribution-ddr-one-slot-ethernet/attempts/sram8k/soc/gateware/system_fit_candidate_2_compact_memory.v":9292)
WARN  (EX3780) : Using initial value of 'systemfitsoc_sdram_bankmachine5_replace' since it is never assigned("/home/user/git/fpga/sipeedtangprimer20k-riscv/build/system-fit/20261006T193605.226499Z/attribution/attribution-ddr-one-slot-ethernet/attempts/sram8k/soc/gateware/system_fit_candidate_2_compact_memory.v":9372)
WARN  (EX3780) : Using initial value of 'systemfitsoc_sdram_bankmachine5_sink_first' since it is never assigned("/home/user/git/fpga/sipeedtangprimer20k-riscv/build/system-fit/20261006T193605.226499Z/attribution/attribution-ddr-one-slot-ethernet/attempts/sram8k/soc/gateware/system_fit_candidate_2_compact_memory.v":9386)
WARN  (EX3780) : Using initial value of 'systemfitsoc_sdram_bankmachine5_sink_last' since it is never assigned("/home/user/git/fpga/sipeedtangprimer20k-riscv/build/system-fit/20261006T193605.226499Z/attribution/attribution-ddr-one-slot-ethernet/attempts/sram8k/soc/gateware/system_fit_candidate_2_compact_memory.v":9387)
WARN  (EX3780) : Using initial value of 'systemfitsoc_sdram_bankmachine6_replace' since it is never assigned("/home/user/git/fpga/sipeedtangprimer20k-riscv/build/system-fit/20261006T193605.226499Z/attribution/attribution-ddr-one-slot-ethernet/attempts/sram8k/soc/gateware/system_fit_candidate_2_compact_memory.v":9467)
WARN  (EX3780) : Using initial value of 'systemfitsoc_sdram_bankmachine6_sink_first' since it is never assigned("/home/user/git/fpga/sipeedtangprimer20k-riscv/build/system-fit/20261006T193605.226499Z/attribution/attribution-ddr-one-slot-ethernet/attempts/sram8k/soc/gateware/system_fit_candidate_2_compact_memory.v":9481)
WARN  (EX3780) : Using initial value of 'systemfitsoc_sdram_bankmachine6_sink_last' since it is never assigned("/home/user/git/fpga/sipeedtangprimer20k-riscv/build/system-fit/20261006T193605.226499Z/attribution/attribution-ddr-one-slot-ethernet/attempts/sram8k/soc/gateware/system_fit_candidate_2_compact_memory.v":9482)
WARN  (EX3780) : Using initial value of 'systemfitsoc_sdram_bankmachine7_replace' since it is never assigned("/home/user/git/fpga/sipeedtangprimer20k-riscv/build/system-fit/20261006T193605.226499Z/attribution/attribution-ddr-one-slot-ethernet/attempts/sram8k/soc/gateware/system_fit_candidate_2_compact_memory.v":9562)
WARN  (EX3780) : Using initial value of 'systemfitsoc_sdram_bankmachine7_sink_first' since it is never assigned("/home/user/git/fpga/sipeedtangprimer20k-riscv/build/system-fit/20261006T193605.226499Z/attribution/attribution-ddr-one-slot-ethernet/attempts/sram8k/soc/gateware/system_fit_candidate_2_compact_memory.v":9576)
WARN  (EX3780) : Using initial value of 'systemfitsoc_sdram_bankmachine7_sink_last' since it is never assigned("/home/user/git/fpga/sipeedtangprimer20k-riscv/build/system-fit/20261006T193605.226499Z/attribution/attribution-ddr-one-slot-ethernet/attempts/sram8k/soc/gateware/system_fit_candidate_2_compact_memory.v":9577)
WARN  (EX3780) : Using initial value of 'systemfitsoc_sdram_choose_cmd_want_cmds' since it is never assigned("/home/user/git/fpga/sipeedtangprimer20k-riscv/build/system-fit/20261006T193605.226499Z/attribution/attribution-ddr-one-slot-ethernet/attempts/sram8k/soc/gateware/system_fit_candidate_2_compact_memory.v":9634)
WARN  (EX3780) : Using initial value of 'systemfitsoc_sdram_choose_cmd_want_reads' since it is never assigned("/home/user/git/fpga/sipeedtangprimer20k-riscv/build/system-fit/20261006T193605.226499Z/attribution/attribution-ddr-one-slot-ethernet/attempts/sram8k/soc/gateware/system_fit_candidate_2_compact_memory.v":9635)
WARN  (EX3780) : Using initial value of 'systemfitsoc_sdram_choose_cmd_want_writes' since it is never assigned("/home/user/git/fpga/sipeedtangprimer20k-riscv/build/system-fit/20261006T193605.226499Z/attribution/attribution-ddr-one-slot-ethernet/attempts/sram8k/soc/gateware/system_fit_candidate_2_compact_memory.v":9636)
WARN  (EX3780) : Using initial value of 'systemfitsoc_sdram_choose_req_want_activates' since it is never assigned("/home/user/git/fpga/sipeedtangprimer20k-riscv/build/system-fit/20261006T193605.226499Z/attribution/attribution-ddr-one-slot-ethernet/attempts/sram8k/soc/gateware/system_fit_candidate_2_compact_memory.v":9651)
WARN  (EX3780) : Using initial value of 'systemfitsoc_sdram_choose_req_want_cmds' since it is never assigned("/home/user/git/fpga/sipeedtangprimer20k-riscv/build/system-fit/20261006T193605.226499Z/attribution/attribution-ddr-one-slot-ethernet/attempts/sram8k/soc/gateware/system_fit_candidate_2_compact_memory.v":9652)
WARN  (EX3780) : Using initial value of 'systemfitsoc_sdram_cmd_payload_is_read' since it is never assigned("/home/user/git/fpga/sipeedtangprimer20k-riscv/build/system-fit/20261006T193605.226499Z/attribution/attribution-ddr-one-slot-ethernet/attempts/sram8k/soc/gateware/system_fit_candidate_2_compact_memory.v":9659)
WARN  (EX3780) : Using initial value of 'systemfitsoc_sdram_cmd_payload_is_write' since it is never assigned("/home/user/git/fpga/sipeedtangprimer20k-riscv/build/system-fit/20261006T193605.226499Z/attribution/attribution-ddr-one-slot-ethernet/attempts/sram8k/soc/gateware/system_fit_candidate_2_compact_memory.v":9660)
WARN  (EX3780) : Using initial value of 'systemfitsoc_sdram_csr_dfi_p0_act_n' since it is never assigned("/home/user/git/fpga/sipeedtangprimer20k-riscv/build/system-fit/20261006T193605.226499Z/attribution/attribution-ddr-one-slot-ethernet/attempts/sram8k/soc/gateware/system_fit_candidate_2_compact_memory.v":9665)
WARN  (EX3780) : Using initial value of 'systemfitsoc_sdram_csr_dfi_p1_act_n' since it is never assigned("/home/user/git/fpga/sipeedtangprimer20k-riscv/build/system-fit/20261006T193605.226499Z/attribution/attribution-ddr-one-slot-ethernet/attempts/sram8k/soc/gateware/system_fit_candidate_2_compact_memory.v":9681)
WARN  (EX3780) : Using initial value of 'systemfitsoc_sdram_dfi_p0_act_n' since it is never assigned("/home/user/git/fpga/sipeedtangprimer20k-riscv/build/system-fit/20261006T193605.226499Z/attribution/attribution-ddr-one-slot-ethernet/attempts/sram8k/soc/gateware/system_fit_candidate_2_compact_memory.v":9697)
WARN  (EX3780) : Using initial value of 'systemfitsoc_sdram_dfi_p1_act_n' since it is never assigned("/home/user/git/fpga/sipeedtangprimer20k-riscv/build/system-fit/20261006T193605.226499Z/attribution/attribution-ddr-one-slot-ethernet/attempts/sram8k/soc/gateware/system_fit_candidate_2_compact_memory.v":9713)
WARN  (EX3780) : Using initial value of 'systemfitsoc_sdram_ext_dfi_p0_act_n' since it is never assigned("/home/user/git/fpga/sipeedtangprimer20k-riscv/build/system-fit/20261006T193605.226499Z/attribution/attribution-ddr-one-slot-ethernet/attempts/sram8k/soc/gateware/system_fit_candidate_2_compact_memory.v":9731)
WARN  (EX3780) : Using initial value of 'systemfitsoc_sdram_ext_dfi_p0_address' since it is never assigned("/home/user/git/fpga/sipeedtangprimer20k-riscv/build/system-fit/20261006T193605.226499Z/attribution/attribution-ddr-one-slot-ethernet/attempts/sram8k/soc/gateware/system_fit_candidate_2_compact_memory.v":9732)
WARN  (EX3780) : Using initial value of 'systemfitsoc_sdram_ext_dfi_p0_bank' since it is never assigned("/home/user/git/fpga/sipeedtangprimer20k-riscv/build/system-fit/20261006T193605.226499Z/attribution/attribution-ddr-one-slot-ethernet/attempts/sram8k/soc/gateware/system_fit_candidate_2_compact_memory.v":9733)
WARN  (EX3780) : Using initial value of 'systemfitsoc_sdram_ext_dfi_p0_cas_n' since it is never assigned("/home/user/git/fpga/sipeedtangprimer20k-riscv/build/system-fit/20261006T193605.226499Z/attribution/attribution-ddr-one-slot-ethernet/attempts/sram8k/soc/gateware/system_fit_candidate_2_compact_memory.v":9734)
WARN  (EX3780) : Using initial value of 'systemfitsoc_sdram_ext_dfi_p0_cke' since it is never assigned("/home/user/git/fpga/sipeedtangprimer20k-riscv/build/system-fit/20261006T193605.226499Z/attribution/attribution-ddr-one-slot-ethernet/attempts/sram8k/soc/gateware/system_fit_candidate_2_compact_memory.v":9735)
WARN  (EX3780) : Using initial value of 'systemfitsoc_sdram_ext_dfi_p0_cs_n' since it is never assigned("/home/user/git/fpga/sipeedtangprimer20k-riscv/build/system-fit/20261006T193605.226499Z/attribution/attribution-ddr-one-slot-ethernet/attempts/sram8k/soc/gateware/system_fit_candidate_2_compact_memory.v":9736)
WARN  (EX3780) : Using initial value of 'systemfitsoc_sdram_ext_dfi_p0_odt' since it is never assigned("/home/user/git/fpga/sipeedtangprimer20k-riscv/build/system-fit/20261006T193605.226499Z/attribution/attribution-ddr-one-slot-ethernet/attempts/sram8k/soc/gateware/system_fit_candidate_2_compact_memory.v":9737)
WARN  (EX3780) : Using initial value of 'systemfitsoc_sdram_ext_dfi_p0_ras_n' since it is never assigned("/home/user/git/fpga/sipeedtangprimer20k-riscv/build/system-fit/20261006T193605.226499Z/attribution/attribution-ddr-one-slot-ethernet/attempts/sram8k/soc/gateware/system_fit_candidate_2_compact_memory.v":9738)
WARN  (EX3780) : Using initial value of 'systemfitsoc_sdram_ext_dfi_p0_rddata_en' since it is never assigned("/home/user/git/fpga/sipeedtangprimer20k-riscv/build/system-fit/20261006T193605.226499Z/attribution/attribution-ddr-one-slot-ethernet/attempts/sram8k/soc/gateware/system_fit_candidate_2_compact_memory.v":9740)
WARN  (EX3780) : Using initial value of 'systemfitsoc_sdram_ext_dfi_p0_reset_n' since it is never assigned("/home/user/git/fpga/sipeedtangprimer20k-riscv/build/system-fit/20261006T193605.226499Z/attribution/attribution-ddr-one-slot-ethernet/attempts/sram8k/soc/gateware/system_fit_candidate_2_compact_memory.v":9742)
WARN  (EX3780) : Using initial value of 'systemfitsoc_sdram_ext_dfi_p0_we_n' since it is never assigned("/home/user/git/fpga/sipeedtangprimer20k-riscv/build/system-fit/20261006T193605.226499Z/attribution/attribution-ddr-one-slot-ethernet/attempts/sram8k/soc/gateware/system_fit_candidate_2_compact_memory.v":9743)
WARN  (EX3780) : Using initial value of 'systemfitsoc_sdram_ext_dfi_p0_wrdata' since it is never assigned("/home/user/git/fpga/sipeedtangprimer20k-riscv/build/system-fit/20261006T193605.226499Z/attribution/attribution-ddr-one-slot-ethernet/attempts/sram8k/soc/gateware/system_fit_candidate_2_compact_memory.v":9744)
WARN  (EX3780) : Using initial value of 'systemfitsoc_sdram_ext_dfi_p0_wrdata_en' since it is never assigned("/home/user/git/fpga/sipeedtangprimer20k-riscv/build/system-fit/20261006T193605.226499Z/attribution/attribution-ddr-one-slot-ethernet/attempts/sram8k/soc/gateware/system_fit_candidate_2_compact_memory.v":9745)
WARN  (EX3780) : Using initial value of 'systemfitsoc_sdram_ext_dfi_p0_wrdata_mask' since it is never assigned("/home/user/git/fpga/sipeedtangprimer20k-riscv/build/system-fit/20261006T193605.226499Z/attribution/attribution-ddr-one-slot-ethernet/attempts/sram8k/soc/gateware/system_fit_candidate_2_compact_memory.v":9746)
WARN  (EX3780) : Using initial value of 'systemfitsoc_sdram_ext_dfi_p1_act_n' since it is never assigned("/home/user/git/fpga/sipeedtangprimer20k-riscv/build/system-fit/20261006T193605.226499Z/attribution/attribution-ddr-one-slot-ethernet/attempts/sram8k/soc/gateware/system_fit_candidate_2_compact_memory.v":9747)
WARN  (EX3780) : Using initial value of 'systemfitsoc_sdram_ext_dfi_p1_address' since it is never assigned("/home/user/git/fpga/sipeedtangprimer20k-riscv/build/system-fit/20261006T193605.226499Z/attribution/attribution-ddr-one-slot-ethernet/attempts/sram8k/soc/gateware/system_fit_candidate_2_compact_memory.v":9748)
WARN  (EX3780) : Using initial value of 'systemfitsoc_sdram_ext_dfi_p1_bank' since it is never assigned("/home/user/git/fpga/sipeedtangprimer20k-riscv/build/system-fit/20261006T193605.226499Z/attribution/attribution-ddr-one-slot-ethernet/attempts/sram8k/soc/gateware/system_fit_candidate_2_compact_memory.v":9749)
WARN  (EX3780) : Using initial value of 'systemfitsoc_sdram_ext_dfi_p1_cas_n' since it is never assigned("/home/user/git/fpga/sipeedtangprimer20k-riscv/build/system-fit/20261006T193605.226499Z/attribution/attribution-ddr-one-slot-ethernet/attempts/sram8k/soc/gateware/system_fit_candidate_2_compact_memory.v":9750)
WARN  (EX3780) : Using initial value of 'systemfitsoc_sdram_ext_dfi_p1_cke' since it is never assigned("/home/user/git/fpga/sipeedtangprimer20k-riscv/build/system-fit/20261006T193605.226499Z/attribution/attribution-ddr-one-slot-ethernet/attempts/sram8k/soc/gateware/system_fit_candidate_2_compact_memory.v":9751)
WARN  (EX3780) : Using initial value of 'systemfitsoc_sdram_ext_dfi_p1_cs_n' since it is never assigned("/home/user/git/fpga/sipeedtangprimer20k-riscv/build/system-fit/20261006T193605.226499Z/attribution/attribution-ddr-one-slot-ethernet/attempts/sram8k/soc/gateware/system_fit_candidate_2_compact_memory.v":9752)
WARN  (EX3780) : Using initial value of 'systemfitsoc_sdram_ext_dfi_p1_odt' since it is never assigned("/home/user/git/fpga/sipeedtangprimer20k-riscv/build/system-fit/20261006T193605.226499Z/attribution/attribution-ddr-one-slot-ethernet/attempts/sram8k/soc/gateware/system_fit_candidate_2_compact_memory.v":9753)
WARN  (EX3780) : Using initial value of 'systemfitsoc_sdram_ext_dfi_p1_ras_n' since it is never assigned("/home/user/git/fpga/sipeedtangprimer20k-riscv/build/system-fit/20261006T193605.226499Z/attribution/attribution-ddr-one-slot-ethernet/attempts/sram8k/soc/gateware/system_fit_candidate_2_compact_memory.v":9754)
WARN  (EX3780) : Using initial value of 'systemfitsoc_sdram_ext_dfi_p1_rddata_en' since it is never assigned("/home/user/git/fpga/sipeedtangprimer20k-riscv/build/system-fit/20261006T193605.226499Z/attribution/attribution-ddr-one-slot-ethernet/attempts/sram8k/soc/gateware/system_fit_candidate_2_compact_memory.v":9756)
WARN  (EX3780) : Using initial value of 'systemfitsoc_sdram_ext_dfi_p1_reset_n' since it is never assigned("/home/user/git/fpga/sipeedtangprimer20k-riscv/build/system-fit/20261006T193605.226499Z/attribution/attribution-ddr-one-slot-ethernet/attempts/sram8k/soc/gateware/system_fit_candidate_2_compact_memory.v":9758)
WARN  (EX3780) : Using initial value of 'systemfitsoc_sdram_ext_dfi_p1_we_n' since it is never assigned("/home/user/git/fpga/sipeedtangprimer20k-riscv/build/system-fit/20261006T193605.226499Z/attribution/attribution-ddr-one-slot-ethernet/attempts/sram8k/soc/gateware/system_fit_candidate_2_compact_memory.v":9759)
WARN  (EX3780) : Using initial value of 'systemfitsoc_sdram_ext_dfi_p1_wrdata' since it is never assigned("/home/user/git/fpga/sipeedtangprimer20k-riscv/build/system-fit/20261006T193605.226499Z/attribution/attribution-ddr-one-slot-ethernet/attempts/sram8k/soc/gateware/system_fit_candidate_2_compact_memory.v":9760)
WARN  (EX3780) : Using initial value of 'systemfitsoc_sdram_ext_dfi_p1_wrdata_en' since it is never assigned("/home/user/git/fpga/sipeedtangprimer20k-riscv/build/system-fit/20261006T193605.226499Z/attribution/attribution-ddr-one-slot-ethernet/attempts/sram8k/soc/gateware/system_fit_candidate_2_compact_memory.v":9761)
WARN  (EX3780) : Using initial value of 'systemfitsoc_sdram_ext_dfi_p1_wrdata_mask' since it is never assigned("/home/user/git/fpga/sipeedtangprimer20k-riscv/build/system-fit/20261006T193605.226499Z/attribution/attribution-ddr-one-slot-ethernet/attempts/sram8k/soc/gateware/system_fit_candidate_2_compact_memory.v":9762)
WARN  (EX3780) : Using initial value of 'systemfitsoc_sdram_ext_dfi_sel' since it is never assigned("/home/user/git/fpga/sipeedtangprimer20k-riscv/build/system-fit/20261006T193605.226499Z/attribution/attribution-ddr-one-slot-ethernet/attempts/sram8k/soc/gateware/system_fit_candidate_2_compact_memory.v":9763)
WARN  (EX3780) : Using initial value of 'systemfitsoc_sdram_nop_a' since it is never assigned("/home/user/git/fpga/sipeedtangprimer20k-riscv/build/system-fit/20261006T193605.226499Z/attribution/attribution-ddr-one-slot-ethernet/attempts/sram8k/soc/gateware/system_fit_candidate_2_compact_memory.v":9858)
WARN  (EX3780) : Using initial value of 'systemfitsoc_sdram_nop_ba' since it is never assigned("/home/user/git/fpga/sipeedtangprimer20k-riscv/build/system-fit/20261006T193605.226499Z/attribution/attribution-ddr-one-slot-ethernet/attempts/sram8k/soc/gateware/system_fit_candidate_2_compact_memory.v":9859)
WARN  (EX3780) : Using initial value of 'systemfitsoc_sdram_steerer2' since it is never assigned("/home/user/git/fpga/sipeedtangprimer20k-riscv/build/system-fit/20261006T193605.226499Z/attribution/attribution-ddr-one-slot-ethernet/attempts/sram8k/soc/gateware/system_fit_candidate_2_compact_memory.v":9905)
WARN  (EX3780) : Using initial value of 'systemfitsoc_sdram_steerer3' since it is never assigned("/home/user/git/fpga/sipeedtangprimer20k-riscv/build/system-fit/20261006T193605.226499Z/attribution/attribution-ddr-one-slot-ethernet/attempts/sram8k/soc/gateware/system_fit_candidate_2_compact_memory.v":9906)
WARN  (EX3780) : Using initial value of 'systemfitsoc_sdram_steerer4' since it is never assigned("/home/user/git/fpga/sipeedtangprimer20k-riscv/build/system-fit/20261006T193605.226499Z/attribution/attribution-ddr-one-slot-ethernet/attempts/sram8k/soc/gateware/system_fit_candidate_2_compact_memory.v":9907)
WARN  (EX3780) : Using initial value of 'systemfitsoc_sdram_steerer5' since it is never assigned("/home/user/git/fpga/sipeedtangprimer20k-riscv/build/system-fit/20261006T193605.226499Z/attribution/attribution-ddr-one-slot-ethernet/attempts/sram8k/soc/gateware/system_fit_candidate_2_compact_memory.v":9908)
Extracting RAM for identifier 'storage_2'("/home/user/git/fpga/sipeedtangprimer20k-riscv/build/system-fit/20261006T193605.226499Z/attribution/attribution-ddr-one-slot-ethernet/attempts/sram8k/soc/gateware/system_fit_candidate_2_compact_memory.v":14289)
Extracting RAM for identifier 'storage_3'("/home/user/git/fpga/sipeedtangprimer20k-riscv/build/system-fit/20261006T193605.226499Z/attribution/attribution-ddr-one-slot-ethernet/attempts/sram8k/soc/gateware/system_fit_candidate_2_compact_memory.v":14304)
Extracting RAM for identifier 'storage_4'("/home/user/git/fpga/sipeedtangprimer20k-riscv/build/system-fit/20261006T193605.226499Z/attribution/attribution-ddr-one-slot-ethernet/attempts/sram8k/soc/gateware/system_fit_candidate_2_compact_memory.v":14319)
Extracting RAM for identifier 'storage_5'("/home/user/git/fpga/sipeedtangprimer20k-riscv/build/system-fit/20261006T193605.226499Z/attribution/attribution-ddr-one-slot-ethernet/attempts/sram8k/soc/gateware/system_fit_candidate_2_compact_memory.v":14334)
Extracting RAM for identifier 'storage_6'("/home/user/git/fpga/sipeedtangprimer20k-riscv/build/system-fit/20261006T193605.226499Z/attribution/attribution-ddr-one-slot-ethernet/attempts/sram8k/soc/gateware/system_fit_candidate_2_compact_memory.v":14349)
Extracting RAM for identifier 'storage_7'("/home/user/git/fpga/sipeedtangprimer20k-riscv/build/system-fit/20261006T193605.226499Z/attribution/attribution-ddr-one-slot-ethernet/attempts/sram8k/soc/gateware/system_fit_candidate_2_compact_memory.v":14364)
Extracting RAM for identifier 'storage_8'("/home/user/git/fpga/sipeedtangprimer20k-riscv/build/system-fit/20261006T193605.226499Z/attribution/attribution-ddr-one-slot-ethernet/attempts/sram8k/soc/gateware/system_fit_candidate_2_compact_memory.v":14379)
Extracting RAM for identifier 'storage_9'("/home/user/git/fpga/sipeedtangprimer20k-riscv/build/system-fit/20261006T193605.226499Z/attribution/attribution-ddr-one-slot-ethernet/attempts/sram8k/soc/gateware/system_fit_candidate_2_compact_memory.v":14394)
Compiling module 'system_fit_candidate_2_compact_memory__sdram__crossbar'("/home/user/git/fpga/sipeedtangprimer20k-riscv/build/system-fit/20261006T193605.226499Z/attribution/attribution-ddr-one-slot-ethernet/attempts/sram8k/soc/gateware/system_fit_candidate_2_compact_memory.v":8217)
WARN  (EX3780) : Using initial value of 'locked0' since it is never assigned("/home/user/git/fpga/sipeedtangprimer20k-riscv/build/system-fit/20261006T193605.226499Z/attribution/attribution-ddr-one-slot-ethernet/attempts/sram8k/soc/gateware/system_fit_candidate_2_compact_memory.v":8319)
WARN  (EX3780) : Using initial value of 'locked1' since it is never assigned("/home/user/git/fpga/sipeedtangprimer20k-riscv/build/system-fit/20261006T193605.226499Z/attribution/attribution-ddr-one-slot-ethernet/attempts/sram8k/soc/gateware/system_fit_candidate_2_compact_memory.v":8320)
WARN  (EX3780) : Using initial value of 'locked2' since it is never assigned("/home/user/git/fpga/sipeedtangprimer20k-riscv/build/system-fit/20261006T193605.226499Z/attribution/attribution-ddr-one-slot-ethernet/attempts/sram8k/soc/gateware/system_fit_candidate_2_compact_memory.v":8321)
WARN  (EX3780) : Using initial value of 'locked3' since it is never assigned("/home/user/git/fpga/sipeedtangprimer20k-riscv/build/system-fit/20261006T193605.226499Z/attribution/attribution-ddr-one-slot-ethernet/attempts/sram8k/soc/gateware/system_fit_candidate_2_compact_memory.v":8322)
WARN  (EX3780) : Using initial value of 'locked4' since it is never assigned("/home/user/git/fpga/sipeedtangprimer20k-riscv/build/system-fit/20261006T193605.226499Z/attribution/attribution-ddr-one-slot-ethernet/attempts/sram8k/soc/gateware/system_fit_candidate_2_compact_memory.v":8323)
WARN  (EX3780) : Using initial value of 'locked5' since it is never assigned("/home/user/git/fpga/sipeedtangprimer20k-riscv/build/system-fit/20261006T193605.226499Z/attribution/attribution-ddr-one-slot-ethernet/attempts/sram8k/soc/gateware/system_fit_candidate_2_compact_memory.v":8324)
WARN  (EX3780) : Using initial value of 'locked6' since it is never assigned("/home/user/git/fpga/sipeedtangprimer20k-riscv/build/system-fit/20261006T193605.226499Z/attribution/attribution-ddr-one-slot-ethernet/attempts/sram8k/soc/gateware/system_fit_candidate_2_compact_memory.v":8325)
WARN  (EX3780) : Using initial value of 'locked7' since it is never assigned("/home/user/git/fpga/sipeedtangprimer20k-riscv/build/system-fit/20261006T193605.226499Z/attribution/attribution-ddr-one-slot-ethernet/attempts/sram8k/soc/gateware/system_fit_candidate_2_compact_memory.v":8326)
Compiling module 'system_fit_candidate_2_compact_memory__sdram__crossbar__roundrobin_1'("/home/user/git/fpga/sipeedtangprimer20k-riscv/build/system-fit/20261006T193605.226499Z/attribution/attribution-ddr-one-slot-ethernet/attempts/sram8k/soc/gateware/system_fit_candidate_2_compact_memory.v":7958)
Compiling module 'system_fit_candidate_2_compact_memory__sdram__crossbar__roundrobin_2'("/home/user/git/fpga/sipeedtangprimer20k-riscv/build/system-fit/20261006T193605.226499Z/attribution/attribution-ddr-one-slot-ethernet/attempts/sram8k/soc/gateware/system_fit_candidate_2_compact_memory.v":7995)
Compiling module 'system_fit_candidate_2_compact_memory__sdram__crossbar__roundrobin_3'("/home/user/git/fpga/sipeedtangprimer20k-riscv/build/system-fit/20261006T193605.226499Z/attribution/attribution-ddr-one-slot-ethernet/attempts/sram8k/soc/gateware/system_fit_candidate_2_compact_memory.v":8032)
Compiling module 'system_fit_candidate_2_compact_memory__sdram__crossbar__roundrobin_4'("/home/user/git/fpga/sipeedtangprimer20k-riscv/build/system-fit/20261006T193605.226499Z/attribution/attribution-ddr-one-slot-ethernet/attempts/sram8k/soc/gateware/system_fit_candidate_2_compact_memory.v":8069)
Compiling module 'system_fit_candidate_2_compact_memory__sdram__crossbar__roundrobin_5'("/home/user/git/fpga/sipeedtangprimer20k-riscv/build/system-fit/20261006T193605.226499Z/attribution/attribution-ddr-one-slot-ethernet/attempts/sram8k/soc/gateware/system_fit_candidate_2_compact_memory.v":8106)
Compiling module 'system_fit_candidate_2_compact_memory__sdram__crossbar__roundrobin_6'("/home/user/git/fpga/sipeedtangprimer20k-riscv/build/system-fit/20261006T193605.226499Z/attribution/attribution-ddr-one-slot-ethernet/attempts/sram8k/soc/gateware/system_fit_candidate_2_compact_memory.v":8143)
Compiling module 'system_fit_candidate_2_compact_memory__sdram__crossbar__roundrobin_7'("/home/user/git/fpga/sipeedtangprimer20k-riscv/build/system-fit/20261006T193605.226499Z/attribution/attribution-ddr-one-slot-ethernet/attempts/sram8k/soc/gateware/system_fit_candidate_2_compact_memory.v":8180)
WARN  (EX3791) : Expression size 2 truncated to fit in target size 1("/home/user/git/fpga/sipeedtangprimer20k-riscv/build/system-fit/20261006T193605.226499Z/attribution/attribution-ddr-one-slot-ethernet/attempts/sram8k/soc/gateware/system_fit_candidate_2_compact_memory.v":10272)
WARN  (EX3791) : Expression size 2 truncated to fit in target size 1("/home/user/git/fpga/sipeedtangprimer20k-riscv/build/system-fit/20261006T193605.226499Z/attribution/attribution-ddr-one-slot-ethernet/attempts/sram8k/soc/gateware/system_fit_candidate_2_compact_memory.v":10303)
WARN  (EX3791) : Expression size 4 truncated to fit in target size 3("/home/user/git/fpga/sipeedtangprimer20k-riscv/build/system-fit/20261006T193605.226499Z/attribution/attribution-ddr-one-slot-ethernet/attempts/sram8k/soc/gateware/system_fit_candidate_2_compact_memory.v":14091)
Compiling module 'system_fit_candidate_2_compact_memory__l2_cache'("/home/user/git/fpga/sipeedtangprimer20k-riscv/build/system-fit/20261006T193605.226499Z/attribution/attribution-ddr-one-slot-ethernet/attempts/sram8k/soc/gateware/system_fit_candidate_2_compact_memory.v":14538)
Extracting RAM for identifier 'tag_mem'("/home/user/git/fpga/sipeedtangprimer20k-riscv/build/system-fit/20261006T193605.226499Z/attribution/attribution-ddr-one-slot-ethernet/attempts/sram8k/soc/gateware/system_fit_candidate_2_compact_memory.v":14670)
Extracting RAM for identifier 'data_mem_grain0'("/home/user/git/fpga/sipeedtangprimer20k-riscv/build/system-fit/20261006T193605.226499Z/attribution/attribution-ddr-one-slot-ethernet/attempts/sram8k/soc/gateware/system_fit_candidate_2_compact_memory.v":14687)
Extracting RAM for identifier 'data_mem_grain1'("/home/user/git/fpga/sipeedtangprimer20k-riscv/build/system-fit/20261006T193605.226499Z/attribution/attribution-ddr-one-slot-ethernet/attempts/sram8k/soc/gateware/system_fit_candidate_2_compact_memory.v":14704)
Extracting RAM for identifier 'data_mem_grain2'("/home/user/git/fpga/sipeedtangprimer20k-riscv/build/system-fit/20261006T193605.226499Z/attribution/attribution-ddr-one-slot-ethernet/attempts/sram8k/soc/gateware/system_fit_candidate_2_compact_memory.v":14721)
Extracting RAM for identifier 'data_mem_grain3'("/home/user/git/fpga/sipeedtangprimer20k-riscv/build/system-fit/20261006T193605.226499Z/attribution/attribution-ddr-one-slot-ethernet/attempts/sram8k/soc/gateware/system_fit_candidate_2_compact_memory.v":14738)
Extracting RAM for identifier 'data_mem_grain4'("/home/user/git/fpga/sipeedtangprimer20k-riscv/build/system-fit/20261006T193605.226499Z/attribution/attribution-ddr-one-slot-ethernet/attempts/sram8k/soc/gateware/system_fit_candidate_2_compact_memory.v":14755)
Extracting RAM for identifier 'data_mem_grain5'("/home/user/git/fpga/sipeedtangprimer20k-riscv/build/system-fit/20261006T193605.226499Z/attribution/attribution-ddr-one-slot-ethernet/attempts/sram8k/soc/gateware/system_fit_candidate_2_compact_memory.v":14772)
Extracting RAM for identifier 'data_mem_grain6'("/home/user/git/fpga/sipeedtangprimer20k-riscv/build/system-fit/20261006T193605.226499Z/attribution/attribution-ddr-one-slot-ethernet/attempts/sram8k/soc/gateware/system_fit_candidate_2_compact_memory.v":14789)
Extracting RAM for identifier 'data_mem_grain7'("/home/user/git/fpga/sipeedtangprimer20k-riscv/build/system-fit/20261006T193605.226499Z/attribution/attribution-ddr-one-slot-ethernet/attempts/sram8k/soc/gateware/system_fit_candidate_2_compact_memory.v":14806)
Extracting RAM for identifier 'data_mem_grain8'("/home/user/git/fpga/sipeedtangprimer20k-riscv/build/system-fit/20261006T193605.226499Z/attribution/attribution-ddr-one-slot-ethernet/attempts/sram8k/soc/gateware/system_fit_candidate_2_compact_memory.v":14823)
Extracting RAM for identifier 'data_mem_grain9'("/home/user/git/fpga/sipeedtangprimer20k-riscv/build/system-fit/20261006T193605.226499Z/attribution/attribution-ddr-one-slot-ethernet/attempts/sram8k/soc/gateware/system_fit_candidate_2_compact_memory.v":14840)
Extracting RAM for identifier 'data_mem_grain10'("/home/user/git/fpga/sipeedtangprimer20k-riscv/build/system-fit/20261006T193605.226499Z/attribution/attribution-ddr-one-slot-ethernet/attempts/sram8k/soc/gateware/system_fit_candidate_2_compact_memory.v":14857)
Extracting RAM for identifier 'data_mem_grain11'("/home/user/git/fpga/sipeedtangprimer20k-riscv/build/system-fit/20261006T193605.226499Z/attribution/attribution-ddr-one-slot-ethernet/attempts/sram8k/soc/gateware/system_fit_candidate_2_compact_memory.v":14874)
Extracting RAM for identifier 'data_mem_grain12'("/home/user/git/fpga/sipeedtangprimer20k-riscv/build/system-fit/20261006T193605.226499Z/attribution/attribution-ddr-one-slot-ethernet/attempts/sram8k/soc/gateware/system_fit_candidate_2_compact_memory.v":14891)
Extracting RAM for identifier 'data_mem_grain13'("/home/user/git/fpga/sipeedtangprimer20k-riscv/build/system-fit/20261006T193605.226499Z/attribution/attribution-ddr-one-slot-ethernet/attempts/sram8k/soc/gateware/system_fit_candidate_2_compact_memory.v":14908)
Extracting RAM for identifier 'data_mem_grain14'("/home/user/git/fpga/sipeedtangprimer20k-riscv/build/system-fit/20261006T193605.226499Z/attribution/attribution-ddr-one-slot-ethernet/attempts/sram8k/soc/gateware/system_fit_candidate_2_compact_memory.v":14925)
Extracting RAM for identifier 'data_mem_grain15'("/home/user/git/fpga/sipeedtangprimer20k-riscv/build/system-fit/20261006T193605.226499Z/attribution/attribution-ddr-one-slot-ethernet/attempts/sram8k/soc/gateware/system_fit_candidate_2_compact_memory.v":14942)
Compiling module 'system_fit_candidate_2_compact_memory__l2_cache__fsm'("/home/user/git/fpga/sipeedtangprimer20k-riscv/build/system-fit/20261006T193605.226499Z/attribution/attribution-ddr-one-slot-ethernet/attempts/sram8k/soc/gateware/system_fit_candidate_2_compact_memory.v":14410)
WARN  (EX3791) : Expression size 30 truncated to fit in target size 28("/home/user/git/fpga/sipeedtangprimer20k-riscv/build/system-fit/20261006T193605.226499Z/attribution/attribution-ddr-one-slot-ethernet/attempts/sram8k/soc/gateware/system_fit_candidate_2_compact_memory.v":14648)
Compiling module 'system_fit_candidate_2_compact_memory__wishbone_bridge'("/home/user/git/fpga/sipeedtangprimer20k-riscv/build/system-fit/20261006T193605.226499Z/attribution/attribution-ddr-one-slot-ethernet/attempts/sram8k/soc/gateware/system_fit_candidate_2_compact_memory.v":15121)
Compiling module 'system_fit_candidate_2_compact_memory__wishbone_bridge__fsm'("/home/user/git/fpga/sipeedtangprimer20k-riscv/build/system-fit/20261006T193605.226499Z/attribution/attribution-ddr-one-slot-ethernet/attempts/sram8k/soc/gateware/system_fit_candidate_2_compact_memory.v":14961)
WARN  (EX3791) : Expression size 28 truncated to fit in target size 23("/home/user/git/fpga/sipeedtangprimer20k-riscv/build/system-fit/20261006T193605.226499Z/attribution/attribution-ddr-one-slot-ethernet/attempts/sram8k/soc/gateware/system_fit_candidate_2_compact_memory.v":15182)
Compiling module 'system_fit_candidate_2_compact_memory__ethphy'("/home/user/git/fpga/sipeedtangprimer20k-riscv/build/system-fit/20261006T193605.226499Z/attribution/attribution-ddr-one-slot-ethernet/attempts/sram8k/soc/gateware/system_fit_candidate_2_compact_memory.v":16009)
WARN  (EX3780) : Using initial value of 'liteethphyrmiitx_converter_sink_first' since it is never assigned("/home/user/git/fpga/sipeedtangprimer20k-riscv/build/system-fit/20261006T193605.226499Z/attribution/attribution-ddr-one-slot-ethernet/attempts/sram8k/soc/gateware/system_fit_candidate_2_compact_memory.v":16065)
WARN  (EX3780) : Using initial value of 'liteethphyrmiitx_converter_sink_last' since it is never assigned("/home/user/git/fpga/sipeedtangprimer20k-riscv/build/system-fit/20261006T193605.226499Z/attribution/attribution-ddr-one-slot-ethernet/attempts/sram8k/soc/gateware/system_fit_candidate_2_compact_memory.v":16066)
Compiling module 'system_fit_candidate_2_compact_memory__ethphy__crg'("/home/user/git/fpga/sipeedtangprimer20k-riscv/build/system-fit/20261006T193605.226499Z/attribution/attribution-ddr-one-slot-ethernet/attempts/sram8k/soc/gateware/system_fit_candidate_2_compact_memory.v":15268)
Compiling module 'system_fit_candidate_2_compact_memory__ethphy__crg__hw_reset'("/home/user/git/fpga/sipeedtangprimer20k-riscv/build/system-fit/20261006T193605.226499Z/attribution/attribution-ddr-one-slot-ethernet/attempts/sram8k/soc/gateware/system_fit_candidate_2_compact_memory.v":15215)
Compiling module 'system_fit_candidate_2_compact_memory__ethphy__rx'("/home/user/git/fpga/sipeedtangprimer20k-riscv/build/system-fit/20261006T193605.226499Z/attribution/attribution-ddr-one-slot-ethernet/attempts/sram8k/soc/gateware/system_fit_candidate_2_compact_memory.v":15599)
WARN  (EX3780) : Using initial value of 'liteethphyrmiirx_converter_sink_first' since it is never assigned("/home/user/git/fpga/sipeedtangprimer20k-riscv/build/system-fit/20261006T193605.226499Z/attribution/attribution-ddr-one-slot-ethernet/attempts/sram8k/soc/gateware/system_fit_candidate_2_compact_memory.v":15634)
WARN  (EX3780) : Using initial value of 'liteethphyrmiirx_delay_sink_first' since it is never assigned("/home/user/git/fpga/sipeedtangprimer20k-riscv/build/system-fit/20261006T193605.226499Z/attribution/attribution-ddr-one-slot-ethernet/attempts/sram8k/soc/gateware/system_fit_candidate_2_compact_memory.v":15692)
WARN  (EX3780) : Using initial value of 'liteethphyrmiirx_delay_sink_last' since it is never assigned("/home/user/git/fpga/sipeedtangprimer20k-riscv/build/system-fit/20261006T193605.226499Z/attribution/attribution-ddr-one-slot-ethernet/attempts/sram8k/soc/gateware/system_fit_candidate_2_compact_memory.v":15693)
Compiling module 'system_fit_candidate_2_compact_memory__ethphy__rx__timer'("/home/user/git/fpga/sipeedtangprimer20k-riscv/build/system-fit/20261006T193605.226499Z/attribution/attribution-ddr-one-slot-ethernet/attempts/sram8k/soc/gateware/system_fit_candidate_2_compact_memory.v":15374)
WARN  (EX3780) : Using initial value of 'liteethphyrmiirx_rst' since it is never assigned("/home/user/git/fpga/sipeedtangprimer20k-riscv/build/system-fit/20261006T193605.226499Z/attribution/attribution-ddr-one-slot-ethernet/attempts/sram8k/soc/gateware/system_fit_candidate_2_compact_memory.v":15386)
Compiling module 'system_fit_candidate_2_compact_memory__ethphy__rx__speed_detect'("/home/user/git/fpga/sipeedtangprimer20k-riscv/build/system-fit/20261006T193605.226499Z/attribution/attribution-ddr-one-slot-ethernet/attempts/sram8k/soc/gateware/system_fit_candidate_2_compact_memory.v":15535)
Compiling module 'system_fit_candidate_2_compact_memory__ethphy__rx__speed_detect__fsm'("/home/user/git/fpga/sipeedtangprimer20k-riscv/build/system-fit/20261006T193605.226499Z/attribution/attribution-ddr-one-slot-ethernet/attempts/sram8k/soc/gateware/system_fit_candidate_2_compact_memory.v":15433)
Compiling module 'system_fit_candidate_2_compact_memory__ethphy__mdio'("/home/user/git/fpga/sipeedtangprimer20k-riscv/build/system-fit/20261006T193605.226499Z/attribution/attribution-ddr-one-slot-ethernet/attempts/sram8k/soc/gateware/system_fit_candidate_2_compact_memory.v":15937)
Compiling module 'system_fit_candidate_2_compact_memory__ethmac'("/home/user/git/fpga/sipeedtangprimer20k-riscv/build/system-fit/20261006T193605.226499Z/attribution/attribution-ddr-one-slot-ethernet/attempts/sram8k/soc/gateware/system_fit_candidate_2_compact_memory.v":19640)
WARN  (EX3780) : Using initial value of 'core_liteethmaccrc32checker_syncfifo_replace' since it is never assigned("/home/user/git/fpga/sipeedtangprimer20k-riscv/build/system-fit/20261006T193605.226499Z/attribution/attribution-ddr-one-slot-ethernet/attempts/sram8k/soc/gateware/system_fit_candidate_2_compact_memory.v":19944)
WARN  (EX3780) : Using initial value of 'core_rx_preamble_preamble' since it is never assigned("/home/user/git/fpga/sipeedtangprimer20k-riscv/build/system-fit/20261006T193605.226499Z/attribution/attribution-ddr-one-slot-ethernet/attempts/sram8k/soc/gateware/system_fit_candidate_2_compact_memory.v":20084)
WARN  (EX3780) : Using initial value of 'core_tx_preamble_preamble' since it is never assigned("/home/user/git/fpga/sipeedtangprimer20k-riscv/build/system-fit/20261006T193605.226499Z/attribution/attribution-ddr-one-slot-ethernet/attempts/sram8k/soc/gateware/system_fit_candidate_2_compact_memory.v":20305)
Extracting RAM for identifier 'storage_10'("/home/user/git/fpga/sipeedtangprimer20k-riscv/build/system-fit/20261006T193605.226499Z/attribution/attribution-ddr-one-slot-ethernet/attempts/sram8k/soc/gateware/system_fit_candidate_2_compact_memory.v":22138)
Extracting RAM for identifier 'storage_11'("/home/user/git/fpga/sipeedtangprimer20k-riscv/build/system-fit/20261006T193605.226499Z/attribution/attribution-ddr-one-slot-ethernet/attempts/sram8k/soc/gateware/system_fit_candidate_2_compact_memory.v":22155)
Extracting RAM for identifier 'storage_12'("/home/user/git/fpga/sipeedtangprimer20k-riscv/build/system-fit/20261006T193605.226499Z/attribution/attribution-ddr-one-slot-ethernet/attempts/sram8k/soc/gateware/system_fit_candidate_2_compact_memory.v":22170)
Compiling module 'system_fit_candidate_2_compact_memory__ethmac__interface'("/home/user/git/fpga/sipeedtangprimer20k-riscv/build/system-fit/20261006T193605.226499Z/attribution/attribution-ddr-one-slot-ethernet/attempts/sram8k/soc/gateware/system_fit_candidate_2_compact_memory.v":19122)
Compiling module 'system_fit_candidate_2_compact_memory__ethmac__interface__sram'("/home/user/git/fpga/sipeedtangprimer20k-riscv/build/system-fit/20261006T193605.226499Z/attribution/attribution-ddr-one-slot-ethernet/attempts/sram8k/soc/gateware/system_fit_candidate_2_compact_memory.v":18435)
Compiling module 'system_fit_candidate_2_compact_memory__ethmac__interface__sram__writer'("/home/user/git/fpga/sipeedtangprimer20k-riscv/build/system-fit/20261006T193605.226499Z/attribution/attribution-ddr-one-slot-ethernet/attempts/sram8k/soc/gateware/system_fit_candidate_2_compact_memory.v":17230)
Compiling module 'system_fit_candidate_2_compact_memory__ethmac__interface__sram__writer__ev'("/home/user/git/fpga/sipeedtangprimer20k-riscv/build/system-fit/20261006T193605.226499Z/attribution/attribution-ddr-one-slot-ethernet/attempts/sram8k/soc/gateware/system_fit_candidate_2_compact_memory.v":16272)
Compiling module 'system_fit_candidate_2_compact_memory__ethmac__interface__sram__writer__ev__eventsourcelevel_0'("/home/user/git/fpga/sipeedtangprimer20k-riscv/build/system-fit/20261006T193605.226499Z/attribution/attribution-ddr-one-slot-ethernet/attempts/sram8k/soc/gateware/system_fit_candidate_2_compact_memory.v":16232)
Compiling module 'system_fit_candidate_2_compact_memory__ethmac__interface__sram__writer__packet'("/home/user/git/fpga/sipeedtangprimer20k-riscv/build/system-fit/20261006T193605.226499Z/attribution/attribution-ddr-one-slot-ethernet/attempts/sram8k/soc/gateware/system_fit_candidate_2_compact_memory.v":16795)
Compiling module 'system_fit_candidate_2_compact_memory__ethmac__interface__sram__writer__packet__fsm'("/home/user/git/fpga/sipeedtangprimer20k-riscv/build/system-fit/20261006T193605.226499Z/attribution/attribution-ddr-one-slot-ethernet/attempts/sram8k/soc/gateware/system_fit_candidate_2_compact_memory.v":16333)
WARN  (EX3791) : Expression size 12 truncated to fit in target size 11("/home/user/git/fpga/sipeedtangprimer20k-riscv/build/system-fit/20261006T193605.226499Z/attribution/attribution-ddr-one-slot-ethernet/attempts/sram8k/soc/gateware/system_fit_candidate_2_compact_memory.v":16618)
WARN  (EX3791) : Expression size 12 truncated to fit in target size 11("/home/user/git/fpga/sipeedtangprimer20k-riscv/build/system-fit/20261006T193605.226499Z/attribution/attribution-ddr-one-slot-ethernet/attempts/sram8k/soc/gateware/system_fit_candidate_2_compact_memory.v":16632)
WARN  (EX3791) : Expression size 12 truncated to fit in target size 11("/home/user/git/fpga/sipeedtangprimer20k-riscv/build/system-fit/20261006T193605.226499Z/attribution/attribution-ddr-one-slot-ethernet/attempts/sram8k/soc/gateware/system_fit_candidate_2_compact_memory.v":16664)
WARN  (EX3791) : Expression size 12 truncated to fit in target size 11("/home/user/git/fpga/sipeedtangprimer20k-riscv/build/system-fit/20261006T193605.226499Z/attribution/attribution-ddr-one-slot-ethernet/attempts/sram8k/soc/gateware/system_fit_candidate_2_compact_memory.v":16678)
WARN  (EX3791) : Expression size 12 truncated to fit in target size 11("/home/user/git/fpga/sipeedtangprimer20k-riscv/build/system-fit/20261006T193605.226499Z/attribution/attribution-ddr-one-slot-ethernet/attempts/sram8k/soc/gateware/system_fit_candidate_2_compact_memory.v":16882)
Compiling module 'system_fit_candidate_2_compact_memory__ethmac__interface__sram__writer__stat_fifo'("/home/user/git/fpga/sipeedtangprimer20k-riscv/build/system-fit/20261006T193605.226499Z/attribution/attribution-ddr-one-slot-ethernet/attempts/sram8k/soc/gateware/system_fit_candidate_2_compact_memory.v":17138)
Compiling module 'system_fit_candidate_2_compact_memory__ethmac__interface__sram__writer__stat_fifo__buffer_0'("/home/user/git/fpga/sipeedtangprimer20k-riscv/build/system-fit/20261006T193605.226499Z/attribution/attribution-ddr-one-slot-ethernet/attempts/sram8k/soc/gateware/system_fit_candidate_2_compact_memory.v":17034)
Compiling module 'system_fit_candidate_2_compact_memory__ethmac__interface__sram__writer__stat_fifo__buffer_0__pipe_valid'("/home/user/git/fpga/sipeedtangprimer20k-riscv/build/system-fit/20261006T193605.226499Z/attribution/attribution-ddr-one-slot-ethernet/attempts/sram8k/soc/gateware/system_fit_candidate_2_compact_memory.v":16900)
Compiling module 'system_fit_candidate_2_compact_memory__ethmac__interface__sram__writer__stat_fifo__buffer_0__pipeline'("/home/user/git/fpga/sipeedtangprimer20k-riscv/build/system-fit/20261006T193605.226499Z/attribution/attribution-ddr-one-slot-ethernet/attempts/sram8k/soc/gateware/system_fit_candidate_2_compact_memory.v":16963)
Compiling module 'system_fit_candidate_2_compact_memory__ethmac__interface__sram__reader'("/home/user/git/fpga/sipeedtangprimer20k-riscv/build/system-fit/20261006T193605.226499Z/attribution/attribution-ddr-one-slot-ethernet/attempts/sram8k/soc/gateware/system_fit_candidate_2_compact_memory.v":18178)
Compiling module 'system_fit_candidate_2_compact_memory__ethmac__interface__sram__reader__ev'("/home/user/git/fpga/sipeedtangprimer20k-riscv/build/system-fit/20261006T193605.226499Z/attribution/attribution-ddr-one-slot-ethernet/attempts/sram8k/soc/gateware/system_fit_candidate_2_compact_memory.v":17513)
Compiling module 'system_fit_candidate_2_compact_memory__ethmac__interface__sram__reader__ev__eventsourcepulse_0'("/home/user/git/fpga/sipeedtangprimer20k-riscv/build/system-fit/20261006T193605.226499Z/attribution/attribution-ddr-one-slot-ethernet/attempts/sram8k/soc/gateware/system_fit_candidate_2_compact_memory.v":17459)
Compiling module 'system_fit_candidate_2_compact_memory__ethmac__interface__sram__reader__packet'("/home/user/git/fpga/sipeedtangprimer20k-riscv/build/system-fit/20261006T193605.226499Z/attribution/attribution-ddr-one-slot-ethernet/attempts/sram8k/soc/gateware/system_fit_candidate_2_compact_memory.v":17662)
Compiling module 'system_fit_candidate_2_compact_memory__ethmac__interface__sram__reader__packet__fsm'("/home/user/git/fpga/sipeedtangprimer20k-riscv/build/system-fit/20261006T193605.226499Z/attribution/attribution-ddr-one-slot-ethernet/attempts/sram8k/soc/gateware/system_fit_candidate_2_compact_memory.v":17579)
Compiling module 'system_fit_candidate_2_compact_memory__ethmac__interface__sram__reader__syncfifo_0'("/home/user/git/fpga/sipeedtangprimer20k-riscv/build/system-fit/20261006T193605.226499Z/attribution/attribution-ddr-one-slot-ethernet/attempts/sram8k/soc/gateware/system_fit_candidate_2_compact_memory.v":17979)
Compiling module 'system_fit_candidate_2_compact_memory__ethmac__interface__sram__reader__syncfifo_0__buffer_0'("/home/user/git/fpga/sipeedtangprimer20k-riscv/build/system-fit/20261006T193605.226499Z/attribution/attribution-ddr-one-slot-ethernet/attempts/sram8k/soc/gateware/system_fit_candidate_2_compact_memory.v":17875)
Compiling module 'system_fit_candidate_2_compact_memory__ethmac__interface__sram__reader__syncfifo_0__buffer_0__pipe_valid'("/home/user/git/fpga/sipeedtangprimer20k-riscv/build/system-fit/20261006T193605.226499Z/attribution/attribution-ddr-one-slot-ethernet/attempts/sram8k/soc/gateware/system_fit_candidate_2_compact_memory.v":17741)
Compiling module 'system_fit_candidate_2_compact_memory__ethmac__interface__sram__reader__syncfifo_0__buffer_0__pipeline'("/home/user/git/fpga/sipeedtangprimer20k-riscv/build/system-fit/20261006T193605.226499Z/attribution/attribution-ddr-one-slot-ethernet/attempts/sram8k/soc/gateware/system_fit_candidate_2_compact_memory.v":17804)
Compiling module 'system_fit_candidate_2_compact_memory__ethmac__interface__sram__reader__fsm'("/home/user/git/fpga/sipeedtangprimer20k-riscv/build/system-fit/20261006T193605.226499Z/attribution/attribution-ddr-one-slot-ethernet/attempts/sram8k/soc/gateware/system_fit_candidate_2_compact_memory.v":18071)
Compiling module 'system_fit_candidate_2_compact_memory__ethmac__interface__sram__ev'("/home/user/git/fpga/sipeedtangprimer20k-riscv/build/system-fit/20261006T193605.226499Z/attribution/attribution-ddr-one-slot-ethernet/attempts/sram8k/soc/gateware/system_fit_candidate_2_compact_memory.v":18396)
Compiling module 'system_fit_candidate_2_compact_memory__ethmac__interface__sram_0'("/home/user/git/fpga/sipeedtangprimer20k-riscv/build/system-fit/20261006T193605.226499Z/attribution/attribution-ddr-one-slot-ethernet/attempts/sram8k/soc/gateware/system_fit_candidate_2_compact_memory.v":18783)
Extracting RAM for identifier 'mac_sram_writer_slot0'("/home/user/git/fpga/sipeedtangprimer20k-riscv/build/system-fit/20261006T193605.226499Z/attribution/attribution-ddr-one-slot-ethernet/attempts/sram8k/soc/gateware/system_fit_candidate_2_compact_memory.v":18843)
Compiling module 'system_fit_candidate_2_compact_memory__ethmac__interface__decoder_0'("/home/user/git/fpga/sipeedtangprimer20k-riscv/build/system-fit/20261006T193605.226499Z/attribution/attribution-ddr-one-slot-ethernet/attempts/sram8k/soc/gateware/system_fit_candidate_2_compact_memory.v":18867)
Compiling module 'system_fit_candidate_2_compact_memory__ethmac__interface__sram_1'("/home/user/git/fpga/sipeedtangprimer20k-riscv/build/system-fit/20261006T193605.226499Z/attribution/attribution-ddr-one-slot-ethernet/attempts/sram8k/soc/gateware/system_fit_candidate_2_compact_memory.v":18947)
Extracting RAM for identifier 'mac_sram_reader_slot0'("/home/user/git/fpga/sipeedtangprimer20k-riscv/build/system-fit/20261006T193605.226499Z/attribution/attribution-ddr-one-slot-ethernet/attempts/sram8k/soc/gateware/system_fit_candidate_2_compact_memory.v":19017)
Compiling module 'system_fit_candidate_2_compact_memory__ethmac__interface__decoder_1'("/home/user/git/fpga/sipeedtangprimer20k-riscv/build/system-fit/20261006T193605.226499Z/attribution/attribution-ddr-one-slot-ethernet/attempts/sram8k/soc/gateware/system_fit_candidate_2_compact_memory.v":19042)
WARN  (EX1998) : Net 'wishbone_interface_interface0_err' does not have a driver("/home/user/git/fpga/sipeedtangprimer20k-riscv/build/system-fit/20261006T193605.226499Z/attribution/attribution-ddr-one-slot-ethernet/attempts/sram8k/soc/gateware/system_fit_candidate_2_compact_memory.v":20331)
WARN  (EX1998) : Net 'wishbone_interface_interface1_dat_r[31]' does not have a driver("/home/user/git/fpga/sipeedtangprimer20k-riscv/build/system-fit/20261006T193605.226499Z/attribution/attribution-ddr-one-slot-ethernet/attempts/sram8k/soc/gateware/system_fit_candidate_2_compact_memory.v":20340)
WARN  (EX1998) : Net 'wishbone_interface_interface1_err' does not have a driver("/home/user/git/fpga/sipeedtangprimer20k-riscv/build/system-fit/20261006T193605.226499Z/attribution/attribution-ddr-one-slot-ethernet/attempts/sram8k/soc/gateware/system_fit_candidate_2_compact_memory.v":20342)
Compiling module 'system_fit_candidate_2_compact_memory__leds'("/home/user/git/fpga/sipeedtangprimer20k-riscv/build/system-fit/20261006T193605.226499Z/attribution/attribution-ddr-one-slot-ethernet/attempts/sram8k/soc/gateware/system_fit_candidate_2_compact_memory.v":22188)
Compiling module 'system_fit_candidate_2_compact_memory__buttons'("/home/user/git/fpga/sipeedtangprimer20k-riscv/build/system-fit/20261006T193605.226499Z/attribution/attribution-ddr-one-slot-ethernet/attempts/sram8k/soc/gateware/system_fit_candidate_2_compact_memory.v":22226)
Compiling module 'system_fit_candidate_2_compact_memory__csr_bridge'("/home/user/git/fpga/sipeedtangprimer20k-riscv/build/system-fit/20261006T193605.226499Z/attribution/attribution-ddr-one-slot-ethernet/attempts/sram8k/soc/gateware/system_fit_candidate_2_compact_memory.v":22423)
Compiling module 'system_fit_candidate_2_compact_memory__csr_bridge__fsm'("/home/user/git/fpga/sipeedtangprimer20k-riscv/build/system-fit/20261006T193605.226499Z/attribution/attribution-ddr-one-slot-ethernet/attempts/sram8k/soc/gateware/system_fit_candidate_2_compact_memory.v":22273)
WARN  (EX3791) : Expression size 30 truncated to fit in target size 14("/home/user/git/fpga/sipeedtangprimer20k-riscv/build/system-fit/20261006T193605.226499Z/attribution/attribution-ddr-one-slot-ethernet/attempts/sram8k/soc/gateware/system_fit_candidate_2_compact_memory.v":22362)
Compiling module 'system_fit_candidate_2_compact_memory__csr_bankarray'("/home/user/git/fpga/sipeedtangprimer20k-riscv/build/system-fit/20261006T193605.226499Z/attribution/attribution-ddr-one-slot-ethernet/attempts/sram8k/soc/gateware/system_fit_candidate_2_compact_memory.v":27968)
Compiling module 'system_fit_candidate_2_compact_memory__csr_bankarray__csrbank_0'("/home/user/git/fpga/sipeedtangprimer20k-riscv/build/system-fit/20261006T193605.226499Z/attribution/attribution-ddr-one-slot-ethernet/attempts/sram8k/soc/gateware/system_fit_candidate_2_compact_memory.v":22556)
Compiling module 'system_fit_candidate_2_compact_memory__csr_bankarray__csrbank_0__csrstatus_0'("/home/user/git/fpga/sipeedtangprimer20k-riscv/build/system-fit/20261006T193605.226499Z/attribution/attribution-ddr-one-slot-ethernet/attempts/sram8k/soc/gateware/system_fit_candidate_2_compact_memory.v":22504)
Compiling module 'system_fit_candidate_2_compact_memory__csr_bankarray__csrbank_1'("/home/user/git/fpga/sipeedtangprimer20k-riscv/build/system-fit/20261006T193605.226499Z/attribution/attribution-ddr-one-slot-ethernet/attempts/sram8k/soc/gateware/system_fit_candidate_2_compact_memory.v":22809)
Compiling module 'system_fit_candidate_2_compact_memory__csr_bankarray__csrbank_1__csrstorage_0'("/home/user/git/fpga/sipeedtangprimer20k-riscv/build/system-fit/20261006T193605.226499Z/attribution/attribution-ddr-one-slot-ethernet/attempts/sram8k/soc/gateware/system_fit_candidate_2_compact_memory.v":22640)
Compiling module 'system_fit_candidate_2_compact_memory__csr_bankarray__csrbank_1__csrstorage_1'("/home/user/git/fpga/sipeedtangprimer20k-riscv/build/system-fit/20261006T193605.226499Z/attribution/attribution-ddr-one-slot-ethernet/attempts/sram8k/soc/gateware/system_fit_candidate_2_compact_memory.v":22703)
Compiling module 'system_fit_candidate_2_compact_memory__csr_bankarray__csrbank_1__csrstatus_0'("/home/user/git/fpga/sipeedtangprimer20k-riscv/build/system-fit/20261006T193605.226499Z/attribution/attribution-ddr-one-slot-ethernet/attempts/sram8k/soc/gateware/system_fit_candidate_2_compact_memory.v":22757)
Compiling module 'system_fit_candidate_2_compact_memory__csr_bankarray__csrbank_2'("/home/user/git/fpga/sipeedtangprimer20k-riscv/build/system-fit/20261006T193605.226499Z/attribution/attribution-ddr-one-slot-ethernet/attempts/sram8k/soc/gateware/system_fit_candidate_2_compact_memory.v":23111)
Compiling module 'system_fit_candidate_2_compact_memory__csr_bankarray__csrbank_2__csrstorage_0'("/home/user/git/fpga/sipeedtangprimer20k-riscv/build/system-fit/20261006T193605.226499Z/attribution/attribution-ddr-one-slot-ethernet/attempts/sram8k/soc/gateware/system_fit_candidate_2_compact_memory.v":22951)
Compiling module 'system_fit_candidate_2_compact_memory__csr_bankarray__csrbank_2__csrstorage_1'("/home/user/git/fpga/sipeedtangprimer20k-riscv/build/system-fit/20261006T193605.226499Z/attribution/attribution-ddr-one-slot-ethernet/attempts/sram8k/soc/gateware/system_fit_candidate_2_compact_memory.v":23005)
Compiling module 'system_fit_candidate_2_compact_memory__csr_bankarray__csrbank_2__csrstatus_0'("/home/user/git/fpga/sipeedtangprimer20k-riscv/build/system-fit/20261006T193605.226499Z/attribution/attribution-ddr-one-slot-ethernet/attempts/sram8k/soc/gateware/system_fit_candidate_2_compact_memory.v":23059)
Compiling module 'system_fit_candidate_2_compact_memory__csr_bankarray__csrbank_3'("/home/user/git/fpga/sipeedtangprimer20k-riscv/build/system-fit/20261006T193605.226499Z/attribution/attribution-ddr-one-slot-ethernet/attempts/sram8k/soc/gateware/system_fit_candidate_2_compact_memory.v":24191)
Compiling module 'system_fit_candidate_2_compact_memory__csr_bankarray__csrbank_3__csrstatus_0'("/home/user/git/fpga/sipeedtangprimer20k-riscv/build/system-fit/20261006T193605.226499Z/attribution/attribution-ddr-one-slot-ethernet/attempts/sram8k/soc/gateware/system_fit_candidate_2_compact_memory.v":23329)
Compiling module 'system_fit_candidate_2_compact_memory__csr_bankarray__csrbank_3__csrstatus_1'("/home/user/git/fpga/sipeedtangprimer20k-riscv/build/system-fit/20261006T193605.226499Z/attribution/attribution-ddr-one-slot-ethernet/attempts/sram8k/soc/gateware/system_fit_candidate_2_compact_memory.v":23381)
Compiling module 'system_fit_candidate_2_compact_memory__csr_bankarray__csrbank_3__csrstatus_2'("/home/user/git/fpga/sipeedtangprimer20k-riscv/build/system-fit/20261006T193605.226499Z/attribution/attribution-ddr-one-slot-ethernet/attempts/sram8k/soc/gateware/system_fit_candidate_2_compact_memory.v":23433)
Compiling module 'system_fit_candidate_2_compact_memory__csr_bankarray__csrbank_3__csrstatus_3'("/home/user/git/fpga/sipeedtangprimer20k-riscv/build/system-fit/20261006T193605.226499Z/attribution/attribution-ddr-one-slot-ethernet/attempts/sram8k/soc/gateware/system_fit_candidate_2_compact_memory.v":23485)
Compiling module 'system_fit_candidate_2_compact_memory__csr_bankarray__csrbank_3__csrstatus_4'("/home/user/git/fpga/sipeedtangprimer20k-riscv/build/system-fit/20261006T193605.226499Z/attribution/attribution-ddr-one-slot-ethernet/attempts/sram8k/soc/gateware/system_fit_candidate_2_compact_memory.v":23539)
Compiling module 'system_fit_candidate_2_compact_memory__csr_bankarray__csrbank_3__csrstorage_0'("/home/user/git/fpga/sipeedtangprimer20k-riscv/build/system-fit/20261006T193605.226499Z/attribution/attribution-ddr-one-slot-ethernet/attempts/sram8k/soc/gateware/system_fit_candidate_2_compact_memory.v":23599)
Compiling module 'system_fit_candidate_2_compact_memory__csr_bankarray__csrbank_3__csrstatus_5'("/home/user/git/fpga/sipeedtangprimer20k-riscv/build/system-fit/20261006T193605.226499Z/attribution/attribution-ddr-one-slot-ethernet/attempts/sram8k/soc/gateware/system_fit_candidate_2_compact_memory.v":23655)
Compiling module 'system_fit_candidate_2_compact_memory__csr_bankarray__csrbank_3__csrstatus_6'("/home/user/git/fpga/sipeedtangprimer20k-riscv/build/system-fit/20261006T193605.226499Z/attribution/attribution-ddr-one-slot-ethernet/attempts/sram8k/soc/gateware/system_fit_candidate_2_compact_memory.v":23707)
Compiling module 'system_fit_candidate_2_compact_memory__csr_bankarray__csrbank_3__csrstorage_1'("/home/user/git/fpga/sipeedtangprimer20k-riscv/build/system-fit/20261006T193605.226499Z/attribution/attribution-ddr-one-slot-ethernet/attempts/sram8k/soc/gateware/system_fit_candidate_2_compact_memory.v":23759)
Compiling module 'system_fit_candidate_2_compact_memory__csr_bankarray__csrbank_3__csrstorage_2'("/home/user/git/fpga/sipeedtangprimer20k-riscv/build/system-fit/20261006T193605.226499Z/attribution/attribution-ddr-one-slot-ethernet/attempts/sram8k/soc/gateware/system_fit_candidate_2_compact_memory.v":23812)
Compiling module 'system_fit_candidate_2_compact_memory__csr_bankarray__csrbank_3__csrstatus_7'("/home/user/git/fpga/sipeedtangprimer20k-riscv/build/system-fit/20261006T193605.226499Z/attribution/attribution-ddr-one-slot-ethernet/attempts/sram8k/soc/gateware/system_fit_candidate_2_compact_memory.v":23865)
Compiling module 'system_fit_candidate_2_compact_memory__csr_bankarray__csrbank_3__csrstatus_8'("/home/user/git/fpga/sipeedtangprimer20k-riscv/build/system-fit/20261006T193605.226499Z/attribution/attribution-ddr-one-slot-ethernet/attempts/sram8k/soc/gateware/system_fit_candidate_2_compact_memory.v":23919)
Compiling module 'system_fit_candidate_2_compact_memory__csr_bankarray__csrbank_3__csrstorage_3'("/home/user/git/fpga/sipeedtangprimer20k-riscv/build/system-fit/20261006T193605.226499Z/attribution/attribution-ddr-one-slot-ethernet/attempts/sram8k/soc/gateware/system_fit_candidate_2_compact_memory.v":23979)
Compiling module 'system_fit_candidate_2_compact_memory__csr_bankarray__csrbank_3__csrstatus_9'("/home/user/git/fpga/sipeedtangprimer20k-riscv/build/system-fit/20261006T193605.226499Z/attribution/attribution-ddr-one-slot-ethernet/attempts/sram8k/soc/gateware/system_fit_candidate_2_compact_memory.v":24035)
Compiling module 'system_fit_candidate_2_compact_memory__csr_bankarray__csrbank_3__csrstatus_10'("/home/user/git/fpga/sipeedtangprimer20k-riscv/build/system-fit/20261006T193605.226499Z/attribution/attribution-ddr-one-slot-ethernet/attempts/sram8k/soc/gateware/system_fit_candidate_2_compact_memory.v":24087)
Compiling module 'system_fit_candidate_2_compact_memory__csr_bankarray__csrbank_3__csrstatus_11'("/home/user/git/fpga/sipeedtangprimer20k-riscv/build/system-fit/20261006T193605.226499Z/attribution/attribution-ddr-one-slot-ethernet/attempts/sram8k/soc/gateware/system_fit_candidate_2_compact_memory.v":24139)
Compiling module 'system_fit_candidate_2_compact_memory__csr_bankarray__csrbank_4'("/home/user/git/fpga/sipeedtangprimer20k-riscv/build/system-fit/20261006T193605.226499Z/attribution/attribution-ddr-one-slot-ethernet/attempts/sram8k/soc/gateware/system_fit_candidate_2_compact_memory.v":24904)
Compiling module 'system_fit_candidate_2_compact_memory__csr_bankarray__csrbank_4__csrstorage_0'("/home/user/git/fpga/sipeedtangprimer20k-riscv/build/system-fit/20261006T193605.226499Z/attribution/attribution-ddr-one-slot-ethernet/attempts/sram8k/soc/gateware/system_fit_candidate_2_compact_memory.v":24736)
Compiling module 'system_fit_candidate_2_compact_memory__csr_bankarray__csrbank_4__csrstorage_1'("/home/user/git/fpga/sipeedtangprimer20k-riscv/build/system-fit/20261006T193605.226499Z/attribution/attribution-ddr-one-slot-ethernet/attempts/sram8k/soc/gateware/system_fit_candidate_2_compact_memory.v":24790)
Compiling module 'system_fit_candidate_2_compact_memory__csr_bankarray__csrbank_4__csrstatus_0'("/home/user/git/fpga/sipeedtangprimer20k-riscv/build/system-fit/20261006T193605.226499Z/attribution/attribution-ddr-one-slot-ethernet/attempts/sram8k/soc/gateware/system_fit_candidate_2_compact_memory.v":24850)
Compiling module 'system_fit_candidate_2_compact_memory__csr_bankarray__sram_0'("/home/user/git/fpga/sipeedtangprimer20k-riscv/build/system-fit/20261006T193605.226499Z/attribution/attribution-ddr-one-slot-ethernet/attempts/sram8k/soc/gateware/system_fit_candidate_2_compact_memory.v":25050)
Compiling module 'system_fit_candidate_2_compact_memory__csr_bankarray__csrbank_5'("/home/user/git/fpga/sipeedtangprimer20k-riscv/build/system-fit/20261006T193605.226499Z/attribution/attribution-ddr-one-slot-ethernet/attempts/sram8k/soc/gateware/system_fit_candidate_2_compact_memory.v":25162)
Compiling module 'system_fit_candidate_2_compact_memory__csr_bankarray__csrbank_5__csrstorage_0'("/home/user/git/fpga/sipeedtangprimer20k-riscv/build/system-fit/20261006T193605.226499Z/attribution/attribution-ddr-one-slot-ethernet/attempts/sram8k/soc/gateware/system_fit_candidate_2_compact_memory.v":25108)
Compiling module 'system_fit_candidate_2_compact_memory__csr_bankarray__csrbank_6'("/home/user/git/fpga/sipeedtangprimer20k-riscv/build/system-fit/20261006T193605.226499Z/attribution/attribution-ddr-one-slot-ethernet/attempts/sram8k/soc/gateware/system_fit_candidate_2_compact_memory.v":25886)
Compiling module 'system_fit_candidate_2_compact_memory__csr_bankarray__csrbank_6__csrstorage_0'("/home/user/git/fpga/sipeedtangprimer20k-riscv/build/system-fit/20261006T193605.226499Z/attribution/attribution-ddr-one-slot-ethernet/attempts/sram8k/soc/gateware/system_fit_candidate_2_compact_memory.v":25244)
Compiling module 'system_fit_candidate_2_compact_memory__csr_bankarray__csrbank_6__csrstorage_1'("/home/user/git/fpga/sipeedtangprimer20k-riscv/build/system-fit/20261006T193605.226499Z/attribution/attribution-ddr-one-slot-ethernet/attempts/sram8k/soc/gateware/system_fit_candidate_2_compact_memory.v":25306)
Compiling module 'system_fit_candidate_2_compact_memory__csr_bankarray__csrbank_6__csrstorage_2'("/home/user/git/fpga/sipeedtangprimer20k-riscv/build/system-fit/20261006T193605.226499Z/attribution/attribution-ddr-one-slot-ethernet/attempts/sram8k/soc/gateware/system_fit_candidate_2_compact_memory.v":25376)
Compiling module 'system_fit_candidate_2_compact_memory__csr_bankarray__csrbank_6__csrstorage_3'("/home/user/git/fpga/sipeedtangprimer20k-riscv/build/system-fit/20261006T193605.226499Z/attribution/attribution-ddr-one-slot-ethernet/attempts/sram8k/soc/gateware/system_fit_candidate_2_compact_memory.v":25429)
Compiling module 'system_fit_candidate_2_compact_memory__csr_bankarray__csrbank_6__csrstorage_4'("/home/user/git/fpga/sipeedtangprimer20k-riscv/build/system-fit/20261006T193605.226499Z/attribution/attribution-ddr-one-slot-ethernet/attempts/sram8k/soc/gateware/system_fit_candidate_2_compact_memory.v":25482)
Compiling module 'system_fit_candidate_2_compact_memory__csr_bankarray__csrbank_6__csrstatus_0'("/home/user/git/fpga/sipeedtangprimer20k-riscv/build/system-fit/20261006T193605.226499Z/attribution/attribution-ddr-one-slot-ethernet/attempts/sram8k/soc/gateware/system_fit_candidate_2_compact_memory.v":25542)
Compiling module 'system_fit_candidate_2_compact_memory__csr_bankarray__csrbank_6__csrstorage_5'("/home/user/git/fpga/sipeedtangprimer20k-riscv/build/system-fit/20261006T193605.226499Z/attribution/attribution-ddr-one-slot-ethernet/attempts/sram8k/soc/gateware/system_fit_candidate_2_compact_memory.v":25596)
Compiling module 'system_fit_candidate_2_compact_memory__csr_bankarray__csrbank_6__csrstorage_6'("/home/user/git/fpga/sipeedtangprimer20k-riscv/build/system-fit/20261006T193605.226499Z/attribution/attribution-ddr-one-slot-ethernet/attempts/sram8k/soc/gateware/system_fit_candidate_2_compact_memory.v":25666)
Compiling module 'system_fit_candidate_2_compact_memory__csr_bankarray__csrbank_6__csrstorage_7'("/home/user/git/fpga/sipeedtangprimer20k-riscv/build/system-fit/20261006T193605.226499Z/attribution/attribution-ddr-one-slot-ethernet/attempts/sram8k/soc/gateware/system_fit_candidate_2_compact_memory.v":25719)
Compiling module 'system_fit_candidate_2_compact_memory__csr_bankarray__csrbank_6__csrstorage_8'("/home/user/git/fpga/sipeedtangprimer20k-riscv/build/system-fit/20261006T193605.226499Z/attribution/attribution-ddr-one-slot-ethernet/attempts/sram8k/soc/gateware/system_fit_candidate_2_compact_memory.v":25772)
Compiling module 'system_fit_candidate_2_compact_memory__csr_bankarray__csrbank_6__csrstatus_1'("/home/user/git/fpga/sipeedtangprimer20k-riscv/build/system-fit/20261006T193605.226499Z/attribution/attribution-ddr-one-slot-ethernet/attempts/sram8k/soc/gateware/system_fit_candidate_2_compact_memory.v":25832)
Compiling module 'system_fit_candidate_2_compact_memory__csr_bankarray__csrbank_7'("/home/user/git/fpga/sipeedtangprimer20k-riscv/build/system-fit/20261006T193605.226499Z/attribution/attribution-ddr-one-slot-ethernet/attempts/sram8k/soc/gateware/system_fit_candidate_2_compact_memory.v":26932)
Compiling module 'system_fit_candidate_2_compact_memory__csr_bankarray__csrbank_7__csrstorage_0'("/home/user/git/fpga/sipeedtangprimer20k-riscv/build/system-fit/20261006T193605.226499Z/attribution/attribution-ddr-one-slot-ethernet/attempts/sram8k/soc/gateware/system_fit_candidate_2_compact_memory.v":26386)
Compiling module 'system_fit_candidate_2_compact_memory__csr_bankarray__csrbank_7__csrstorage_1'("/home/user/git/fpga/sipeedtangprimer20k-riscv/build/system-fit/20261006T193605.226499Z/attribution/attribution-ddr-one-slot-ethernet/attempts/sram8k/soc/gateware/system_fit_candidate_2_compact_memory.v":26440)
Compiling module 'system_fit_candidate_2_compact_memory__csr_bankarray__csrbank_7__csrstorage_2'("/home/user/git/fpga/sipeedtangprimer20k-riscv/build/system-fit/20261006T193605.226499Z/attribution/attribution-ddr-one-slot-ethernet/attempts/sram8k/soc/gateware/system_fit_candidate_2_compact_memory.v":26494)
Compiling module 'system_fit_candidate_2_compact_memory__csr_bankarray__csrbank_7__csrstorage_3'("/home/user/git/fpga/sipeedtangprimer20k-riscv/build/system-fit/20261006T193605.226499Z/attribution/attribution-ddr-one-slot-ethernet/attempts/sram8k/soc/gateware/system_fit_candidate_2_compact_memory.v":26548)
Compiling module 'system_fit_candidate_2_compact_memory__csr_bankarray__csrbank_7__csrstatus_0'("/home/user/git/fpga/sipeedtangprimer20k-riscv/build/system-fit/20261006T193605.226499Z/attribution/attribution-ddr-one-slot-ethernet/attempts/sram8k/soc/gateware/system_fit_candidate_2_compact_memory.v":26602)
Compiling module 'system_fit_candidate_2_compact_memory__csr_bankarray__csrbank_7__csrstatus_1'("/home/user/git/fpga/sipeedtangprimer20k-riscv/build/system-fit/20261006T193605.226499Z/attribution/attribution-ddr-one-slot-ethernet/attempts/sram8k/soc/gateware/system_fit_candidate_2_compact_memory.v":26654)
Compiling module 'system_fit_candidate_2_compact_memory__csr_bankarray__csrbank_7__csrstatus_2'("/home/user/git/fpga/sipeedtangprimer20k-riscv/build/system-fit/20261006T193605.226499Z/attribution/attribution-ddr-one-slot-ethernet/attempts/sram8k/soc/gateware/system_fit_candidate_2_compact_memory.v":26708)
Compiling module 'system_fit_candidate_2_compact_memory__csr_bankarray__csrbank_7__csrstorage_4'("/home/user/git/fpga/sipeedtangprimer20k-riscv/build/system-fit/20261006T193605.226499Z/attribution/attribution-ddr-one-slot-ethernet/attempts/sram8k/soc/gateware/system_fit_candidate_2_compact_memory.v":26768)
Compiling module 'system_fit_candidate_2_compact_memory__csr_bankarray__csrbank_7__csrstorage_5'("/home/user/git/fpga/sipeedtangprimer20k-riscv/build/system-fit/20261006T193605.226499Z/attribution/attribution-ddr-one-slot-ethernet/attempts/sram8k/soc/gateware/system_fit_candidate_2_compact_memory.v":26824)
Compiling module 'system_fit_candidate_2_compact_memory__csr_bankarray__csrbank_7__csrstatus_3'("/home/user/git/fpga/sipeedtangprimer20k-riscv/build/system-fit/20261006T193605.226499Z/attribution/attribution-ddr-one-slot-ethernet/attempts/sram8k/soc/gateware/system_fit_candidate_2_compact_memory.v":26878)
Compiling module 'system_fit_candidate_2_compact_memory__csr_bankarray__csrbank_8'("/home/user/git/fpga/sipeedtangprimer20k-riscv/build/system-fit/20261006T193605.226499Z/attribution/attribution-ddr-one-slot-ethernet/attempts/sram8k/soc/gateware/system_fit_candidate_2_compact_memory.v":27681)
Compiling module 'system_fit_candidate_2_compact_memory__csr_bankarray__csrbank_8__csrstatus_0'("/home/user/git/fpga/sipeedtangprimer20k-riscv/build/system-fit/20261006T193605.226499Z/attribution/attribution-ddr-one-slot-ethernet/attempts/sram8k/soc/gateware/system_fit_candidate_2_compact_memory.v":27291)
Compiling module 'system_fit_candidate_2_compact_memory__csr_bankarray__csrbank_8__csrstatus_1'("/home/user/git/fpga/sipeedtangprimer20k-riscv/build/system-fit/20261006T193605.226499Z/attribution/attribution-ddr-one-slot-ethernet/attempts/sram8k/soc/gateware/system_fit_candidate_2_compact_memory.v":27343)
Compiling module 'system_fit_candidate_2_compact_memory__csr_bankarray__csrbank_8__csrstatus_2'("/home/user/git/fpga/sipeedtangprimer20k-riscv/build/system-fit/20261006T193605.226499Z/attribution/attribution-ddr-one-slot-ethernet/attempts/sram8k/soc/gateware/system_fit_candidate_2_compact_memory.v":27395)
Compiling module 'system_fit_candidate_2_compact_memory__csr_bankarray__csrbank_8__csrstatus_3'("/home/user/git/fpga/sipeedtangprimer20k-riscv/build/system-fit/20261006T193605.226499Z/attribution/attribution-ddr-one-slot-ethernet/attempts/sram8k/soc/gateware/system_fit_candidate_2_compact_memory.v":27454)
Compiling module 'system_fit_candidate_2_compact_memory__csr_bankarray__csrbank_8__csrstorage_0'("/home/user/git/fpga/sipeedtangprimer20k-riscv/build/system-fit/20261006T193605.226499Z/attribution/attribution-ddr-one-slot-ethernet/attempts/sram8k/soc/gateware/system_fit_candidate_2_compact_memory.v":27519)
Compiling module 'system_fit_candidate_2_compact_memory__csr_bankarray__csrbank_8__csrstatus_4'("/home/user/git/fpga/sipeedtangprimer20k-riscv/build/system-fit/20261006T193605.226499Z/attribution/attribution-ddr-one-slot-ethernet/attempts/sram8k/soc/gateware/system_fit_candidate_2_compact_memory.v":27577)
Compiling module 'system_fit_candidate_2_compact_memory__csr_bankarray__csrbank_8__csrstatus_5'("/home/user/git/fpga/sipeedtangprimer20k-riscv/build/system-fit/20261006T193605.226499Z/attribution/attribution-ddr-one-slot-ethernet/attempts/sram8k/soc/gateware/system_fit_candidate_2_compact_memory.v":27629)
Compiling module 'system_fit_candidate_2_compact_memory__csr_interconnect'("/home/user/git/fpga/sipeedtangprimer20k-riscv/build/system-fit/20261006T193605.226499Z/attribution/attribution-ddr-one-slot-ethernet/attempts/sram8k/soc/gateware/system_fit_candidate_2_compact_memory.v":29084)
Compiling module 'VexRiscv'("/home/user/git/fpga/sipeedtangprimer20k-riscv/.deps/pythondata-cpu-vexriscv/pythondata_cpu_vexriscv/verilog/VexRiscv_Linux.v":7)
Extracting RAM for identifier 'RegFilePlugin_regFile'("/home/user/git/fpga/sipeedtangprimer20k-riscv/.deps/pythondata-cpu-vexriscv/pythondata_cpu_vexriscv/verilog/VexRiscv_Linux.v":1817)
Compiling module 'InstructionCache'("/home/user/git/fpga/sipeedtangprimer20k-riscv/.deps/pythondata-cpu-vexriscv/pythondata_cpu_vexriscv/verilog/VexRiscv_Linux.v":8326)
Extracting RAM for identifier 'banks_0'("/home/user/git/fpga/sipeedtangprimer20k-riscv/.deps/pythondata-cpu-vexriscv/pythondata_cpu_vexriscv/verilog/VexRiscv_Linux.v":8448)
Extracting RAM for identifier 'ways_0_tags'("/home/user/git/fpga/sipeedtangprimer20k-riscv/.deps/pythondata-cpu-vexriscv/pythondata_cpu_vexriscv/verilog/VexRiscv_Linux.v":8449)
Compiling module 'DataCache'("/home/user/git/fpga/sipeedtangprimer20k-riscv/.deps/pythondata-cpu-vexriscv/pythondata_cpu_vexriscv/verilog/VexRiscv_Linux.v":7318)
Extracting RAM for identifier 'ways_0_tags'("/home/user/git/fpga/sipeedtangprimer20k-riscv/.deps/pythondata-cpu-vexriscv/pythondata_cpu_vexriscv/verilog/VexRiscv_Linux.v":7575)
Extracting RAM for identifier 'ways_0_data_symbol0'("/home/user/git/fpga/sipeedtangprimer20k-riscv/.deps/pythondata-cpu-vexriscv/pythondata_cpu_vexriscv/verilog/VexRiscv_Linux.v":7576)
Extracting RAM for identifier 'ways_0_data_symbol1'("/home/user/git/fpga/sipeedtangprimer20k-riscv/.deps/pythondata-cpu-vexriscv/pythondata_cpu_vexriscv/verilog/VexRiscv_Linux.v":7577)
Extracting RAM for identifier 'ways_0_data_symbol2'("/home/user/git/fpga/sipeedtangprimer20k-riscv/.deps/pythondata-cpu-vexriscv/pythondata_cpu_vexriscv/verilog/VexRiscv_Linux.v":7578)
Extracting RAM for identifier 'ways_0_data_symbol3'("/home/user/git/fpga/sipeedtangprimer20k-riscv/.deps/pythondata-cpu-vexriscv/pythondata_cpu_vexriscv/verilog/VexRiscv_Linux.v":7579)
WARN  (EX3858) : System task 'display' is ignored for synthesis("/home/user/git/fpga/sipeedtangprimer20k-riscv/.deps/pythondata-cpu-vexriscv/pythondata_cpu_vexriscv/verilog/VexRiscv_Linux.v":8298)
WARN  (EX1998) : Net 'IBusCachedPlugin_cache_io_cpu_fetch_isRemoved' does not have a driver("/home/user/git/fpga/sipeedtangprimer20k-riscv/.deps/pythondata-cpu-vexriscv/pythondata_cpu_vexriscv/verilog/VexRiscv_Linux.v":73)
WARN  (EX1998) : Net 'dataCache_1_io_cpu_writeBack_fence_SW' does not have a driver("/home/user/git/fpga/sipeedtangprimer20k-riscv/.deps/pythondata-cpu-vexriscv/pythondata_cpu_vexriscv/verilog/VexRiscv_Linux.v":92)
WARN  (EX1998) : Net 'dataCache_1_io_cpu_writeBack_fence_SR' does not have a driver("/home/user/git/fpga/sipeedtangprimer20k-riscv/.deps/pythondata-cpu-vexriscv/pythondata_cpu_vexriscv/verilog/VexRiscv_Linux.v":93)
WARN  (EX1998) : Net 'dataCache_1_io_cpu_writeBack_fence_SO' does not have a driver("/home/user/git/fpga/sipeedtangprimer20k-riscv/.deps/pythondata-cpu-vexriscv/pythondata_cpu_vexriscv/verilog/VexRiscv_Linux.v":94)
WARN  (EX1998) : Net 'dataCache_1_io_cpu_writeBack_fence_SI' does not have a driver("/home/user/git/fpga/sipeedtangprimer20k-riscv/.deps/pythondata-cpu-vexriscv/pythondata_cpu_vexriscv/verilog/VexRiscv_Linux.v":95)
WARN  (EX1998) : Net 'dataCache_1_io_cpu_writeBack_fence_PW' does not have a driver("/home/user/git/fpga/sipeedtangprimer20k-riscv/.deps/pythondata-cpu-vexriscv/pythondata_cpu_vexriscv/verilog/VexRiscv_Linux.v":96)
WARN  (EX1998) : Net 'dataCache_1_io_cpu_writeBack_fence_PR' does not have a driver("/home/user/git/fpga/sipeedtangprimer20k-riscv/.deps/pythondata-cpu-vexriscv/pythondata_cpu_vexriscv/verilog/VexRiscv_Linux.v":97)
WARN  (EX1998) : Net 'dataCache_1_io_cpu_writeBack_fence_PO' does not have a driver("/home/user/git/fpga/sipeedtangprimer20k-riscv/.deps/pythondata-cpu-vexriscv/pythondata_cpu_vexriscv/verilog/VexRiscv_Linux.v":98)
WARN  (EX1998) : Net 'dataCache_1_io_cpu_writeBack_fence_PI' does not have a driver("/home/user/git/fpga/sipeedtangprimer20k-riscv/.deps/pythondata-cpu-vexriscv/pythondata_cpu_vexriscv/verilog/VexRiscv_Linux.v":99)
WARN  (EX1998) : Net 'dataCache_1_io_cpu_writeBack_fence_FM[3]' does not have a driver("/home/user/git/fpga/sipeedtangprimer20k-riscv/.deps/pythondata-cpu-vexriscv/pythondata_cpu_vexriscv/verilog/VexRiscv_Linux.v":100)
WARN  (EX1998) : Net 'dBus_rsp_payload_last' does not have a driver("/home/user/git/fpga/sipeedtangprimer20k-riscv/.deps/pythondata-cpu-vexriscv/pythondata_cpu_vexriscv/verilog/VexRiscv_Linux.v":731)
WARN  (EX1998) : Net 'CsrPlugin_mtvec_mode[1]' does not have a driver("/home/user/git/fpga/sipeedtangprimer20k-riscv/.deps/pythondata-cpu-vexriscv/pythondata_cpu_vexriscv/verilog/VexRiscv_Linux.v":1281)
WARN  (EX1998) : Net 'CsrPlugin_stvec_mode[1]' does not have a driver("/home/user/git/fpga/sipeedtangprimer20k-riscv/.deps/pythondata-cpu-vexriscv/pythondata_cpu_vexriscv/verilog/VexRiscv_Linux.v":1332)
WARN  (EX1998) : Net 'core_status' does not have a driver("/home/user/git/fpga/sipeedtangprimer20k-riscv/build/system-fit/20261006T193605.226499Z/attribution/attribution-ddr-one-slot-ethernet/attempts/sram8k/soc/gateware/system_fit_candidate_2_compact_memory.v":29351)
WARN  (EX1998) : Net 'gw2ddrphy_burstdet_clr_w' does not have a driver("/home/user/git/fpga/sipeedtangprimer20k-riscv/build/system-fit/20261006T193605.226499Z/attribution/attribution-ddr-one-slot-ethernet/attempts/sram8k/soc/gateware/system_fit_candidate_2_compact_memory.v":29480)
WARN  (EX1998) : Net 'gw2ddrphy_rdly_dq_bitslip_rst_w' does not have a driver("/home/user/git/fpga/sipeedtangprimer20k-riscv/build/system-fit/20261006T193605.226499Z/attribution/attribution-ddr-one-slot-ethernet/attempts/sram8k/soc/gateware/system_fit_candidate_2_compact_memory.v":29523)
WARN  (EX1998) : Net 'gw2ddrphy_rdly_dq_bitslip_w' does not have a driver("/home/user/git/fpga/sipeedtangprimer20k-riscv/build/system-fit/20261006T193605.226499Z/attribution/attribution-ddr-one-slot-ethernet/attempts/sram8k/soc/gateware/system_fit_candidate_2_compact_memory.v":29525)
WARN  (EX1998) : Net 'gw2ddrphy_rdly_dq_inc_w' does not have a driver("/home/user/git/fpga/sipeedtangprimer20k-riscv/build/system-fit/20261006T193605.226499Z/attribution/attribution-ddr-one-slot-ethernet/attempts/sram8k/soc/gateware/system_fit_candidate_2_compact_memory.v":29531)
WARN  (EX1998) : Net 'gw2ddrphy_rdly_dq_rst_w' does not have a driver("/home/user/git/fpga/sipeedtangprimer20k-riscv/build/system-fit/20261006T193605.226499Z/attribution/attribution-ddr-one-slot-ethernet/attempts/sram8k/soc/gateware/system_fit_candidate_2_compact_memory.v":29535)
WARN  (EX1998) : Net 'interface0_err' does not have a driver("/home/user/git/fpga/sipeedtangprimer20k-riscv/build/system-fit/20261006T193605.226499Z/attribution/attribution-ddr-one-slot-ethernet/attempts/sram8k/soc/gateware/system_fit_candidate_2_compact_memory.v":29548)
WARN  (EX1998) : Net 'systemfitsoc_ram_bus_ram_bus_err' does not have a driver("/home/user/git/fpga/sipeedtangprimer20k-riscv/build/system-fit/20261006T193605.226499Z/attribution/attribution-ddr-one-slot-ethernet/attempts/sram8k/soc/gateware/system_fit_candidate_2_compact_memory.v":29678)
WARN  (EX1998) : Net 'systemfitsoc_sdram_phaseinjector0_command_issue_w' does not have a driver("/home/user/git/fpga/sipeedtangprimer20k-riscv/build/system-fit/20261006T193605.226499Z/attribution/attribution-ddr-one-slot-ethernet/attempts/sram8k/soc/gateware/system_fit_candidate_2_compact_memory.v":29696)
WARN  (EX1998) : Net 'systemfitsoc_sdram_phaseinjector1_command_issue_w' does not have a driver("/home/user/git/fpga/sipeedtangprimer20k-riscv/build/system-fit/20261006T193605.226499Z/attribution/attribution-ddr-one-slot-ethernet/attempts/sram8k/soc/gateware/system_fit_candidate_2_compact_memory.v":29719)
WARN  (EX1998) : Net 'systemfitsoc_systemfitsoc_adr_burst' does not have a driver("/home/user/git/fpga/sipeedtangprimer20k-riscv/build/system-fit/20261006T193605.226499Z/attribution/attribution-ddr-one-slot-ethernet/attempts/sram8k/soc/gateware/system_fit_candidate_2_compact_memory.v":29741)
WARN  (EX1998) : Net 'systemfitsoc_systemfitsoc_ram_bus_err' does not have a driver("/home/user/git/fpga/sipeedtangprimer20k-riscv/build/system-fit/20261006T193605.226499Z/attribution/attribution-ddr-one-slot-ethernet/attempts/sram8k/soc/gateware/system_fit_candidate_2_compact_memory.v":29750)
WARN  (EX1998) : Net 'systemfitsoc_uart_core_rx_source_first' does not have a driver("/home/user/git/fpga/sipeedtangprimer20k-riscv/build/system-fit/20261006T193605.226499Z/attribution/attribution-ddr-one-slot-ethernet/attempts/sram8k/soc/gateware/system_fit_candidate_2_compact_memory.v":29796)
WARN  (EX1998) : Net 'systemfitsoc_uart_core_rx_source_last' does not have a driver("/home/user/git/fpga/sipeedtangprimer20k-riscv/build/system-fit/20261006T193605.226499Z/attribution/attribution-ddr-one-slot-ethernet/attempts/sram8k/soc/gateware/system_fit_candidate_2_compact_memory.v":29797)
WARN  (EX1998) : Net 'systemfitsoc_wb_sdram_err' does not have a driver("/home/user/git/fpga/sipeedtangprimer20k-riscv/build/system-fit/20261006T193605.226499Z/attribution/attribution-ddr-one-slot-ethernet/attempts/sram8k/soc/gateware/system_fit_candidate_2_compact_memory.v":29847)
WARN  (EX1998) : Net 'wishbone_interface_reader_packet_source_first' does not have a driver("/home/user/git/fpga/sipeedtangprimer20k-riscv/build/system-fit/20261006T193605.226499Z/attribution/attribution-ddr-one-slot-ethernet/attempts/sram8k/soc/gateware/system_fit_candidate_2_compact_memory.v":29906)
WARN  (EX1998) : Net 'wishbone_interface_reader_sink_sink_first' does not have a driver("/home/user/git/fpga/sipeedtangprimer20k-riscv/build/system-fit/20261006T193605.226499Z/attribution/attribution-ddr-one-slot-ethernet/attempts/sram8k/soc/gateware/system_fit_candidate_2_compact_memory.v":29936)
WARN  (EX1998) : Net 'wishbone_interface_reader_sink_sink_last' does not have a driver("/home/user/git/fpga/sipeedtangprimer20k-riscv/build/system-fit/20261006T193605.226499Z/attribution/attribution-ddr-one-slot-ethernet/attempts/sram8k/soc/gateware/system_fit_candidate_2_compact_memory.v":29937)
WARN  (EX1998) : Net 'wishbone_interface_reader_start_w' does not have a driver("/home/user/git/fpga/sipeedtangprimer20k-riscv/build/system-fit/20261006T193605.226499Z/attribution/attribution-ddr-one-slot-ethernet/attempts/sram8k/soc/gateware/system_fit_candidate_2_compact_memory.v":29952)
WARN  (EX1998) : Net 'wishbone_interface_sram0_adr_burst' does not have a driver("/home/user/git/fpga/sipeedtangprimer20k-riscv/build/system-fit/20261006T193605.226499Z/attribution/attribution-ddr-one-slot-ethernet/attempts/sram8k/soc/gateware/system_fit_candidate_2_compact_memory.v":29959)
WARN  (EX1998) : Net 'wishbone_interface_sram1_adr_burst' does not have a driver("/home/user/git/fpga/sipeedtangprimer20k-riscv/build/system-fit/20261006T193605.226499Z/attribution/attribution-ddr-one-slot-ethernet/attempts/sram8k/soc/gateware/system_fit_candidate_2_compact_memory.v":29962)
WARN  (EX1998) : Net 'wishbone_interface_writer_sink_sink_first' does not have a driver("/home/user/git/fpga/sipeedtangprimer20k-riscv/build/system-fit/20261006T193605.226499Z/attribution/attribution-ddr-one-slot-ethernet/attempts/sram8k/soc/gateware/system_fit_candidate_2_compact_memory.v":30021)
WARN  (EX1998) : Net 'wishbone_interface_writer_sink_sink_last' does not have a driver("/home/user/git/fpga/sipeedtangprimer20k-riscv/build/system-fit/20261006T193605.226499Z/attribution/attribution-ddr-one-slot-ethernet/attempts/sram8k/soc/gateware/system_fit_candidate_2_compact_memory.v":30022)
NOTE  (EX0101) : Current top module is "system_fit_candidate_2_compact_memory"
WARN  (EX0211) : The output port "io_cpu_writesPending" of module "DataCache" has no driver, assigning undriven bits to Z, simulation mismatch possible("/home/user/git/fpga/sipeedtangprimer20k-riscv/.deps/pythondata-cpu-vexriscv/pythondata_cpu_vexriscv/verilog/VexRiscv_Linux.v":7379)
[5%] Running netlist conversion ...
Running device independent optimization ...
[10%] Optimizing Phase 0 completed
[15%] Optimizing Phase 1 completed
[25%] Optimizing Phase 2 completed
Running inference ...
[30%] Inferring Phase 0 completed
[40%] Inferring Phase 1 completed
[50%] Inferring Phase 2 completed
[55%] Inferring Phase 3 completed
Running technical mapping ...
[60%] Tech-Mapping Phase 0 completed
[65%] Tech-Mapping Phase 1 completed
[75%] Tech-Mapping Phase 2 completed
[80%] Tech-Mapping Phase 3 completed
[90%] Tech-Mapping Phase 4 completed
WARN  (NL0002) : The module "system_fit_candidate_2_compact_memory__csr_bankarray__csrbank_0__csrstatus_0" instantiated to "csrstatus_0" is swept in optimizing("/home/user/git/fpga/sipeedtangprimer20k-riscv/build/system-fit/20261006T193605.226499Z/attribution/attribution-ddr-one-slot-ethernet/attempts/sram8k/soc/gateware/system_fit_candidate_2_compact_memory.v":22593)
WARN  (NL0002) : The module "system_fit_candidate_2_compact_memory__csr_bankarray__csrbank_1__csrstatus_0" instantiated to "csrstatus_0" is swept in optimizing("/home/user/git/fpga/sipeedtangprimer20k-riscv/build/system-fit/20261006T193605.226499Z/attribution/attribution-ddr-one-slot-ethernet/attempts/sram8k/soc/gateware/system_fit_candidate_2_compact_memory.v":22880)
WARN  (NL0002) : The module "system_fit_candidate_2_compact_memory__csr_bankarray__csrbank_2__csrstatus_0" instantiated to "csrstatus_0" is swept in optimizing("/home/user/git/fpga/sipeedtangprimer20k-riscv/build/system-fit/20261006T193605.226499Z/attribution/attribution-ddr-one-slot-ethernet/attempts/sram8k/soc/gateware/system_fit_candidate_2_compact_memory.v":23198)
WARN  (NL0002) : The module "system_fit_candidate_2_compact_memory__csr_bankarray__csrbank_3__csrstatus_0" instantiated to "csrstatus_0" is swept in optimizing("/home/user/git/fpga/sipeedtangprimer20k-riscv/build/system-fit/20261006T193605.226499Z/attribution/attribution-ddr-one-slot-ethernet/attempts/sram8k/soc/gateware/system_fit_candidate_2_compact_memory.v":24341)
WARN  (NL0002) : The module "system_fit_candidate_2_compact_memory__csr_bankarray__csrbank_3__csrstatus_1" instantiated to "csrstatus_1" is swept in optimizing("/home/user/git/fpga/sipeedtangprimer20k-riscv/build/system-fit/20261006T193605.226499Z/attribution/attribution-ddr-one-slot-ethernet/attempts/sram8k/soc/gateware/system_fit_candidate_2_compact_memory.v":24351)
WARN  (NL0002) : The module "system_fit_candidate_2_compact_memory__csr_bankarray__csrbank_3__csrstatus_10" instantiated to "csrstatus_10" is swept in optimizing("/home/user/git/fpga/sipeedtangprimer20k-riscv/build/system-fit/20261006T193605.226499Z/attribution/attribution-ddr-one-slot-ethernet/attempts/sram8k/soc/gateware/system_fit_candidate_2_compact_memory.v":24487)
WARN  (NL0002) : The module "system_fit_candidate_2_compact_memory__csr_bankarray__csrbank_3__csrstatus_11" instantiated to "csrstatus_11" is swept in optimizing("/home/user/git/fpga/sipeedtangprimer20k-riscv/build/system-fit/20261006T193605.226499Z/attribution/attribution-ddr-one-slot-ethernet/attempts/sram8k/soc/gateware/system_fit_candidate_2_compact_memory.v":24497)
WARN  (NL0002) : The module "system_fit_candidate_2_compact_memory__csr_bankarray__csrbank_3__csrstatus_2" instantiated to "csrstatus_2" is swept in optimizing("/home/user/git/fpga/sipeedtangprimer20k-riscv/build/system-fit/20261006T193605.226499Z/attribution/attribution-ddr-one-slot-ethernet/attempts/sram8k/soc/gateware/system_fit_candidate_2_compact_memory.v":24361)
WARN  (NL0002) : The module "system_fit_candidate_2_compact_memory__csr_bankarray__csrbank_3__csrstatus_3" instantiated to "csrstatus_3" is swept in optimizing("/home/user/git/fpga/sipeedtangprimer20k-riscv/build/system-fit/20261006T193605.226499Z/attribution/attribution-ddr-one-slot-ethernet/attempts/sram8k/soc/gateware/system_fit_candidate_2_compact_memory.v":24372)
WARN  (NL0002) : The module "system_fit_candidate_2_compact_memory__csr_bankarray__csrbank_3__csrstatus_5" instantiated to "csrstatus_5" is swept in optimizing("/home/user/git/fpga/sipeedtangprimer20k-riscv/build/system-fit/20261006T193605.226499Z/attribution/attribution-ddr-one-slot-ethernet/attempts/sram8k/soc/gateware/system_fit_candidate_2_compact_memory.v":24405)
WARN  (NL0002) : The module "system_fit_candidate_2_compact_memory__csr_bankarray__csrbank_3__csrstatus_6" instantiated to "csrstatus_6" is swept in optimizing("/home/user/git/fpga/sipeedtangprimer20k-riscv/build/system-fit/20261006T193605.226499Z/attribution/attribution-ddr-one-slot-ethernet/attempts/sram8k/soc/gateware/system_fit_candidate_2_compact_memory.v":24415)
WARN  (NL0002) : The module "system_fit_candidate_2_compact_memory__csr_bankarray__csrbank_3__csrstatus_7" instantiated to "csrstatus_7" is swept in optimizing("/home/user/git/fpga/sipeedtangprimer20k-riscv/build/system-fit/20261006T193605.226499Z/attribution/attribution-ddr-one-slot-ethernet/attempts/sram8k/soc/gateware/system_fit_candidate_2_compact_memory.v":24444)
WARN  (NL0002) : The module "system_fit_candidate_2_compact_memory__csr_bankarray__csrbank_3__csrstatus_9" instantiated to "csrstatus_9" is swept in optimizing("/home/user/git/fpga/sipeedtangprimer20k-riscv/build/system-fit/20261006T193605.226499Z/attribution/attribution-ddr-one-slot-ethernet/attempts/sram8k/soc/gateware/system_fit_candidate_2_compact_memory.v":24477)
WARN  (NL0002) : The module "system_fit_candidate_2_compact_memory__csr_bankarray__csrbank_4__csrstatus_0" instantiated to "csrstatus_0" is swept in optimizing("/home/user/git/fpga/sipeedtangprimer20k-riscv/build/system-fit/20261006T193605.226499Z/attribution/attribution-ddr-one-slot-ethernet/attempts/sram8k/soc/gateware/system_fit_candidate_2_compact_memory.v":24979)
WARN  (NL0002) : The module "system_fit_candidate_2_compact_memory__csr_bankarray__csrbank_6__csrstatus_0" instantiated to "csrstatus_0" is swept in optimizing("/home/user/git/fpga/sipeedtangprimer20k-riscv/build/system-fit/20261006T193605.226499Z/attribution/attribution-ddr-one-slot-ethernet/attempts/sram8k/soc/gateware/system_fit_candidate_2_compact_memory.v":26089)
WARN  (NL0002) : The module "system_fit_candidate_2_compact_memory__csr_bankarray__csrbank_6__csrstatus_1" instantiated to "csrstatus_1" is swept in optimizing("/home/user/git/fpga/sipeedtangprimer20k-riscv/build/system-fit/20261006T193605.226499Z/attribution/attribution-ddr-one-slot-ethernet/attempts/sram8k/soc/gateware/system_fit_candidate_2_compact_memory.v":26147)
WARN  (NL0002) : The module "system_fit_candidate_2_compact_memory__csr_bankarray__csrbank_7__csrstatus_0" instantiated to "csrstatus_0" is swept in optimizing("/home/user/git/fpga/sipeedtangprimer20k-riscv/build/system-fit/20261006T193605.226499Z/attribution/attribution-ddr-one-slot-ethernet/attempts/sram8k/soc/gateware/system_fit_candidate_2_compact_memory.v":27070)
WARN  (NL0002) : The module "system_fit_candidate_2_compact_memory__csr_bankarray__csrbank_7__csrstatus_1" instantiated to "csrstatus_1" is swept in optimizing("/home/user/git/fpga/sipeedtangprimer20k-riscv/build/system-fit/20261006T193605.226499Z/attribution/attribution-ddr-one-slot-ethernet/attempts/sram8k/soc/gateware/system_fit_candidate_2_compact_memory.v":27081)
WARN  (NL0002) : The module "system_fit_candidate_2_compact_memory__csr_bankarray__csrbank_7__csrstatus_3" instantiated to "csrstatus_3" is swept in optimizing("/home/user/git/fpga/sipeedtangprimer20k-riscv/build/system-fit/20261006T193605.226499Z/attribution/attribution-ddr-one-slot-ethernet/attempts/sram8k/soc/gateware/system_fit_candidate_2_compact_memory.v":27124)
WARN  (NL0002) : The module "system_fit_candidate_2_compact_memory__csr_bankarray__csrbank_8__csrstatus_0" instantiated to "csrstatus_0" is swept in optimizing("/home/user/git/fpga/sipeedtangprimer20k-riscv/build/system-fit/20261006T193605.226499Z/attribution/attribution-ddr-one-slot-ethernet/attempts/sram8k/soc/gateware/system_fit_candidate_2_compact_memory.v":27770)
WARN  (NL0002) : The module "system_fit_candidate_2_compact_memory__csr_bankarray__csrbank_8__csrstatus_1" instantiated to "csrstatus_1" is swept in optimizing("/home/user/git/fpga/sipeedtangprimer20k-riscv/build/system-fit/20261006T193605.226499Z/attribution/attribution-ddr-one-slot-ethernet/attempts/sram8k/soc/gateware/system_fit_candidate_2_compact_memory.v":27780)
WARN  (NL0002) : The module "system_fit_candidate_2_compact_memory__csr_bankarray__csrbank_8__csrstatus_2" instantiated to "csrstatus_2" is swept in optimizing("/home/user/git/fpga/sipeedtangprimer20k-riscv/build/system-fit/20261006T193605.226499Z/attribution/attribution-ddr-one-slot-ethernet/attempts/sram8k/soc/gateware/system_fit_candidate_2_compact_memory.v":27792)
WARN  (NL0002) : The module "system_fit_candidate_2_compact_memory__csr_bankarray__csrbank_8__csrstatus_4" instantiated to "csrstatus_4" is swept in optimizing("/home/user/git/fpga/sipeedtangprimer20k-riscv/build/system-fit/20261006T193605.226499Z/attribution/attribution-ddr-one-slot-ethernet/attempts/sram8k/soc/gateware/system_fit_candidate_2_compact_memory.v":27827)
WARN  (NL0002) : The module "system_fit_candidate_2_compact_memory__csr_bankarray__csrbank_8__csrstatus_5" instantiated to "csrstatus_5" is swept in optimizing("/home/user/git/fpga/sipeedtangprimer20k-riscv/build/system-fit/20261006T193605.226499Z/attribution/attribution-ddr-one-slot-ethernet/attempts/sram8k/soc/gateware/system_fit_candidate_2_compact_memory.v":27837)
WARN  (NL0002) : The module "system_fit_candidate_2_compact_memory__csr_interconnect" instantiated to "csr_interconnect" is swept in optimizing("/home/user/git/fpga/sipeedtangprimer20k-riscv/build/system-fit/20261006T193605.226499Z/attribution/attribution-ddr-one-slot-ethernet/attempts/sram8k/soc/gateware/system_fit_candidate_2_compact_memory.v":31156)
WARN  (NL0002) : The module "system_fit_candidate_2_compact_memory__ethmac__interface__decoder_1" instantiated to "decoder_1" is swept in optimizing("/home/user/git/fpga/sipeedtangprimer20k-riscv/build/system-fit/20261006T193605.226499Z/attribution/attribution-ddr-one-slot-ethernet/attempts/sram8k/soc/gateware/system_fit_candidate_2_compact_memory.v":19602)
WARN  (NL0002) : The module "system_fit_candidate_2_compact_memory__ethmac__interface__sram__ev" instantiated to "ev" is swept in optimizing("/home/user/git/fpga/sipeedtangprimer20k-riscv/build/system-fit/20261006T193605.226499Z/attribution/attribution-ddr-one-slot-ethernet/attempts/sram8k/soc/gateware/system_fit_candidate_2_compact_memory.v":18759)
WARN  (NL0002) : The module "system_fit_candidate_2_compact_memory__ethmac__interface__sram__reader__syncfifo_0__buffer_0__pipeline" instantiated to "pipeline" is swept in optimizing("/home/user/git/fpga/sipeedtangprimer20k-riscv/build/system-fit/20261006T193605.226499Z/attribution/attribution-ddr-one-slot-ethernet/attempts/sram8k/soc/gateware/system_fit_candidate_2_compact_memory.v":17955)
WARN  (NL0002) : The module "system_fit_candidate_2_compact_memory__ethmac__interface__sram__writer__ev__eventsourcelevel_0" instantiated to "eventsourcelevel_0" is swept in optimizing("/home/user/git/fpga/sipeedtangprimer20k-riscv/build/system-fit/20261006T193605.226499Z/attribution/attribution-ddr-one-slot-ethernet/attempts/sram8k/soc/gateware/system_fit_candidate_2_compact_memory.v":16300)
WARN  (NL0002) : The module "system_fit_candidate_2_compact_memory__ethmac__interface__sram__writer__stat_fifo__buffer_0__pipeline" instantiated to "pipeline" is swept in optimizing("/home/user/git/fpga/sipeedtangprimer20k-riscv/build/system-fit/20261006T193605.226499Z/attribution/attribution-ddr-one-slot-ethernet/attempts/sram8k/soc/gateware/system_fit_candidate_2_compact_memory.v":17114)
WARN  (NL0002) : The module "system_fit_candidate_2_compact_memory__leds" instantiated to "leds" is swept in optimizing("/home/user/git/fpga/sipeedtangprimer20k-riscv/build/system-fit/20261006T193605.226499Z/attribution/attribution-ddr-one-slot-ethernet/attempts/sram8k/soc/gateware/system_fit_candidate_2_compact_memory.v":30799)
WARN  (NL0002) : The module "system_fit_candidate_2_compact_memory__sdram__crossbar__roundrobin_1" instantiated to "roundrobin_1" is swept in optimizing("/home/user/git/fpga/sipeedtangprimer20k-riscv/build/system-fit/20261006T193605.226499Z/attribution/attribution-ddr-one-slot-ethernet/attempts/sram8k/soc/gateware/system_fit_candidate_2_compact_memory.v":8373)
WARN  (NL0002) : The module "system_fit_candidate_2_compact_memory__sdram__crossbar__roundrobin_2" instantiated to "roundrobin_2" is swept in optimizing("/home/user/git/fpga/sipeedtangprimer20k-riscv/build/system-fit/20261006T193605.226499Z/attribution/attribution-ddr-one-slot-ethernet/attempts/sram8k/soc/gateware/system_fit_candidate_2_compact_memory.v":8376)
WARN  (NL0002) : The module "system_fit_candidate_2_compact_memory__sdram__crossbar__roundrobin_3" instantiated to "roundrobin_3" is swept in optimizing("/home/user/git/fpga/sipeedtangprimer20k-riscv/build/system-fit/20261006T193605.226499Z/attribution/attribution-ddr-one-slot-ethernet/attempts/sram8k/soc/gateware/system_fit_candidate_2_compact_memory.v":8379)
WARN  (NL0002) : The module "system_fit_candidate_2_compact_memory__sdram__crossbar__roundrobin_4" instantiated to "roundrobin_4" is swept in optimizing("/home/user/git/fpga/sipeedtangprimer20k-riscv/build/system-fit/20261006T193605.226499Z/attribution/attribution-ddr-one-slot-ethernet/attempts/sram8k/soc/gateware/system_fit_candidate_2_compact_memory.v":8382)
WARN  (NL0002) : The module "system_fit_candidate_2_compact_memory__sdram__crossbar__roundrobin_5" instantiated to "roundrobin_5" is swept in optimizing("/home/user/git/fpga/sipeedtangprimer20k-riscv/build/system-fit/20261006T193605.226499Z/attribution/attribution-ddr-one-slot-ethernet/attempts/sram8k/soc/gateware/system_fit_candidate_2_compact_memory.v":8385)
WARN  (NL0002) : The module "system_fit_candidate_2_compact_memory__sdram__crossbar__roundrobin_6" instantiated to "roundrobin_6" is swept in optimizing("/home/user/git/fpga/sipeedtangprimer20k-riscv/build/system-fit/20261006T193605.226499Z/attribution/attribution-ddr-one-slot-ethernet/attempts/sram8k/soc/gateware/system_fit_candidate_2_compact_memory.v":8388)
WARN  (NL0002) : The module "system_fit_candidate_2_compact_memory__sdram__crossbar__roundrobin_7" instantiated to "roundrobin_7" is swept in optimizing("/home/user/git/fpga/sipeedtangprimer20k-riscv/build/system-fit/20261006T193605.226499Z/attribution/attribution-ddr-one-slot-ethernet/attempts/sram8k/soc/gateware/system_fit_candidate_2_compact_memory.v":8391)
WARN  (NL0002) : The module "system_fit_candidate_2_compact_memory__uart__ev__eventsourcelevel_0" instantiated to "eventsourcelevel_0" is swept in optimizing("/home/user/git/fpga/sipeedtangprimer20k-riscv/build/system-fit/20261006T193605.226499Z/attribution/attribution-ddr-one-slot-ethernet/attempts/sram8k/soc/gateware/system_fit_candidate_2_compact_memory.v":1699)
WARN  (NL0002) : The module "system_fit_candidate_2_compact_memory__uart__ev__eventsourcelevel_1" instantiated to "eventsourcelevel_1" is swept in optimizing("/home/user/git/fpga/sipeedtangprimer20k-riscv/build/system-fit/20261006T193605.226499Z/attribution/attribution-ddr-one-slot-ethernet/attempts/sram8k/soc/gateware/system_fit_candidate_2_compact_memory.v":1704)
[95%] Generate netlist file "/home/user/git/fpga/sipeedtangprimer20k-riscv/build/system-fit/20261006T193605.226499Z/attribution/attribution-ddr-one-slot-ethernet/attempts/sram8k/soc/gateware/impl/gwsynthesis/project.vg" completed
[100%] Generate report file "/home/user/git/fpga/sipeedtangprimer20k-riscv/build/system-fit/20261006T193605.226499Z/attribution/attribution-ddr-one-slot-ethernet/attempts/sram8k/soc/gateware/impl/gwsynthesis/project_syn.rpt.html" completed
GowinSynthesis finish
Reading netlist file: "/home/user/git/fpga/sipeedtangprimer20k-riscv/build/system-fit/20261006T193605.226499Z/attribution/attribution-ddr-one-slot-ethernet/attempts/sram8k/soc/gateware/impl/gwsynthesis/project.vg"
Parsing netlist file "/home/user/git/fpga/sipeedtangprimer20k-riscv/build/system-fit/20261006T193605.226499Z/attribution/attribution-ddr-one-slot-ethernet/attempts/sram8k/soc/gateware/impl/gwsynthesis/project.vg" completed
Processing netlist completed
Reading constraint file: "/home/user/git/fpga/sipeedtangprimer20k-riscv/build/system-fit/20261006T193605.226499Z/attribution/attribution-ddr-one-slot-ethernet/attempts/sram8k/soc/gateware/system_fit_candidate_2_compact_memory.cst"
Physical Constraint parsed completed
Running placement......
[10%] Placement Phase 0 completed
[20%] Placement Phase 1 completed
[30%] Placement Phase 2 completed
[50%] Placement Phase 3 completed
Running routing......
[60%] Routing Phase 0 completed
[70%] Routing Phase 1 completed
[80%] Routing Phase 2 completed
[90%] Routing Phase 3 completed
Running timing analysis......
[95%] Timing analysis completed
Placement and routing completed
Bitstream generation in progress......
Bitstream generation completed
Running power analysis......
[100%] Power analysis completed
Generate file "/home/user/git/fpga/sipeedtangprimer20k-riscv/build/system-fit/20261006T193605.226499Z/attribution/attribution-ddr-one-slot-ethernet/attempts/sram8k/soc/gateware/impl/pnr/project.power.html" completed
Generate file "/home/user/git/fpga/sipeedtangprimer20k-riscv/build/system-fit/20261006T193605.226499Z/attribution/attribution-ddr-one-slot-ethernet/attempts/sram8k/soc/gateware/impl/pnr/project.pin.html" completed
Generate file "/home/user/git/fpga/sipeedtangprimer20k-riscv/build/system-fit/20261006T193605.226499Z/attribution/attribution-ddr-one-slot-ethernet/attempts/sram8k/soc/gateware/impl/pnr/project.rpt.html" completed
Generate file "/home/user/git/fpga/sipeedtangprimer20k-riscv/build/system-fit/20261006T193605.226499Z/attribution/attribution-ddr-one-slot-ethernet/attempts/sram8k/soc/gateware/impl/pnr/project.rpt.txt" completed
Generate file "/home/user/git/fpga/sipeedtangprimer20k-riscv/build/system-fit/20261006T193605.226499Z/attribution/attribution-ddr-one-slot-ethernet/attempts/sram8k/soc/gateware/impl/pnr/project.tr.html" completed
Generate file "/home/user/git/fpga/sipeedtangprimer20k-riscv/build/system-fit/20261006T193605.226499Z/attribution/attribution-ddr-one-slot-ethernet/attempts/sram8k/soc/gateware/impl/pnr/project.tr" completed
Tue Oct  6 15:42:58 2026

