# LiteX build log
# Started: 2026-10-06T15:23:49
# Command: scripts/system_fit.py run
# Working directory: /home/user/git/fpga/sipeedtangprimer20k-riscv

INFO:SoC:        __   _ __      _  __  
INFO:SoC:       / /  (_) /____ | |/_/  
INFO:SoC:      / /__/ / __/ -_)>  <    
INFO:SoC:     /____/_/\__/\__/_/|_|  
INFO:SoC:  Build your hardware, easily!
INFO:SoC:--------------------------------------------------------------------------------
INFO:SoC:Creating SoC... (2026-10-06 15:23:49)
INFO:SoC:--------------------------------------------------------------------------------
INFO:SoC:FPGA device : GW2A-LV18PG256C8/I7.
INFO:SoC:System clock: 48.000MHz.
INFO:SoCBusHandler:Creating Bus Handler...
INFO:SoCBusHandler:32-bit wishbone Bus, 4.0GiB Address Space.
INFO:SoCBusHandler:Adding reserved Bus Regions...
INFO:SoCBusHandler:Bus Handler created.
INFO:SoCCSRHandler:Creating CSR Handler...
INFO:SoCCSRHandler:32-bit CSR Bus, 32-bit Aligned, 16.0KiB Address Space, 2048B Paging, big Ordering (Up to 32 Locations).
INFO:SoCCSRHandler:Adding reserved CSRs...
INFO:SoCCSRHandler:CSR Handler created.
INFO:SoCIRQHandler:Creating IRQ Handler...
INFO:SoCIRQHandler:IRQ Handler (up to 32 Locations).
INFO:SoCIRQHandler:Adding reserved IRQs...
INFO:SoCIRQHandler:IRQ Handler created.
INFO:SoC:--------------------------------------------------------------------------------
INFO:SoC:Initial SoC:
INFO:SoC:--------------------------------------------------------------------------------
INFO:SoC:32-bit wishbone Bus, 4.0GiB Address Space.
INFO:SoC:32-bit CSR Bus, 32-bit Aligned, 16.0KiB Address Space, 2048B Paging, big Ordering (Up to 32 Locations).
INFO:SoC:IRQ Handler (up to 32 Locations).
INFO:SoC:--------------------------------------------------------------------------------
INFO:SoC:Controller ctrl added.
INFO:SoC:CPU vexriscv added.
INFO:SoC:CPU vexriscv adding IO Region 0 at 0x80000000 (Size: 0x80000000).
INFO:SoCBusHandler:io0 Region added at Origin: 0x80000000, Size: 0x80000000, Mode:  RW, Cached: False, Linker: False.
INFO:SoC:CPU vexriscv overriding sram mapping from 0x01000000 to 0x10000000.
INFO:SoC:CPU vexriscv setting reset address to 0x00000000.
INFO:SoC:CPU vexriscv adding Bus Master(s).
INFO:SoCBusHandler:cpu_bus0 added as Bus Master.
INFO:SoCBusHandler:cpu_bus1 added as Bus Master.
INFO:SoC:CPU vexriscv adding Interrupt(s).
INFO:SoC:CPU vexriscv adding SoC components.
INFO:SoCBusHandler:rom Region added at Origin: 0x00000000, Size: 0x00008000, Mode:  RX, Cached:  True, Linker: False.
INFO:SoCBusHandler:rom added as Bus Slave.
INFO:SoC:RAM rom added Origin: 0x00000000, Size: 0x00008000, Mode:  RX, Cached:  True, Linker: False.
INFO:SoCBusHandler:sram Region added at Origin: 0x10000000, Size: 0x00001000, Mode: RWX, Cached:  True, Linker: False.
INFO:SoCBusHandler:sram added as Bus Slave.
INFO:SoC:RAM sram added Origin: 0x10000000, Size: 0x00001000, Mode: RWX, Cached:  True, Linker: False.
INFO:SoCIRQHandler:uart IRQ allocated at Location 0.
INFO:SoCIRQHandler:timer0 IRQ allocated at Location 1.
INFO:SoCBusHandler:main_ram Region added at Origin: 0x40000000, Size: 0x08000000, Mode: RWX, Cached:  True, Linker: False.
INFO:SoCBusHandler:main_ram added as Bus Slave.
INFO:SoC:CSR Bridge csr added.
INFO:SoCBusHandler:csr Region added at Origin: 0xf0000000, Size: 0x00010000, Mode:  RW, Cached: False, Linker: False.
INFO:SoCBusHandler:csr added as Bus Slave.
INFO:SoCCSRHandler:csr added as CSR Master.
INFO:SoCBusHandler:Interconnect: InterconnectShared (2 <-> 4).
INFO:SoCCSRHandler:buttons CSR allocated at Location 0.
INFO:SoCCSRHandler:ctrl CSR allocated at Location 1.
INFO:SoCCSRHandler:ddrphy CSR allocated at Location 2.
INFO:SoCCSRHandler:identifier_mem CSR allocated at Location 3.
INFO:SoCCSRHandler:leds CSR allocated at Location 4.
INFO:SoCCSRHandler:sdram CSR allocated at Location 5.
INFO:SoCCSRHandler:timer0 CSR allocated at Location 6.
INFO:SoCCSRHandler:uart CSR allocated at Location 7.
INFO:SoC:--------------------------------------------------------------------------------
INFO:SoC:Finalized SoC:
INFO:SoC:--------------------------------------------------------------------------------
INFO:SoC:32-bit wishbone Bus, 4.0GiB Address Space.
IO Regions: (1)
io0                 : Origin: 0x80000000, Size: 0x80000000, Mode:  RW, Cached: False, Linker: False
Bus Regions: (4)
rom                 : Origin: 0x00000000, Size: 0x00008000, Mode:  RX, Cached:  True, Linker: False
sram                : Origin: 0x10000000, Size: 0x00001000, Mode: RWX, Cached:  True, Linker: False
main_ram            : Origin: 0x40000000, Size: 0x08000000, Mode: RWX, Cached:  True, Linker: False
csr                 : Origin: 0xf0000000, Size: 0x00010000, Mode:  RW, Cached: False, Linker: False
Bus Masters: (2)
- cpu_bus0          : rw
- cpu_bus1          : rw
Bus Slaves: (4)
- rom               : r
- sram              : rw
- main_ram          : rw
- csr               : rw
INFO:SoC:32-bit CSR Bus, 32-bit Aligned, 16.0KiB Address Space, 2048B Paging, big Ordering (Up to 32 Locations).
CSR Locations: (8)
- buttons        : 0
- ctrl           : 1
- ddrphy         : 2
- identifier_mem : 3
- leds           : 4
- sdram          : 5
- timer0         : 6
- uart           : 7
INFO:SoC:IRQ Handler (up to 32 Locations).
IRQ Locations: (2)
- uart   : 0
- timer0 : 1
INFO:SoC:--------------------------------------------------------------------------------
INFO:SoC:--------------------------------------------------------------------------------
INFO:SoC:SoC Hierarchy:
INFO:SoC:--------------------------------------------------------------------------------
INFO:SoC:
SystemFitSoC
├── crg (_CRG)
│    ├── pll (GW2APLL)
│    │    └── [BB:rPLL]
│    ├── [BB:DHCEN]
│    └── [BB:CLKDIV]
├── bus (SoCBusHandler)
│    └── _interconnect (InterconnectShared)
│         ├── arbiter (Arbiter)
│         │    └── rr (RoundRobin)
│         ├── decoder (Decoder)
│         └── timeout (Timeout)
│              └── waittimer_0 (WaitTimer) [Gen]
├── csr (SoCCSRHandler)
├── irq (SoCIRQHandler)
├── ctrl (SoCController)
├── cpu (VexRiscv)
│    └── [BB:VexRiscv]
├── rom (SRAM)
├── sram (SRAM)
├── identifier (Identifier)
├── uart (UART)
│    ├── ev (EventManager)
│    │    ├── eventsourcelevel_0 (EventSourceLevel) [Gen]
│    │    └── eventsourcelevel_1 (EventSourceLevel) [Gen]
│    ├── phy (RS232PHY)
│    │    ├── tx (RS232PHYTX)
│    │    │    ├── clk_phase_accum (RS232ClkPhaseAccum)
│    │    │    └── fsm (FSM)
│    │    └── rx (RS232PHYRX)
│    │         ├── clk_phase_accum (RS232ClkPhaseAccum)
│    │         └── fsm (FSM)
│    ├── tx_fifo (SyncFIFO)
│    │    └── fifo (SyncFIFOBuffered)
│    │         └── fifo (SyncFIFO)
│    └── rx_fifo (SyncFIFO)
│         └── fifo (SyncFIFOBuffered)
│              └── fifo (SyncFIFO)
├── timer0 (Timer)
│    └── ev (EventManager)
│         └── eventsourceprocess_0 (EventSourceProcess) [Gen]
├── ddrphy (GW2DDRPHY)
│    ├── init (GW2DDRPHYInit)
│    │    └── [BB:DLL]
│    ├── bitslip_0 (BitSlip) [Gen]
│    ├── bitslip_1 (BitSlip) [Gen]
│    ├── bitslip_2 (BitSlip) [Gen]
│    ├── bitslip_3 (BitSlip) [Gen]
│    ├── bitslip_4 (BitSlip) [Gen]
│    ├── bitslip_5 (BitSlip) [Gen]
│    ├── bitslip_6 (BitSlip) [Gen]
│    ├── bitslip_7 (BitSlip) [Gen]
│    ├── bitslip_8 (BitSlip) [Gen]
│    ├── bitslip_9 (BitSlip) [Gen]
│    ├── bitslip_10 (BitSlip) [Gen]
│    ├── bitslip_11 (BitSlip) [Gen]
│    ├── bitslip_12 (BitSlip) [Gen]
│    ├── bitslip_13 (BitSlip) [Gen]
│    ├── bitslip_14 (BitSlip) [Gen]
│    ├── bitslip_15 (BitSlip) [Gen]
│    ├── tappeddelayline_0 (TappedDelayLine) [Gen]
│    ├── tappeddelayline_1 (TappedDelayLine) [Gen]
│    ├── [BB:IOBUF]
│    ├── [BB:OSER4_MEM]
│    ├── [BB:IDES4_MEM]
│    ├── [BB:IOBUF]
│    ├── [BB:OSER4_MEM]
│    ├── [BB:IDES4_MEM]
│    ├── [BB:IOBUF]
│    ├── [BB:OSER4_MEM]
│    ├── [BB:IDES4_MEM]
│    ├── [BB:IOBUF]
│    ├── [BB:OSER4_MEM]
│    ├── [BB:IDES4_MEM]
│    ├── [BB:IOBUF]
│    ├── [BB:OSER4_MEM]
│    ├── [BB:IDES4_MEM]
│    ├── [BB:IOBUF]
│    ├── [BB:OSER4_MEM]
│    ├── [BB:IDES4_MEM]
│    ├── [BB:IOBUF]
│    ├── [BB:ELVDS_OBUF]
│    ├── [BB:IODELAY]
│    ├── [BB:OSER4]
│    ├── [BB:IODELAY]
│    ├── [BB:OSER4]
│    ├── [BB:IODELAY]
│    ├── [BB:OSER4]
│    ├── [BB:IODELAY]
│    ├── [BB:OSER4]
│    ├── [BB:IODELAY]
│    ├── [BB:OSER4]
│    ├── [BB:IODELAY]
│    ├── [BB:OSER4]
│    ├── [BB:IODELAY]
│    ├── [BB:OSER4]
│    ├── [BB:IODELAY]
│    ├── [BB:OSER4]
│    ├── [BB:IODELAY]
│    ├── [BB:OSER4]
│    ├── [BB:IODELAY]
│    ├── [BB:OSER4]
│    ├── [BB:IODELAY]
│    ├── [BB:OSER4]
│    ├── [BB:IODELAY]
│    ├── [BB:OSER4]
│    ├── [BB:IODELAY]
│    ├── [BB:OSER4]
│    ├── [BB:IODELAY]
│    ├── [BB:OSER4]
│    ├── [BB:IODELAY]
│    ├── [BB:OSER4]
│    ├── [BB:IODELAY]
│    ├── [BB:OSER4]
│    ├── [BB:IODELAY]
│    ├── [BB:OSER4]
│    ├── [BB:IODELAY]
│    ├── [BB:OSER4]
│    ├── [BB:IODELAY]
│    ├── [BB:OSER4]
│    ├── [BB:IODELAY]
│    ├── [BB:OSER4]
│    ├── [BB:IODELAY]
│    ├── [BB:OSER4]
│    ├── [BB:IODELAY]
│    ├── [BB:OSER4]
│    ├── [BB:IODELAY]
│    ├── [BB:OSER4]
│    ├── [BB:IODELAY]
│    ├── [BB:OSER4]
│    ├── [BB:IODELAY]
│    ├── [BB:OSER4]
│    ├── [BB:DQS]
│    ├── [BB:OSER4_MEM]
│    ├── [BB:ELVDS_IOBUF]
│    ├── [BB:OSER4_MEM]
│    ├── [BB:OSER4_MEM]
│    ├── [BB:IDES4_MEM]
│    ├── [BB:IOBUF]
│    ├── [BB:OSER4_MEM]
│    ├── [BB:IDES4_MEM]
│    ├── [BB:IOBUF]
│    ├── [BB:OSER4_MEM]
│    ├── [BB:IDES4_MEM]
│    ├── [BB:IOBUF]
│    ├── [BB:OSER4_MEM]
│    ├── [BB:IDES4_MEM]
│    ├── [BB:IOBUF]
│    ├── [BB:OSER4_MEM]
│    ├── [BB:IDES4_MEM]
│    ├── [BB:IOBUF]
│    ├── [BB:OSER4_MEM]
│    ├── [BB:IDES4_MEM]
│    ├── [BB:IOBUF]
│    ├── [BB:OSER4_MEM]
│    ├── [BB:IDES4_MEM]
│    ├── [BB:IOBUF]
│    ├── [BB:OSER4_MEM]
│    ├── [BB:IDES4_MEM]
│    ├── [BB:IOBUF]
│    ├── [BB:DQS]
│    ├── [BB:OSER4_MEM]
│    ├── [BB:ELVDS_IOBUF]
│    ├── [BB:OSER4_MEM]
│    ├── [BB:OSER4_MEM]
│    ├── [BB:IDES4_MEM]
│    ├── [BB:IOBUF]
│    ├── [BB:OSER4_MEM]
│    └── [BB:IDES4_MEM]
├── sdram (LiteDRAMCore)
│    ├── dfii (DFIInjector)
│    │    ├── pi0 (PhaseInjector)
│    │    └── pi1 (PhaseInjector)
│    ├── controller (LiteDRAMController)
│    │    ├── refresher (Refresher)
│    │    │    ├── timer (RefreshTimer)
│    │    │    ├── postponer (RefreshPostponer)
│    │    │    ├── sequencer (RefreshSequencer)
│    │    │    │    └── refreshexecuter_0 (RefreshExecuter) [Gen]
│    │    │    ├── zqcs_timer (RefreshTimer)
│    │    │    ├── zqs_executer (ZQCSExecuter)
│    │    │    └── fsm (FSM)
│    │    ├── bankmachine_0 (BankMachine) [Gen]
│    │    │    ├── syncfifo_0 (SyncFIFO) [Gen]
│    │    │    │    └── fifo (SyncFIFO)
│    │    │    ├── buffer_0 (Buffer) [Gen]
│    │    │    │    ├── pipe_valid (PipeValid)
│    │    │    │    └── pipeline (Pipeline)
│    │    │    ├── twtpcon (tXXDController)
│    │    │    ├── trccon (tXXDController)
│    │    │    ├── trascon (tXXDController)
│    │    │    └── fsm (FSM)
│    │    ├── bankmachine_1 (BankMachine) [Gen]
│    │    │    ├── syncfifo_0 (SyncFIFO) [Gen]
│    │    │    │    └── fifo (SyncFIFO)
│    │    │    ├── buffer_0 (Buffer) [Gen]
│    │    │    │    ├── pipe_valid (PipeValid)
│    │    │    │    └── pipeline (Pipeline)
│    │    │    ├── twtpcon (tXXDController)
│    │    │    ├── trccon (tXXDController)
│    │    │    ├── trascon (tXXDController)
│    │    │    └── fsm (FSM)
│    │    ├── bankmachine_2 (BankMachine) [Gen]
│    │    │    ├── syncfifo_0 (SyncFIFO) [Gen]
│    │    │    │    └── fifo (SyncFIFO)
│    │    │    ├── buffer_0 (Buffer) [Gen]
│    │    │    │    ├── pipe_valid (PipeValid)
│    │    │    │    └── pipeline (Pipeline)
│    │    │    ├── twtpcon (tXXDController)
│    │    │    ├── trccon (tXXDController)
│    │    │    ├── trascon (tXXDController)
│    │    │    └── fsm (FSM)
│    │    ├── bankmachine_3 (BankMachine) [Gen]
│    │    │    ├── syncfifo_0 (SyncFIFO) [Gen]
│    │    │    │    └── fifo (SyncFIFO)
│    │    │    ├── buffer_0 (Buffer) [Gen]
│    │    │    │    ├── pipe_valid (PipeValid)
│    │    │    │    └── pipeline (Pipeline)
│    │    │    ├── twtpcon (tXXDController)
│    │    │    ├── trccon (tXXDController)
│    │    │    ├── trascon (tXXDController)
│    │    │    └── fsm (FSM)
│    │    ├── bankmachine_4 (BankMachine) [Gen]
│    │    │    ├── syncfifo_0 (SyncFIFO) [Gen]
│    │    │    │    └── fifo (SyncFIFO)
│    │    │    ├── buffer_0 (Buffer) [Gen]
│    │    │    │    ├── pipe_valid (PipeValid)
│    │    │    │    └── pipeline (Pipeline)
│    │    │    ├── twtpcon (tXXDController)
│    │    │    ├── trccon (tXXDController)
│    │    │    ├── trascon (tXXDController)
│    │    │    └── fsm (FSM)
│    │    ├── bankmachine_5 (BankMachine) [Gen]
│    │    │    ├── syncfifo_0 (SyncFIFO) [Gen]
│    │    │    │    └── fifo (SyncFIFO)
│    │    │    ├── buffer_0 (Buffer) [Gen]
│    │    │    │    ├── pipe_valid (PipeValid)
│    │    │    │    └── pipeline (Pipeline)
│    │    │    ├── twtpcon (tXXDController)
│    │    │    ├── trccon (tXXDController)
│    │    │    ├── trascon (tXXDController)
│    │    │    └── fsm (FSM)
│    │    ├── bankmachine_6 (BankMachine) [Gen]
│    │    │    ├── syncfifo_0 (SyncFIFO) [Gen]
│    │    │    │    └── fifo (SyncFIFO)
│    │    │    ├── buffer_0 (Buffer) [Gen]
│    │    │    │    ├── pipe_valid (PipeValid)
│    │    │    │    └── pipeline (Pipeline)
│    │    │    ├── twtpcon (tXXDController)
│    │    │    ├── trccon (tXXDController)
│    │    │    ├── trascon (tXXDController)
│    │    │    └── fsm (FSM)
│    │    ├── bankmachine_7 (BankMachine) [Gen]
│    │    │    ├── syncfifo_0 (SyncFIFO) [Gen]
│    │    │    │    └── fifo (SyncFIFO)
│    │    │    ├── buffer_0 (Buffer) [Gen]
│    │    │    │    ├── pipe_valid (PipeValid)
│    │    │    │    └── pipeline (Pipeline)
│    │    │    ├── twtpcon (tXXDController)
│    │    │    ├── trccon (tXXDController)
│    │    │    ├── trascon (tXXDController)
│    │    │    └── fsm (FSM)
│    │    └── multiplexer (Multiplexer)
│    │         ├── choose_cmd (_CommandChooser)
│    │         │    └── roundrobin_0 (RoundRobin) [Gen]
│    │         ├── choose_req (_CommandChooser)
│    │         │    └── roundrobin_0 (RoundRobin) [Gen]
│    │         ├── _steerer_0 (_Steerer) [Gen]
│    │         ├── trrdcon (tXXDController)
│    │         ├── tfawcon (tFAWController)
│    │         ├── tccdcon (tXXDController)
│    │         ├── twtrcon (tXXDController)
│    │         └── fsm (FSM)
│    └── crossbar (LiteDRAMCrossbar)
│         ├── roundrobin_0 (RoundRobin) [Gen]
│         ├── roundrobin_1 (RoundRobin) [Gen]
│         ├── roundrobin_2 (RoundRobin) [Gen]
│         ├── roundrobin_3 (RoundRobin) [Gen]
│         ├── roundrobin_4 (RoundRobin) [Gen]
│         ├── roundrobin_5 (RoundRobin) [Gen]
│         ├── roundrobin_6 (RoundRobin) [Gen]
│         └── roundrobin_7 (RoundRobin) [Gen]
├── l2_cache (Cache)
│    └── fsm (FSM)
├── wishbone_bridge (LiteDRAMWishbone2Native)
│    └── fsm (FSM)
├── leds (GPIOOut)
├── buttons (GPIOIn)
├── csr_bridge (Wishbone2CSR)
│    └── fsm (FSM)
├── csr_bankarray (CSRBankArray)
│    ├── csrbank_0 (CSRBank) [Gen]
│    │    └── csrstatus_0 (CSRStatus) [Gen]
│    ├── csrbank_1 (CSRBank) [Gen]
│    │    ├── csrstorage_0 (CSRStorage) [Gen]
│    │    ├── csrstorage_1 (CSRStorage) [Gen]
│    │    └── csrstatus_0 (CSRStatus) [Gen]
│    ├── csrbank_2 (CSRBank) [Gen]
│    │    ├── csrstorage_0 (CSRStorage) [Gen]
│    │    ├── csrstorage_1 (CSRStorage) [Gen]
│    │    └── csrstatus_0 (CSRStatus) [Gen]
│    ├── sram_0 (SRAM) [Gen]
│    ├── csrbank_3 (CSRBank) [Gen]
│    │    └── csrstorage_0 (CSRStorage) [Gen]
│    ├── csrbank_4 (CSRBank) [Gen]
│    │    ├── csrstorage_0 (CSRStorage) [Gen]
│    │    ├── csrstorage_1 (CSRStorage) [Gen]
│    │    ├── csrstorage_2 (CSRStorage) [Gen]
│    │    ├── csrstorage_3 (CSRStorage) [Gen]
│    │    ├── csrstorage_4 (CSRStorage) [Gen]
│    │    ├── csrstatus_0 (CSRStatus) [Gen]
│    │    ├── csrstorage_5 (CSRStorage) [Gen]
│    │    ├── csrstorage_6 (CSRStorage) [Gen]
│    │    ├── csrstorage_7 (CSRStorage) [Gen]
│    │    ├── csrstorage_8 (CSRStorage) [Gen]
│    │    └── csrstatus_1 (CSRStatus) [Gen]
│    ├── csrbank_5 (CSRBank) [Gen]
│    │    ├── csrstorage_0 (CSRStorage) [Gen]
│    │    ├── csrstorage_1 (CSRStorage) [Gen]
│    │    ├── csrstorage_2 (CSRStorage) [Gen]
│    │    ├── csrstorage_3 (CSRStorage) [Gen]
│    │    ├── csrstatus_0 (CSRStatus) [Gen]
│    │    ├── csrstatus_1 (CSRStatus) [Gen]
│    │    ├── csrstatus_2 (CSRStatus) [Gen]
│    │    ├── csrstorage_4 (CSRStorage) [Gen]
│    │    ├── csrstorage_5 (CSRStorage) [Gen]
│    │    └── csrstatus_3 (CSRStatus) [Gen]
│    └── csrbank_6 (CSRBank) [Gen]
│         ├── csrstatus_0 (CSRStatus) [Gen]
│         ├── csrstatus_1 (CSRStatus) [Gen]
│         ├── csrstatus_2 (CSRStatus) [Gen]
│         ├── csrstatus_3 (CSRStatus) [Gen]
│         ├── csrstorage_0 (CSRStorage) [Gen]
│         ├── csrstatus_4 (CSRStatus) [Gen]
│         └── csrstatus_5 (CSRStatus) [Gen]
└── csr_interconnect (InterconnectShared)
Legend:
  [Gen]: Auto-generated instance name.
  [BB:NAME]: Blackbox instance (verilog Instance).

INFO:SoC:--------------------------------------------------------------------------------
make[1]: Entering directory '/home/user/git/fpga/sipeedtangprimer20k-riscv/build/system-fit/20261006T192254.096392Z/attribution/attribution-ddr-only/attempts/rom32k/soc/software/libc'
cp /home/user/git/fpga/sipeedtangprimer20k-riscv/.deps/litex/litex/soc/software/libc/picolibc-minimal.h /home/user/git/fpga/sipeedtangprimer20k-riscv/build/system-fit/20261006T192254.096392Z/attribution/attribution-ddr-only/attempts/rom32k/soc/software/libc/picolibc.h
printf "#define FORMAT_DEFAULT_%s\n" "INTEGER" >> /home/user/git/fpga/sipeedtangprimer20k-riscv/build/system-fit/20261006T192254.096392Z/attribution/attribution-ddr-only/attempts/rom32k/soc/software/libc/picolibc.h
rm -f -r /home/user/git/fpga/sipeedtangprimer20k-riscv/build/system-fit/20261006T192254.096392Z/attribution/attribution-ddr-only/attempts/rom32k/soc/software/include/../picolibc_src
printf "#define __IO_DEFAULT '%s'\n" "i" >> /home/user/git/fpga/sipeedtangprimer20k-riscv/build/system-fit/20261006T192254.096392Z/attribution/attribution-ddr-only/attempts/rom32k/soc/software/libc/picolibc.h
cp -a /home/user/git/fpga/sipeedtangprimer20k-riscv/.deps/pythondata-software-picolibc/pythondata_software_picolibc/data /home/user/git/fpga/sipeedtangprimer20k-riscv/build/system-fit/20261006T192254.096392Z/attribution/attribution-ddr-only/attempts/rom32k/soc/software/include/../picolibc_src
if [ -d "/home/user/git/fpga/sipeedtangprimer20k-riscv/.deps/litex/litex/soc/software/libc/riscv" ]; then \
	cp /home/user/git/fpga/sipeedtangprimer20k-riscv/.deps/litex/litex/soc/software/libc/riscv/* /home/user/git/fpga/sipeedtangprimer20k-riscv/build/system-fit/20261006T192254.096392Z/attribution/attribution-ddr-only/attempts/rom32k/soc/software/include/../picolibc_src/libc/machine/riscv/ ;\
fi
 CC       minimal__home_user_git_fpga_sipeedtangprimer20k-riscv_build_system-fit_20261006T192254.096392Z_attribution_attribution-ddr-only_attempts_rom32k_soc_software_include_.._picolibc_src_libc_ctype_ctype_.o
 CC       minimal__home_user_git_fpga_sipeedtangprimer20k-riscv_build_system-fit_20261006T192254.096392Z_attribution_attribution-ddr-only_attempts_rom32k_soc_software_include_.._picolibc_src_libc_errno_errno.o
 CC       minimal__home_user_git_fpga_sipeedtangprimer20k-riscv_build_system-fit_20261006T192254.096392Z_attribution_attribution-ddr-only_attempts_rom32k_soc_software_include_.._picolibc_src_libc_string_strchr.o
 CC       minimal__home_user_git_fpga_sipeedtangprimer20k-riscv_build_system-fit_20261006T192254.096392Z_attribution_attribution-ddr-only_attempts_rom32k_soc_software_include_.._picolibc_src_libc_string_strncpy.o
 CC       minimal__home_user_git_fpga_sipeedtangprimer20k-riscv_build_system-fit_20261006T192254.096392Z_attribution_attribution-ddr-only_attempts_rom32k_soc_software_include_.._picolibc_src_libc_string_strncmp.o
 CC       minimal__home_user_git_fpga_sipeedtangprimer20k-riscv_build_system-fit_20261006T192254.096392Z_attribution_attribution-ddr-only_attempts_rom32k_soc_software_include_.._picolibc_src_libc_string_strnlen.o
 CC       minimal__home_user_git_fpga_sipeedtangprimer20k-riscv_build_system-fit_20261006T192254.096392Z_attribution_attribution-ddr-only_attempts_rom32k_soc_software_include_.._picolibc_src_libc_stdio_fgetc.o
 CC       minimal__home_user_git_fpga_sipeedtangprimer20k-riscv_build_system-fit_20261006T192254.096392Z_attribution_attribution-ddr-only_attempts_rom32k_soc_software_include_.._picolibc_src_libc_stdio_fputc.o
 CC       minimal__home_user_git_fpga_sipeedtangprimer20k-riscv_build_system-fit_20261006T192254.096392Z_attribution_attribution-ddr-only_attempts_rom32k_soc_software_include_.._picolibc_src_libc_stdio_fputs.o
 CC       minimal__home_user_git_fpga_sipeedtangprimer20k-riscv_build_system-fit_20261006T192254.096392Z_attribution_attribution-ddr-only_attempts_rom32k_soc_software_include_.._picolibc_src_libc_stdio_printf.o
 CC       minimal__home_user_git_fpga_sipeedtangprimer20k-riscv_build_system-fit_20261006T192254.096392Z_attribution_attribution-ddr-only_attempts_rom32k_soc_software_include_.._picolibc_src_libc_stdio_puts.o
 CC       minimal__home_user_git_fpga_sipeedtangprimer20k-riscv_build_system-fit_20261006T192254.096392Z_attribution_attribution-ddr-only_attempts_rom32k_soc_software_include_.._picolibc_src_libc_stdio_strtoul.o
 CC       minimal__home_user_git_fpga_sipeedtangprimer20k-riscv_build_system-fit_20261006T192254.096392Z_attribution_attribution-ddr-only_attempts_rom32k_soc_software_include_.._picolibc_src_libc_stdio_strtoull.o
 CC       minimal__home_user_git_fpga_sipeedtangprimer20k-riscv_build_system-fit_20261006T192254.096392Z_attribution_attribution-ddr-only_attempts_rom32k_soc_software_include_.._picolibc_src_libc_stdlib_lldiv.o
 CC       minimal__home_user_git_fpga_sipeedtangprimer20k-riscv_build_system-fit_20261006T192254.096392Z_attribution_attribution-ddr-only_attempts_rom32k_soc_software_include_.._picolibc_src_libc_machine_riscv_memcpy-asm.o
 CC       minimal__home_user_git_fpga_sipeedtangprimer20k-riscv_build_system-fit_20261006T192254.096392Z_attribution_attribution-ddr-only_attempts_rom32k_soc_software_include_.._picolibc_src_libc_machine_riscv_memmove.o
 CC       minimal__home_user_git_fpga_sipeedtangprimer20k-riscv_build_system-fit_20261006T192254.096392Z_attribution_attribution-ddr-only_attempts_rom32k_soc_software_include_.._picolibc_src_libc_machine_riscv_memset.o
 CC       minimal__home_user_git_fpga_sipeedtangprimer20k-riscv_build_system-fit_20261006T192254.096392Z_attribution_attribution-ddr-only_attempts_rom32k_soc_software_include_.._picolibc_src_libc_machine_riscv_strcmp.o
 CC       minimal__home_user_git_fpga_sipeedtangprimer20k-riscv_build_system-fit_20261006T192254.096392Z_attribution_attribution-ddr-only_attempts_rom32k_soc_software_include_.._picolibc_src_libc_machine_riscv_strcpy.o
 CC       minimal__home_user_git_fpga_sipeedtangprimer20k-riscv_build_system-fit_20261006T192254.096392Z_attribution_attribution-ddr-only_attempts_rom32k_soc_software_include_.._picolibc_src_libc_machine_riscv_strlen.o
 CC       minimal__home_user_git_fpga_sipeedtangprimer20k-riscv_build_system-fit_20261006T192254.096392Z_attribution_attribution-ddr-only_attempts_rom32k_soc_software_include_.._picolibc_src_libc_stdio_vfiprintf.o
 AR       __libc_minimal.a
 CC       _libc_minimal.a
 AR       _libc_minimal.a
cp __libc_minimal.a _libc_minimal.a
 CC       libc-minimal.a
 AR       libc-minimal.a
cp _libc_minimal.a libc-minimal.a
cp libc-minimal.a libc.a
make[1]: Leaving directory '/home/user/git/fpga/sipeedtangprimer20k-riscv/build/system-fit/20261006T192254.096392Z/attribution/attribution-ddr-only/attempts/rom32k/soc/software/libc'
make[1]: Entering directory '/home/user/git/fpga/sipeedtangprimer20k-riscv/build/system-fit/20261006T192254.096392Z/attribution/attribution-ddr-only/attempts/rom32k/soc/software/libcompiler_rt'
 CC       umodsi3.o
 CC       udivsi3.o
 CC       divsi3.o
 CC       modsi3.o
 CC       comparesf2.o
 CC       comparedf2.o
 CC       negsf2.o
 CC       negdf2.o
/home/user/git/fpga/sipeedtangprimer20k-riscv/.deps/pythondata-software-compiler_rt/pythondata_software_compiler_rt/data/lib/builtins/comparedf2.c:85:1: warning: function declaration isn't a prototype [-Wstrict-prototypes]
   85 | FNALIAS(__cmpdf2, __ledf2);
      | ^~~~~~~
/home/user/git/fpga/sipeedtangprimer20k-riscv/.deps/pythondata-software-compiler_rt/pythondata_software_compiler_rt/data/lib/builtins/comparesf2.c:85:1: warning: function declaration isn't a prototype [-Wstrict-prototypes]
   85 | FNALIAS(__cmpsf2, __lesf2);
      | ^~~~~~~
 CC       addsf3.o
 CC       subsf3.o
 CC       mulsf3.o
 CC       divsf3.o
 CC       extendsfdf2.o
 CC       truncdfsf2.o
 CC       lshrdi3.o
 CC       muldi3.o
 CC       divdi3.o
 CC       ashldi3.o
 CC       ashrdi3.o
 CC       udivmoddi4.o
 CC       floatsisf.o
 CC       floatunsisf.o
 CC       fixsfsi.o
 CC       fixdfdi.o
 CC       fixunssfsi.o
 CC       fixunsdfdi.o
 CC       adddf3.o
 CC       subdf3.o
 CC       muldf3.o
 CC       divdf3.o
 CC       floatsidf.o
 CC       floatunsidf.o
 CC       floatdidf.o
 CC       fixdfsi.o
 CC       fixunsdfsi.o
 CC       clzsi2.o
 CC       ctzsi2.o
 CC       clzdi2.o
 CC       ctzdi2.o
 CC       udivdi3.o
 CC       umoddi3.o
 CC       moddi3.o
 CC       ucmpdi2.o
 CC       mulsi3.o
 AR       libcompiler_rt.a
make[1]: Leaving directory '/home/user/git/fpga/sipeedtangprimer20k-riscv/build/system-fit/20261006T192254.096392Z/attribution/attribution-ddr-only/attempts/rom32k/soc/software/libcompiler_rt'
make[1]: Entering directory '/home/user/git/fpga/sipeedtangprimer20k-riscv/build/system-fit/20261006T192254.096392Z/attribution/attribution-ddr-only/attempts/rom32k/soc/software/libbase'
 CC       crc16.o
 CC       crc32.o
 CC       console.o
 CC       format.o
 CC       parse.o
 CC       timeout.o
 CC       system.o
 CC       progress.o
 CC       memtest.o
 CC       uart.o
 CC       spiflash.o
 CC       startup.o
 CC       i2c.o
 CC       isr.o
 CC       hyperram.o
 AR       libbase.a
make[1]: Leaving directory '/home/user/git/fpga/sipeedtangprimer20k-riscv/build/system-fit/20261006T192254.096392Z/attribution/attribution-ddr-only/attempts/rom32k/soc/software/libbase'
make[1]: Entering directory '/home/user/git/fpga/sipeedtangprimer20k-riscv/build/system-fit/20261006T192254.096392Z/attribution/attribution-ddr-only/attempts/rom32k/soc/software/libfatfs'
 CC       ffunicode.o
 CC       ff.o
 AR       libfatfs.a
make[1]: Leaving directory '/home/user/git/fpga/sipeedtangprimer20k-riscv/build/system-fit/20261006T192254.096392Z/attribution/attribution-ddr-only/attempts/rom32k/soc/software/libfatfs'
make[1]: Entering directory '/home/user/git/fpga/sipeedtangprimer20k-riscv/build/system-fit/20261006T192254.096392Z/attribution/attribution-ddr-only/attempts/rom32k/soc/software/liblitespi'
 CC       spiflash.o
 CC       spiram.o
 AR       liblitespi.a
make[1]: Leaving directory '/home/user/git/fpga/sipeedtangprimer20k-riscv/build/system-fit/20261006T192254.096392Z/attribution/attribution-ddr-only/attempts/rom32k/soc/software/liblitespi'
make[1]: Entering directory '/home/user/git/fpga/sipeedtangprimer20k-riscv/build/system-fit/20261006T192254.096392Z/attribution/attribution-ddr-only/attempts/rom32k/soc/software/liblitedram'
 CC       sdram.o
 CC       bist.o
 CC       sdram_dbg.o
 CC       sdram_spd.o
 CC       utils.o
 CC       accessors.o
 AR       liblitedram.a
make[1]: Leaving directory '/home/user/git/fpga/sipeedtangprimer20k-riscv/build/system-fit/20261006T192254.096392Z/attribution/attribution-ddr-only/attempts/rom32k/soc/software/liblitedram'
make[1]: Entering directory '/home/user/git/fpga/sipeedtangprimer20k-riscv/build/system-fit/20261006T192254.096392Z/attribution/attribution-ddr-only/attempts/rom32k/soc/software/libliteeth'
 CC       udp.o
 CC       tftp.o
 CC       mdio.o
 CC       dhcp.o
 CC       sfp.o
/home/user/git/fpga/sipeedtangprimer20k-riscv/.deps/litex/litex/soc/software/libliteeth/sfp.c:816:6: warning: no previous prototype for 'sfp_init' [-Wmissing-prototypes]
  816 | void sfp_init(void) {}
      |      ^~~~~~~~
 AR       libliteeth.a
make[1]: Leaving directory '/home/user/git/fpga/sipeedtangprimer20k-riscv/build/system-fit/20261006T192254.096392Z/attribution/attribution-ddr-only/attempts/rom32k/soc/software/libliteeth'
make[1]: Entering directory '/home/user/git/fpga/sipeedtangprimer20k-riscv/build/system-fit/20261006T192254.096392Z/attribution/attribution-ddr-only/attempts/rom32k/soc/software/liblitesdcard'
 CC       sdcard.o
 CC       spisdcard.o
 AR       liblitesdcard.a
make[1]: Leaving directory '/home/user/git/fpga/sipeedtangprimer20k-riscv/build/system-fit/20261006T192254.096392Z/attribution/attribution-ddr-only/attempts/rom32k/soc/software/liblitesdcard'
make[1]: Entering directory '/home/user/git/fpga/sipeedtangprimer20k-riscv/build/system-fit/20261006T192254.096392Z/attribution/attribution-ddr-only/attempts/rom32k/soc/software/liblitesata'
 CC       sata.o
 AR       liblitesata.a
make[1]: Leaving directory '/home/user/git/fpga/sipeedtangprimer20k-riscv/build/system-fit/20261006T192254.096392Z/attribution/attribution-ddr-only/attempts/rom32k/soc/software/liblitesata'
make[1]: Entering directory '/home/user/git/fpga/sipeedtangprimer20k-riscv/build/system-fit/20261006T192254.096392Z/attribution/attribution-ddr-only/attempts/rom32k/soc/software/bios'
 CC       crt0.o
 CC       boot-helper.o
 CC       boot.o
 CC       helpers.o
 CC       cmd_bios.o
 CC       cmd_mem.o
 CC       cmd_boot.o
 CC       cmd_i2c.o
 CC       cmd_spiflash.o
 CC       cmd_litedram.o
 CC       cmd_liteeth.o
 CC       cmd_litesdcard.o
 CC       cmd_litesata.o
 CC       sim_debug.o
 CC       main.o
 CC       readline_simple.o
 CC       bios.elf
/home/user/git/fpga/sipeedtangprimer20k-riscv/.tools/riscv-gcc/xpack-riscv-none-elf-gcc-15.2.0-1/bin/../lib/gcc/riscv-none-elf/15.2.0/../../../../riscv-none-elf/bin/ld: warning: bios.elf has a LOAD segment with RWX permissions
chmod -x bios.elf
 OBJCOPY  bios.bin
chmod -x bios.bin
python3 -m litex.soc.software.crcfbigen bios.bin --little
python3 -m litex.soc.software.memusage --fail-stack-margin 2048 bios.elf /home/user/git/fpga/sipeedtangprimer20k-riscv/build/system-fit/20261006T192254.096392Z/attribution/attribution-ddr-only/attempts/rom32k/soc/software/bios/../include/generated/regions.ld riscv-none-elf

ROM usage: 25.50KiB 	(79.70%)
SRAM usage: 0.33KiB 	(8.20%)
  .data: 0.02KiB
  .bss: 0.30KiB
  stack margin: 3.67KiB

make[1]: Leaving directory '/home/user/git/fpga/sipeedtangprimer20k-riscv/build/system-fit/20261006T192254.096392Z/attribution/attribution-ddr-only/attempts/rom32k/soc/software/bios'
INFO:SoC:Initializing ROM rom with contents (Size: 0x660c).
INFO:SoC:Auto-Resizing ROM rom from 0x8000 to 0x660c.
*** GOWIN Tcl Command Line Console  *** 
current device: GW2A-18C  GW2A-LV18PG256C8/I7
add new file: "system_fit_candidate_2_compact_memory.cst"
add new file: "system_fit_candidate_2_compact_memory.sdc"
add new file: "/home/user/git/fpga/sipeedtangprimer20k-riscv/.deps/pythondata-cpu-vexriscv/pythondata_cpu_vexriscv/verilog/VexRiscv_Linux.v"
add new file: "/home/user/git/fpga/sipeedtangprimer20k-riscv/build/system-fit/20261006T192254.096392Z/attribution/attribution-ddr-only/attempts/rom32k/soc/gateware/system_fit_candidate_2_compact_memory.v"
GowinSynthesis start
Running parser ...
Analyzing Verilog file '/home/user/git/fpga/sipeedtangprimer20k-riscv/.deps/pythondata-cpu-vexriscv/pythondata_cpu_vexriscv/verilog/VexRiscv_Linux.v'
Analyzing Verilog file '/home/user/git/fpga/sipeedtangprimer20k-riscv/build/system-fit/20261006T192254.096392Z/attribution/attribution-ddr-only/attempts/rom32k/soc/gateware/system_fit_candidate_2_compact_memory.v'
Compiling module 'system_fit_candidate_2_compact_memory'("/home/user/git/fpga/sipeedtangprimer20k-riscv/build/system-fit/20261006T192254.096392Z/attribution/attribution-ddr-only/attempts/rom32k/soc/gateware/system_fit_candidate_2_compact_memory.v":19992)
WARN  (EX3780) : Using initial value of 'por_rst' since it is never assigned("/home/user/git/fpga/sipeedtangprimer20k-riscv/build/system-fit/20261006T192254.096392Z/attribution/attribution-ddr-only/attempts/rom32k/soc/gateware/system_fit_candidate_2_compact_memory.v":20305)
WARN  (EX3780) : Using initial value of 'systemfitsoc_vexriscv' since it is never assigned("/home/user/git/fpga/sipeedtangprimer20k-riscv/build/system-fit/20261006T192254.096392Z/attribution/attribution-ddr-only/attempts/rom32k/soc/gateware/system_fit_candidate_2_compact_memory.v":20531)
Compiling module 'system_fit_candidate_2_compact_memory__bus'("/home/user/git/fpga/sipeedtangprimer20k-riscv/build/system-fit/20261006T192254.096392Z/attribution/attribution-ddr-only/attempts/rom32k/soc/gateware/system_fit_candidate_2_compact_memory.v":868)
Compiling module 'system_fit_candidate_2_compact_memory__bus___interconnect'("/home/user/git/fpga/sipeedtangprimer20k-riscv/build/system-fit/20261006T192254.096392Z/attribution/attribution-ddr-only/attempts/rom32k/soc/gateware/system_fit_candidate_2_compact_memory.v":621)
Compiling module 'system_fit_candidate_2_compact_memory__bus___interconnect__arbiter'("/home/user/git/fpga/sipeedtangprimer20k-riscv/build/system-fit/20261006T192254.096392Z/attribution/attribution-ddr-only/attempts/rom32k/soc/gateware/system_fit_candidate_2_compact_memory.v":431)
Compiling module 'system_fit_candidate_2_compact_memory__bus___interconnect__arbiter__rr'("/home/user/git/fpga/sipeedtangprimer20k-riscv/build/system-fit/20261006T192254.096392Z/attribution/attribution-ddr-only/attempts/rom32k/soc/gateware/system_fit_candidate_2_compact_memory.v":370)
Compiling module 'system_fit_candidate_2_compact_memory__csr'("/home/user/git/fpga/sipeedtangprimer20k-riscv/build/system-fit/20261006T192254.096392Z/attribution/attribution-ddr-only/attempts/rom32k/soc/gateware/system_fit_candidate_2_compact_memory.v":1096)
Compiling module 'system_fit_candidate_2_compact_memory__irq'("/home/user/git/fpga/sipeedtangprimer20k-riscv/build/system-fit/20261006T192254.096392Z/attribution/attribution-ddr-only/attempts/rom32k/soc/gateware/system_fit_candidate_2_compact_memory.v":1132)
Compiling module 'system_fit_candidate_2_compact_memory__rom'("/home/user/git/fpga/sipeedtangprimer20k-riscv/build/system-fit/20261006T192254.096392Z/attribution/attribution-ddr-only/attempts/rom32k/soc/gateware/system_fit_candidate_2_compact_memory.v":1168)
Extracting RAM for identifier 'rom'("/home/user/git/fpga/sipeedtangprimer20k-riscv/build/system-fit/20261006T192254.096392Z/attribution/attribution-ddr-only/attempts/rom32k/soc/gateware/system_fit_candidate_2_compact_memory.v":1223)
Compiling module 'system_fit_candidate_2_compact_memory__sram'("/home/user/git/fpga/sipeedtangprimer20k-riscv/build/system-fit/20261006T192254.096392Z/attribution/attribution-ddr-only/attempts/rom32k/soc/gateware/system_fit_candidate_2_compact_memory.v":1240)
WARN  (EX3780) : Using initial value of 'systemfitsoc_ram_adr_burst' since it is never assigned("/home/user/git/fpga/sipeedtangprimer20k-riscv/build/system-fit/20261006T192254.096392Z/attribution/attribution-ddr-only/attempts/rom32k/soc/gateware/system_fit_candidate_2_compact_memory.v":1259)
Extracting RAM for identifier 'sram'("/home/user/git/fpga/sipeedtangprimer20k-riscv/build/system-fit/20261006T192254.096392Z/attribution/attribution-ddr-only/attempts/rom32k/soc/gateware/system_fit_candidate_2_compact_memory.v":1308)
Compiling module 'system_fit_candidate_2_compact_memory__identifier'("/home/user/git/fpga/sipeedtangprimer20k-riscv/build/system-fit/20261006T192254.096392Z/attribution/attribution-ddr-only/attempts/rom32k/soc/gateware/system_fit_candidate_2_compact_memory.v":1329)
Extracting RAM for identifier 'mem'("/home/user/git/fpga/sipeedtangprimer20k-riscv/build/system-fit/20261006T192254.096392Z/attribution/attribution-ddr-only/attempts/rom32k/soc/gateware/system_fit_candidate_2_compact_memory.v":1365)
Compiling module 'system_fit_candidate_2_compact_memory__uart'("/home/user/git/fpga/sipeedtangprimer20k-riscv/build/system-fit/20261006T192254.096392Z/attribution/attribution-ddr-only/attempts/rom32k/soc/gateware/system_fit_candidate_2_compact_memory.v":2163)
WARN  (EX3780) : Using initial value of 'systemfitsoc_uart_core_rx_fifo_replace' since it is never assigned("/home/user/git/fpga/sipeedtangprimer20k-riscv/build/system-fit/20261006T192254.096392Z/attribution/attribution-ddr-only/attempts/rom32k/soc/gateware/system_fit_candidate_2_compact_memory.v":2234)
WARN  (EX3780) : Using initial value of 'systemfitsoc_uart_core_tx_fifo_replace' since it is never assigned("/home/user/git/fpga/sipeedtangprimer20k-riscv/build/system-fit/20261006T192254.096392Z/attribution/attribution-ddr-only/attempts/rom32k/soc/gateware/system_fit_candidate_2_compact_memory.v":2274)
WARN  (EX3780) : Using initial value of 'systemfitsoc_uart_core_tx_fifo_sink_first' since it is never assigned("/home/user/git/fpga/sipeedtangprimer20k-riscv/build/system-fit/20261006T192254.096392Z/attribution/attribution-ddr-only/attempts/rom32k/soc/gateware/system_fit_candidate_2_compact_memory.v":2275)
WARN  (EX3780) : Using initial value of 'systemfitsoc_uart_core_tx_fifo_sink_last' since it is never assigned("/home/user/git/fpga/sipeedtangprimer20k-riscv/build/system-fit/20261006T192254.096392Z/attribution/attribution-ddr-only/attempts/rom32k/soc/gateware/system_fit_candidate_2_compact_memory.v":2276)
Extracting RAM for identifier 'storage'("/home/user/git/fpga/sipeedtangprimer20k-riscv/build/system-fit/20261006T192254.096392Z/attribution/attribution-ddr-only/attempts/rom32k/soc/gateware/system_fit_candidate_2_compact_memory.v":2528)
Extracting RAM for identifier 'storage_1'("/home/user/git/fpga/sipeedtangprimer20k-riscv/build/system-fit/20261006T192254.096392Z/attribution/attribution-ddr-only/attempts/rom32k/soc/gateware/system_fit_candidate_2_compact_memory.v":2547)
Compiling module 'system_fit_candidate_2_compact_memory__uart__ev'("/home/user/git/fpga/sipeedtangprimer20k-riscv/build/system-fit/20261006T192254.096392Z/attribution/attribution-ddr-only/attempts/rom32k/soc/gateware/system_fit_candidate_2_compact_memory.v":1462)
Compiling module 'system_fit_candidate_2_compact_memory__uart__ev__eventsourcelevel_0'("/home/user/git/fpga/sipeedtangprimer20k-riscv/build/system-fit/20261006T192254.096392Z/attribution/attribution-ddr-only/attempts/rom32k/soc/gateware/system_fit_candidate_2_compact_memory.v":1382)
Compiling module 'system_fit_candidate_2_compact_memory__uart__ev__eventsourcelevel_1'("/home/user/git/fpga/sipeedtangprimer20k-riscv/build/system-fit/20261006T192254.096392Z/attribution/attribution-ddr-only/attempts/rom32k/soc/gateware/system_fit_candidate_2_compact_memory.v":1422)
Compiling module 'system_fit_candidate_2_compact_memory__uart__phy'("/home/user/git/fpga/sipeedtangprimer20k-riscv/build/system-fit/20261006T192254.096392Z/attribution/attribution-ddr-only/attempts/rom32k/soc/gateware/system_fit_candidate_2_compact_memory.v":2041)
Compiling module 'system_fit_candidate_2_compact_memory__uart__phy__tx'("/home/user/git/fpga/sipeedtangprimer20k-riscv/build/system-fit/20261006T192254.096392Z/attribution/attribution-ddr-only/attempts/rom32k/soc/gateware/system_fit_candidate_2_compact_memory.v":1704)
Compiling module 'system_fit_candidate_2_compact_memory__uart__phy__tx__clk_phase_accum'("/home/user/git/fpga/sipeedtangprimer20k-riscv/build/system-fit/20261006T192254.096392Z/attribution/attribution-ddr-only/attempts/rom32k/soc/gateware/system_fit_candidate_2_compact_memory.v":1542)
Compiling module 'system_fit_candidate_2_compact_memory__uart__phy__tx__fsm'("/home/user/git/fpga/sipeedtangprimer20k-riscv/build/system-fit/20261006T192254.096392Z/attribution/attribution-ddr-only/attempts/rom32k/soc/gateware/system_fit_candidate_2_compact_memory.v":1592)
Compiling module 'system_fit_candidate_2_compact_memory__uart__phy__rx'("/home/user/git/fpga/sipeedtangprimer20k-riscv/build/system-fit/20261006T192254.096392Z/attribution/attribution-ddr-only/attempts/rom32k/soc/gateware/system_fit_candidate_2_compact_memory.v":1944)
Compiling module 'system_fit_candidate_2_compact_memory__uart__phy__rx__clk_phase_accum'("/home/user/git/fpga/sipeedtangprimer20k-riscv/build/system-fit/20261006T192254.096392Z/attribution/attribution-ddr-only/attempts/rom32k/soc/gateware/system_fit_candidate_2_compact_memory.v":1786)
Compiling module 'system_fit_candidate_2_compact_memory__uart__phy__rx__fsm'("/home/user/git/fpga/sipeedtangprimer20k-riscv/build/system-fit/20261006T192254.096392Z/attribution/attribution-ddr-only/attempts/rom32k/soc/gateware/system_fit_candidate_2_compact_memory.v":1836)
Compiling module 'system_fit_candidate_2_compact_memory__timer0'("/home/user/git/fpga/sipeedtangprimer20k-riscv/build/system-fit/20261006T192254.096392Z/attribution/attribution-ddr-only/attempts/rom32k/soc/gateware/system_fit_candidate_2_compact_memory.v":2692)
Compiling module 'system_fit_candidate_2_compact_memory__timer0__ev'("/home/user/git/fpga/sipeedtangprimer20k-riscv/build/system-fit/20261006T192254.096392Z/attribution/attribution-ddr-only/attempts/rom32k/soc/gateware/system_fit_candidate_2_compact_memory.v":2624)
Compiling module 'system_fit_candidate_2_compact_memory__timer0__ev__eventsourceprocess_0'("/home/user/git/fpga/sipeedtangprimer20k-riscv/build/system-fit/20261006T192254.096392Z/attribution/attribution-ddr-only/attempts/rom32k/soc/gateware/system_fit_candidate_2_compact_memory.v":2567)
Compiling module 'system_fit_candidate_2_compact_memory__ddrphy'("/home/user/git/fpga/sipeedtangprimer20k-riscv/build/system-fit/20261006T192254.096392Z/attribution/attribution-ddr-only/attempts/rom32k/soc/gateware/system_fit_candidate_2_compact_memory.v":4267)
Compiling module 'system_fit_candidate_2_compact_memory__ddrphy__init'("/home/user/git/fpga/sipeedtangprimer20k-riscv/build/system-fit/20261006T192254.096392Z/attribution/attribution-ddr-only/attempts/rom32k/soc/gateware/system_fit_candidate_2_compact_memory.v":2792)
Compiling module 'system_fit_candidate_2_compact_memory__ddrphy__bitslip_0'("/home/user/git/fpga/sipeedtangprimer20k-riscv/build/system-fit/20261006T192254.096392Z/attribution/attribution-ddr-only/attempts/rom32k/soc/gateware/system_fit_candidate_2_compact_memory.v":2944)
Compiling module 'system_fit_candidate_2_compact_memory__ddrphy__bitslip_1'("/home/user/git/fpga/sipeedtangprimer20k-riscv/build/system-fit/20261006T192254.096392Z/attribution/attribution-ddr-only/attempts/rom32k/soc/gateware/system_fit_candidate_2_compact_memory.v":3018)
Compiling module 'system_fit_candidate_2_compact_memory__ddrphy__bitslip_2'("/home/user/git/fpga/sipeedtangprimer20k-riscv/build/system-fit/20261006T192254.096392Z/attribution/attribution-ddr-only/attempts/rom32k/soc/gateware/system_fit_candidate_2_compact_memory.v":3092)
Compiling module 'system_fit_candidate_2_compact_memory__ddrphy__bitslip_3'("/home/user/git/fpga/sipeedtangprimer20k-riscv/build/system-fit/20261006T192254.096392Z/attribution/attribution-ddr-only/attempts/rom32k/soc/gateware/system_fit_candidate_2_compact_memory.v":3166)
Compiling module 'system_fit_candidate_2_compact_memory__ddrphy__bitslip_4'("/home/user/git/fpga/sipeedtangprimer20k-riscv/build/system-fit/20261006T192254.096392Z/attribution/attribution-ddr-only/attempts/rom32k/soc/gateware/system_fit_candidate_2_compact_memory.v":3240)
Compiling module 'system_fit_candidate_2_compact_memory__ddrphy__bitslip_5'("/home/user/git/fpga/sipeedtangprimer20k-riscv/build/system-fit/20261006T192254.096392Z/attribution/attribution-ddr-only/attempts/rom32k/soc/gateware/system_fit_candidate_2_compact_memory.v":3314)
Compiling module 'system_fit_candidate_2_compact_memory__ddrphy__bitslip_6'("/home/user/git/fpga/sipeedtangprimer20k-riscv/build/system-fit/20261006T192254.096392Z/attribution/attribution-ddr-only/attempts/rom32k/soc/gateware/system_fit_candidate_2_compact_memory.v":3388)
Compiling module 'system_fit_candidate_2_compact_memory__ddrphy__bitslip_7'("/home/user/git/fpga/sipeedtangprimer20k-riscv/build/system-fit/20261006T192254.096392Z/attribution/attribution-ddr-only/attempts/rom32k/soc/gateware/system_fit_candidate_2_compact_memory.v":3462)
Compiling module 'system_fit_candidate_2_compact_memory__ddrphy__bitslip_8'("/home/user/git/fpga/sipeedtangprimer20k-riscv/build/system-fit/20261006T192254.096392Z/attribution/attribution-ddr-only/attempts/rom32k/soc/gateware/system_fit_candidate_2_compact_memory.v":3536)
Compiling module 'system_fit_candidate_2_compact_memory__ddrphy__bitslip_9'("/home/user/git/fpga/sipeedtangprimer20k-riscv/build/system-fit/20261006T192254.096392Z/attribution/attribution-ddr-only/attempts/rom32k/soc/gateware/system_fit_candidate_2_compact_memory.v":3610)
Compiling module 'system_fit_candidate_2_compact_memory__ddrphy__bitslip_10'("/home/user/git/fpga/sipeedtangprimer20k-riscv/build/system-fit/20261006T192254.096392Z/attribution/attribution-ddr-only/attempts/rom32k/soc/gateware/system_fit_candidate_2_compact_memory.v":3684)
Compiling module 'system_fit_candidate_2_compact_memory__ddrphy__bitslip_11'("/home/user/git/fpga/sipeedtangprimer20k-riscv/build/system-fit/20261006T192254.096392Z/attribution/attribution-ddr-only/attempts/rom32k/soc/gateware/system_fit_candidate_2_compact_memory.v":3758)
Compiling module 'system_fit_candidate_2_compact_memory__ddrphy__bitslip_12'("/home/user/git/fpga/sipeedtangprimer20k-riscv/build/system-fit/20261006T192254.096392Z/attribution/attribution-ddr-only/attempts/rom32k/soc/gateware/system_fit_candidate_2_compact_memory.v":3832)
Compiling module 'system_fit_candidate_2_compact_memory__ddrphy__bitslip_13'("/home/user/git/fpga/sipeedtangprimer20k-riscv/build/system-fit/20261006T192254.096392Z/attribution/attribution-ddr-only/attempts/rom32k/soc/gateware/system_fit_candidate_2_compact_memory.v":3906)
Compiling module 'system_fit_candidate_2_compact_memory__ddrphy__bitslip_14'("/home/user/git/fpga/sipeedtangprimer20k-riscv/build/system-fit/20261006T192254.096392Z/attribution/attribution-ddr-only/attempts/rom32k/soc/gateware/system_fit_candidate_2_compact_memory.v":3980)
Compiling module 'system_fit_candidate_2_compact_memory__ddrphy__bitslip_15'("/home/user/git/fpga/sipeedtangprimer20k-riscv/build/system-fit/20261006T192254.096392Z/attribution/attribution-ddr-only/attempts/rom32k/soc/gateware/system_fit_candidate_2_compact_memory.v":4054)
Compiling module 'system_fit_candidate_2_compact_memory__ddrphy__tappeddelayline_0'("/home/user/git/fpga/sipeedtangprimer20k-riscv/build/system-fit/20261006T192254.096392Z/attribution/attribution-ddr-only/attempts/rom32k/soc/gateware/system_fit_candidate_2_compact_memory.v":4128)
Compiling module 'system_fit_candidate_2_compact_memory__ddrphy__tappeddelayline_1'("/home/user/git/fpga/sipeedtangprimer20k-riscv/build/system-fit/20261006T192254.096392Z/attribution/attribution-ddr-only/attempts/rom32k/soc/gateware/system_fit_candidate_2_compact_memory.v":4205)
WARN  (EX3670) : Actual bit length 2 differs from formal bit length 3 for port 'RCLKSEL'("/home/user/git/fpga/sipeedtangprimer20k-riscv/build/system-fit/20261006T192254.096392Z/attribution/attribution-ddr-only/attempts/rom32k/soc/gateware/system_fit_candidate_2_compact_memory.v":6582)
WARN  (EX3670) : Actual bit length 2 differs from formal bit length 3 for port 'RCLKSEL'("/home/user/git/fpga/sipeedtangprimer20k-riscv/build/system-fit/20261006T192254.096392Z/attribution/attribution-ddr-only/attempts/rom32k/soc/gateware/system_fit_candidate_2_compact_memory.v":7172)
Compiling module 'system_fit_candidate_2_compact_memory__sdram'("/home/user/git/fpga/sipeedtangprimer20k-riscv/build/system-fit/20261006T192254.096392Z/attribution/attribution-ddr-only/attempts/rom32k/soc/gateware/system_fit_candidate_2_compact_memory.v":8498)
WARN  (EX3780) : Using initial value of 'systemfitsoc_sdram_bankmachine0_replace' since it is never assigned("/home/user/git/fpga/sipeedtangprimer20k-riscv/build/system-fit/20261006T192254.096392Z/attribution/attribution-ddr-only/attempts/rom32k/soc/gateware/system_fit_candidate_2_compact_memory.v":8694)
WARN  (EX3780) : Using initial value of 'systemfitsoc_sdram_bankmachine0_sink_first' since it is never assigned("/home/user/git/fpga/sipeedtangprimer20k-riscv/build/system-fit/20261006T192254.096392Z/attribution/attribution-ddr-only/attempts/rom32k/soc/gateware/system_fit_candidate_2_compact_memory.v":8708)
WARN  (EX3780) : Using initial value of 'systemfitsoc_sdram_bankmachine0_sink_last' since it is never assigned("/home/user/git/fpga/sipeedtangprimer20k-riscv/build/system-fit/20261006T192254.096392Z/attribution/attribution-ddr-only/attempts/rom32k/soc/gateware/system_fit_candidate_2_compact_memory.v":8709)
WARN  (EX3780) : Using initial value of 'systemfitsoc_sdram_bankmachine1_replace' since it is never assigned("/home/user/git/fpga/sipeedtangprimer20k-riscv/build/system-fit/20261006T192254.096392Z/attribution/attribution-ddr-only/attempts/rom32k/soc/gateware/system_fit_candidate_2_compact_memory.v":8789)
WARN  (EX3780) : Using initial value of 'systemfitsoc_sdram_bankmachine1_sink_first' since it is never assigned("/home/user/git/fpga/sipeedtangprimer20k-riscv/build/system-fit/20261006T192254.096392Z/attribution/attribution-ddr-only/attempts/rom32k/soc/gateware/system_fit_candidate_2_compact_memory.v":8803)
WARN  (EX3780) : Using initial value of 'systemfitsoc_sdram_bankmachine1_sink_last' since it is never assigned("/home/user/git/fpga/sipeedtangprimer20k-riscv/build/system-fit/20261006T192254.096392Z/attribution/attribution-ddr-only/attempts/rom32k/soc/gateware/system_fit_candidate_2_compact_memory.v":8804)
WARN  (EX3780) : Using initial value of 'systemfitsoc_sdram_bankmachine2_replace' since it is never assigned("/home/user/git/fpga/sipeedtangprimer20k-riscv/build/system-fit/20261006T192254.096392Z/attribution/attribution-ddr-only/attempts/rom32k/soc/gateware/system_fit_candidate_2_compact_memory.v":8884)
WARN  (EX3780) : Using initial value of 'systemfitsoc_sdram_bankmachine2_sink_first' since it is never assigned("/home/user/git/fpga/sipeedtangprimer20k-riscv/build/system-fit/20261006T192254.096392Z/attribution/attribution-ddr-only/attempts/rom32k/soc/gateware/system_fit_candidate_2_compact_memory.v":8898)
WARN  (EX3780) : Using initial value of 'systemfitsoc_sdram_bankmachine2_sink_last' since it is never assigned("/home/user/git/fpga/sipeedtangprimer20k-riscv/build/system-fit/20261006T192254.096392Z/attribution/attribution-ddr-only/attempts/rom32k/soc/gateware/system_fit_candidate_2_compact_memory.v":8899)
WARN  (EX3780) : Using initial value of 'systemfitsoc_sdram_bankmachine3_replace' since it is never assigned("/home/user/git/fpga/sipeedtangprimer20k-riscv/build/system-fit/20261006T192254.096392Z/attribution/attribution-ddr-only/attempts/rom32k/soc/gateware/system_fit_candidate_2_compact_memory.v":8979)
WARN  (EX3780) : Using initial value of 'systemfitsoc_sdram_bankmachine3_sink_first' since it is never assigned("/home/user/git/fpga/sipeedtangprimer20k-riscv/build/system-fit/20261006T192254.096392Z/attribution/attribution-ddr-only/attempts/rom32k/soc/gateware/system_fit_candidate_2_compact_memory.v":8993)
WARN  (EX3780) : Using initial value of 'systemfitsoc_sdram_bankmachine3_sink_last' since it is never assigned("/home/user/git/fpga/sipeedtangprimer20k-riscv/build/system-fit/20261006T192254.096392Z/attribution/attribution-ddr-only/attempts/rom32k/soc/gateware/system_fit_candidate_2_compact_memory.v":8994)
WARN  (EX3780) : Using initial value of 'systemfitsoc_sdram_bankmachine4_replace' since it is never assigned("/home/user/git/fpga/sipeedtangprimer20k-riscv/build/system-fit/20261006T192254.096392Z/attribution/attribution-ddr-only/attempts/rom32k/soc/gateware/system_fit_candidate_2_compact_memory.v":9074)
WARN  (EX3780) : Using initial value of 'systemfitsoc_sdram_bankmachine4_sink_first' since it is never assigned("/home/user/git/fpga/sipeedtangprimer20k-riscv/build/system-fit/20261006T192254.096392Z/attribution/attribution-ddr-only/attempts/rom32k/soc/gateware/system_fit_candidate_2_compact_memory.v":9088)
WARN  (EX3780) : Using initial value of 'systemfitsoc_sdram_bankmachine4_sink_last' since it is never assigned("/home/user/git/fpga/sipeedtangprimer20k-riscv/build/system-fit/20261006T192254.096392Z/attribution/attribution-ddr-only/attempts/rom32k/soc/gateware/system_fit_candidate_2_compact_memory.v":9089)
WARN  (EX3780) : Using initial value of 'systemfitsoc_sdram_bankmachine5_replace' since it is never assigned("/home/user/git/fpga/sipeedtangprimer20k-riscv/build/system-fit/20261006T192254.096392Z/attribution/attribution-ddr-only/attempts/rom32k/soc/gateware/system_fit_candidate_2_compact_memory.v":9169)
WARN  (EX3780) : Using initial value of 'systemfitsoc_sdram_bankmachine5_sink_first' since it is never assigned("/home/user/git/fpga/sipeedtangprimer20k-riscv/build/system-fit/20261006T192254.096392Z/attribution/attribution-ddr-only/attempts/rom32k/soc/gateware/system_fit_candidate_2_compact_memory.v":9183)
WARN  (EX3780) : Using initial value of 'systemfitsoc_sdram_bankmachine5_sink_last' since it is never assigned("/home/user/git/fpga/sipeedtangprimer20k-riscv/build/system-fit/20261006T192254.096392Z/attribution/attribution-ddr-only/attempts/rom32k/soc/gateware/system_fit_candidate_2_compact_memory.v":9184)
WARN  (EX3780) : Using initial value of 'systemfitsoc_sdram_bankmachine6_replace' since it is never assigned("/home/user/git/fpga/sipeedtangprimer20k-riscv/build/system-fit/20261006T192254.096392Z/attribution/attribution-ddr-only/attempts/rom32k/soc/gateware/system_fit_candidate_2_compact_memory.v":9264)
WARN  (EX3780) : Using initial value of 'systemfitsoc_sdram_bankmachine6_sink_first' since it is never assigned("/home/user/git/fpga/sipeedtangprimer20k-riscv/build/system-fit/20261006T192254.096392Z/attribution/attribution-ddr-only/attempts/rom32k/soc/gateware/system_fit_candidate_2_compact_memory.v":9278)
WARN  (EX3780) : Using initial value of 'systemfitsoc_sdram_bankmachine6_sink_last' since it is never assigned("/home/user/git/fpga/sipeedtangprimer20k-riscv/build/system-fit/20261006T192254.096392Z/attribution/attribution-ddr-only/attempts/rom32k/soc/gateware/system_fit_candidate_2_compact_memory.v":9279)
WARN  (EX3780) : Using initial value of 'systemfitsoc_sdram_bankmachine7_replace' since it is never assigned("/home/user/git/fpga/sipeedtangprimer20k-riscv/build/system-fit/20261006T192254.096392Z/attribution/attribution-ddr-only/attempts/rom32k/soc/gateware/system_fit_candidate_2_compact_memory.v":9359)
WARN  (EX3780) : Using initial value of 'systemfitsoc_sdram_bankmachine7_sink_first' since it is never assigned("/home/user/git/fpga/sipeedtangprimer20k-riscv/build/system-fit/20261006T192254.096392Z/attribution/attribution-ddr-only/attempts/rom32k/soc/gateware/system_fit_candidate_2_compact_memory.v":9373)
WARN  (EX3780) : Using initial value of 'systemfitsoc_sdram_bankmachine7_sink_last' since it is never assigned("/home/user/git/fpga/sipeedtangprimer20k-riscv/build/system-fit/20261006T192254.096392Z/attribution/attribution-ddr-only/attempts/rom32k/soc/gateware/system_fit_candidate_2_compact_memory.v":9374)
WARN  (EX3780) : Using initial value of 'systemfitsoc_sdram_choose_cmd_want_cmds' since it is never assigned("/home/user/git/fpga/sipeedtangprimer20k-riscv/build/system-fit/20261006T192254.096392Z/attribution/attribution-ddr-only/attempts/rom32k/soc/gateware/system_fit_candidate_2_compact_memory.v":9431)
WARN  (EX3780) : Using initial value of 'systemfitsoc_sdram_choose_cmd_want_reads' since it is never assigned("/home/user/git/fpga/sipeedtangprimer20k-riscv/build/system-fit/20261006T192254.096392Z/attribution/attribution-ddr-only/attempts/rom32k/soc/gateware/system_fit_candidate_2_compact_memory.v":9432)
WARN  (EX3780) : Using initial value of 'systemfitsoc_sdram_choose_cmd_want_writes' since it is never assigned("/home/user/git/fpga/sipeedtangprimer20k-riscv/build/system-fit/20261006T192254.096392Z/attribution/attribution-ddr-only/attempts/rom32k/soc/gateware/system_fit_candidate_2_compact_memory.v":9433)
WARN  (EX3780) : Using initial value of 'systemfitsoc_sdram_choose_req_want_activates' since it is never assigned("/home/user/git/fpga/sipeedtangprimer20k-riscv/build/system-fit/20261006T192254.096392Z/attribution/attribution-ddr-only/attempts/rom32k/soc/gateware/system_fit_candidate_2_compact_memory.v":9448)
WARN  (EX3780) : Using initial value of 'systemfitsoc_sdram_choose_req_want_cmds' since it is never assigned("/home/user/git/fpga/sipeedtangprimer20k-riscv/build/system-fit/20261006T192254.096392Z/attribution/attribution-ddr-only/attempts/rom32k/soc/gateware/system_fit_candidate_2_compact_memory.v":9449)
WARN  (EX3780) : Using initial value of 'systemfitsoc_sdram_cmd_payload_is_read' since it is never assigned("/home/user/git/fpga/sipeedtangprimer20k-riscv/build/system-fit/20261006T192254.096392Z/attribution/attribution-ddr-only/attempts/rom32k/soc/gateware/system_fit_candidate_2_compact_memory.v":9456)
WARN  (EX3780) : Using initial value of 'systemfitsoc_sdram_cmd_payload_is_write' since it is never assigned("/home/user/git/fpga/sipeedtangprimer20k-riscv/build/system-fit/20261006T192254.096392Z/attribution/attribution-ddr-only/attempts/rom32k/soc/gateware/system_fit_candidate_2_compact_memory.v":9457)
WARN  (EX3780) : Using initial value of 'systemfitsoc_sdram_csr_dfi_p0_act_n' since it is never assigned("/home/user/git/fpga/sipeedtangprimer20k-riscv/build/system-fit/20261006T192254.096392Z/attribution/attribution-ddr-only/attempts/rom32k/soc/gateware/system_fit_candidate_2_compact_memory.v":9462)
WARN  (EX3780) : Using initial value of 'systemfitsoc_sdram_csr_dfi_p1_act_n' since it is never assigned("/home/user/git/fpga/sipeedtangprimer20k-riscv/build/system-fit/20261006T192254.096392Z/attribution/attribution-ddr-only/attempts/rom32k/soc/gateware/system_fit_candidate_2_compact_memory.v":9478)
WARN  (EX3780) : Using initial value of 'systemfitsoc_sdram_dfi_p0_act_n' since it is never assigned("/home/user/git/fpga/sipeedtangprimer20k-riscv/build/system-fit/20261006T192254.096392Z/attribution/attribution-ddr-only/attempts/rom32k/soc/gateware/system_fit_candidate_2_compact_memory.v":9494)
WARN  (EX3780) : Using initial value of 'systemfitsoc_sdram_dfi_p1_act_n' since it is never assigned("/home/user/git/fpga/sipeedtangprimer20k-riscv/build/system-fit/20261006T192254.096392Z/attribution/attribution-ddr-only/attempts/rom32k/soc/gateware/system_fit_candidate_2_compact_memory.v":9510)
WARN  (EX3780) : Using initial value of 'systemfitsoc_sdram_ext_dfi_p0_act_n' since it is never assigned("/home/user/git/fpga/sipeedtangprimer20k-riscv/build/system-fit/20261006T192254.096392Z/attribution/attribution-ddr-only/attempts/rom32k/soc/gateware/system_fit_candidate_2_compact_memory.v":9528)
WARN  (EX3780) : Using initial value of 'systemfitsoc_sdram_ext_dfi_p0_address' since it is never assigned("/home/user/git/fpga/sipeedtangprimer20k-riscv/build/system-fit/20261006T192254.096392Z/attribution/attribution-ddr-only/attempts/rom32k/soc/gateware/system_fit_candidate_2_compact_memory.v":9529)
WARN  (EX3780) : Using initial value of 'systemfitsoc_sdram_ext_dfi_p0_bank' since it is never assigned("/home/user/git/fpga/sipeedtangprimer20k-riscv/build/system-fit/20261006T192254.096392Z/attribution/attribution-ddr-only/attempts/rom32k/soc/gateware/system_fit_candidate_2_compact_memory.v":9530)
WARN  (EX3780) : Using initial value of 'systemfitsoc_sdram_ext_dfi_p0_cas_n' since it is never assigned("/home/user/git/fpga/sipeedtangprimer20k-riscv/build/system-fit/20261006T192254.096392Z/attribution/attribution-ddr-only/attempts/rom32k/soc/gateware/system_fit_candidate_2_compact_memory.v":9531)
WARN  (EX3780) : Using initial value of 'systemfitsoc_sdram_ext_dfi_p0_cke' since it is never assigned("/home/user/git/fpga/sipeedtangprimer20k-riscv/build/system-fit/20261006T192254.096392Z/attribution/attribution-ddr-only/attempts/rom32k/soc/gateware/system_fit_candidate_2_compact_memory.v":9532)
WARN  (EX3780) : Using initial value of 'systemfitsoc_sdram_ext_dfi_p0_cs_n' since it is never assigned("/home/user/git/fpga/sipeedtangprimer20k-riscv/build/system-fit/20261006T192254.096392Z/attribution/attribution-ddr-only/attempts/rom32k/soc/gateware/system_fit_candidate_2_compact_memory.v":9533)
WARN  (EX3780) : Using initial value of 'systemfitsoc_sdram_ext_dfi_p0_odt' since it is never assigned("/home/user/git/fpga/sipeedtangprimer20k-riscv/build/system-fit/20261006T192254.096392Z/attribution/attribution-ddr-only/attempts/rom32k/soc/gateware/system_fit_candidate_2_compact_memory.v":9534)
WARN  (EX3780) : Using initial value of 'systemfitsoc_sdram_ext_dfi_p0_ras_n' since it is never assigned("/home/user/git/fpga/sipeedtangprimer20k-riscv/build/system-fit/20261006T192254.096392Z/attribution/attribution-ddr-only/attempts/rom32k/soc/gateware/system_fit_candidate_2_compact_memory.v":9535)
WARN  (EX3780) : Using initial value of 'systemfitsoc_sdram_ext_dfi_p0_rddata_en' since it is never assigned("/home/user/git/fpga/sipeedtangprimer20k-riscv/build/system-fit/20261006T192254.096392Z/attribution/attribution-ddr-only/attempts/rom32k/soc/gateware/system_fit_candidate_2_compact_memory.v":9537)
WARN  (EX3780) : Using initial value of 'systemfitsoc_sdram_ext_dfi_p0_reset_n' since it is never assigned("/home/user/git/fpga/sipeedtangprimer20k-riscv/build/system-fit/20261006T192254.096392Z/attribution/attribution-ddr-only/attempts/rom32k/soc/gateware/system_fit_candidate_2_compact_memory.v":9539)
WARN  (EX3780) : Using initial value of 'systemfitsoc_sdram_ext_dfi_p0_we_n' since it is never assigned("/home/user/git/fpga/sipeedtangprimer20k-riscv/build/system-fit/20261006T192254.096392Z/attribution/attribution-ddr-only/attempts/rom32k/soc/gateware/system_fit_candidate_2_compact_memory.v":9540)
WARN  (EX3780) : Using initial value of 'systemfitsoc_sdram_ext_dfi_p0_wrdata' since it is never assigned("/home/user/git/fpga/sipeedtangprimer20k-riscv/build/system-fit/20261006T192254.096392Z/attribution/attribution-ddr-only/attempts/rom32k/soc/gateware/system_fit_candidate_2_compact_memory.v":9541)
WARN  (EX3780) : Using initial value of 'systemfitsoc_sdram_ext_dfi_p0_wrdata_en' since it is never assigned("/home/user/git/fpga/sipeedtangprimer20k-riscv/build/system-fit/20261006T192254.096392Z/attribution/attribution-ddr-only/attempts/rom32k/soc/gateware/system_fit_candidate_2_compact_memory.v":9542)
WARN  (EX3780) : Using initial value of 'systemfitsoc_sdram_ext_dfi_p0_wrdata_mask' since it is never assigned("/home/user/git/fpga/sipeedtangprimer20k-riscv/build/system-fit/20261006T192254.096392Z/attribution/attribution-ddr-only/attempts/rom32k/soc/gateware/system_fit_candidate_2_compact_memory.v":9543)
WARN  (EX3780) : Using initial value of 'systemfitsoc_sdram_ext_dfi_p1_act_n' since it is never assigned("/home/user/git/fpga/sipeedtangprimer20k-riscv/build/system-fit/20261006T192254.096392Z/attribution/attribution-ddr-only/attempts/rom32k/soc/gateware/system_fit_candidate_2_compact_memory.v":9544)
WARN  (EX3780) : Using initial value of 'systemfitsoc_sdram_ext_dfi_p1_address' since it is never assigned("/home/user/git/fpga/sipeedtangprimer20k-riscv/build/system-fit/20261006T192254.096392Z/attribution/attribution-ddr-only/attempts/rom32k/soc/gateware/system_fit_candidate_2_compact_memory.v":9545)
WARN  (EX3780) : Using initial value of 'systemfitsoc_sdram_ext_dfi_p1_bank' since it is never assigned("/home/user/git/fpga/sipeedtangprimer20k-riscv/build/system-fit/20261006T192254.096392Z/attribution/attribution-ddr-only/attempts/rom32k/soc/gateware/system_fit_candidate_2_compact_memory.v":9546)
WARN  (EX3780) : Using initial value of 'systemfitsoc_sdram_ext_dfi_p1_cas_n' since it is never assigned("/home/user/git/fpga/sipeedtangprimer20k-riscv/build/system-fit/20261006T192254.096392Z/attribution/attribution-ddr-only/attempts/rom32k/soc/gateware/system_fit_candidate_2_compact_memory.v":9547)
WARN  (EX3780) : Using initial value of 'systemfitsoc_sdram_ext_dfi_p1_cke' since it is never assigned("/home/user/git/fpga/sipeedtangprimer20k-riscv/build/system-fit/20261006T192254.096392Z/attribution/attribution-ddr-only/attempts/rom32k/soc/gateware/system_fit_candidate_2_compact_memory.v":9548)
WARN  (EX3780) : Using initial value of 'systemfitsoc_sdram_ext_dfi_p1_cs_n' since it is never assigned("/home/user/git/fpga/sipeedtangprimer20k-riscv/build/system-fit/20261006T192254.096392Z/attribution/attribution-ddr-only/attempts/rom32k/soc/gateware/system_fit_candidate_2_compact_memory.v":9549)
WARN  (EX3780) : Using initial value of 'systemfitsoc_sdram_ext_dfi_p1_odt' since it is never assigned("/home/user/git/fpga/sipeedtangprimer20k-riscv/build/system-fit/20261006T192254.096392Z/attribution/attribution-ddr-only/attempts/rom32k/soc/gateware/system_fit_candidate_2_compact_memory.v":9550)
WARN  (EX3780) : Using initial value of 'systemfitsoc_sdram_ext_dfi_p1_ras_n' since it is never assigned("/home/user/git/fpga/sipeedtangprimer20k-riscv/build/system-fit/20261006T192254.096392Z/attribution/attribution-ddr-only/attempts/rom32k/soc/gateware/system_fit_candidate_2_compact_memory.v":9551)
WARN  (EX3780) : Using initial value of 'systemfitsoc_sdram_ext_dfi_p1_rddata_en' since it is never assigned("/home/user/git/fpga/sipeedtangprimer20k-riscv/build/system-fit/20261006T192254.096392Z/attribution/attribution-ddr-only/attempts/rom32k/soc/gateware/system_fit_candidate_2_compact_memory.v":9553)
WARN  (EX3780) : Using initial value of 'systemfitsoc_sdram_ext_dfi_p1_reset_n' since it is never assigned("/home/user/git/fpga/sipeedtangprimer20k-riscv/build/system-fit/20261006T192254.096392Z/attribution/attribution-ddr-only/attempts/rom32k/soc/gateware/system_fit_candidate_2_compact_memory.v":9555)
WARN  (EX3780) : Using initial value of 'systemfitsoc_sdram_ext_dfi_p1_we_n' since it is never assigned("/home/user/git/fpga/sipeedtangprimer20k-riscv/build/system-fit/20261006T192254.096392Z/attribution/attribution-ddr-only/attempts/rom32k/soc/gateware/system_fit_candidate_2_compact_memory.v":9556)
WARN  (EX3780) : Using initial value of 'systemfitsoc_sdram_ext_dfi_p1_wrdata' since it is never assigned("/home/user/git/fpga/sipeedtangprimer20k-riscv/build/system-fit/20261006T192254.096392Z/attribution/attribution-ddr-only/attempts/rom32k/soc/gateware/system_fit_candidate_2_compact_memory.v":9557)
WARN  (EX3780) : Using initial value of 'systemfitsoc_sdram_ext_dfi_p1_wrdata_en' since it is never assigned("/home/user/git/fpga/sipeedtangprimer20k-riscv/build/system-fit/20261006T192254.096392Z/attribution/attribution-ddr-only/attempts/rom32k/soc/gateware/system_fit_candidate_2_compact_memory.v":9558)
WARN  (EX3780) : Using initial value of 'systemfitsoc_sdram_ext_dfi_p1_wrdata_mask' since it is never assigned("/home/user/git/fpga/sipeedtangprimer20k-riscv/build/system-fit/20261006T192254.096392Z/attribution/attribution-ddr-only/attempts/rom32k/soc/gateware/system_fit_candidate_2_compact_memory.v":9559)
WARN  (EX3780) : Using initial value of 'systemfitsoc_sdram_ext_dfi_sel' since it is never assigned("/home/user/git/fpga/sipeedtangprimer20k-riscv/build/system-fit/20261006T192254.096392Z/attribution/attribution-ddr-only/attempts/rom32k/soc/gateware/system_fit_candidate_2_compact_memory.v":9560)
WARN  (EX3780) : Using initial value of 'systemfitsoc_sdram_nop_a' since it is never assigned("/home/user/git/fpga/sipeedtangprimer20k-riscv/build/system-fit/20261006T192254.096392Z/attribution/attribution-ddr-only/attempts/rom32k/soc/gateware/system_fit_candidate_2_compact_memory.v":9655)
WARN  (EX3780) : Using initial value of 'systemfitsoc_sdram_nop_ba' since it is never assigned("/home/user/git/fpga/sipeedtangprimer20k-riscv/build/system-fit/20261006T192254.096392Z/attribution/attribution-ddr-only/attempts/rom32k/soc/gateware/system_fit_candidate_2_compact_memory.v":9656)
WARN  (EX3780) : Using initial value of 'systemfitsoc_sdram_steerer2' since it is never assigned("/home/user/git/fpga/sipeedtangprimer20k-riscv/build/system-fit/20261006T192254.096392Z/attribution/attribution-ddr-only/attempts/rom32k/soc/gateware/system_fit_candidate_2_compact_memory.v":9702)
WARN  (EX3780) : Using initial value of 'systemfitsoc_sdram_steerer3' since it is never assigned("/home/user/git/fpga/sipeedtangprimer20k-riscv/build/system-fit/20261006T192254.096392Z/attribution/attribution-ddr-only/attempts/rom32k/soc/gateware/system_fit_candidate_2_compact_memory.v":9703)
WARN  (EX3780) : Using initial value of 'systemfitsoc_sdram_steerer4' since it is never assigned("/home/user/git/fpga/sipeedtangprimer20k-riscv/build/system-fit/20261006T192254.096392Z/attribution/attribution-ddr-only/attempts/rom32k/soc/gateware/system_fit_candidate_2_compact_memory.v":9704)
WARN  (EX3780) : Using initial value of 'systemfitsoc_sdram_steerer5' since it is never assigned("/home/user/git/fpga/sipeedtangprimer20k-riscv/build/system-fit/20261006T192254.096392Z/attribution/attribution-ddr-only/attempts/rom32k/soc/gateware/system_fit_candidate_2_compact_memory.v":9705)
Extracting RAM for identifier 'storage_2'("/home/user/git/fpga/sipeedtangprimer20k-riscv/build/system-fit/20261006T192254.096392Z/attribution/attribution-ddr-only/attempts/rom32k/soc/gateware/system_fit_candidate_2_compact_memory.v":14086)
Extracting RAM for identifier 'storage_3'("/home/user/git/fpga/sipeedtangprimer20k-riscv/build/system-fit/20261006T192254.096392Z/attribution/attribution-ddr-only/attempts/rom32k/soc/gateware/system_fit_candidate_2_compact_memory.v":14101)
Extracting RAM for identifier 'storage_4'("/home/user/git/fpga/sipeedtangprimer20k-riscv/build/system-fit/20261006T192254.096392Z/attribution/attribution-ddr-only/attempts/rom32k/soc/gateware/system_fit_candidate_2_compact_memory.v":14116)
Extracting RAM for identifier 'storage_5'("/home/user/git/fpga/sipeedtangprimer20k-riscv/build/system-fit/20261006T192254.096392Z/attribution/attribution-ddr-only/attempts/rom32k/soc/gateware/system_fit_candidate_2_compact_memory.v":14131)
Extracting RAM for identifier 'storage_6'("/home/user/git/fpga/sipeedtangprimer20k-riscv/build/system-fit/20261006T192254.096392Z/attribution/attribution-ddr-only/attempts/rom32k/soc/gateware/system_fit_candidate_2_compact_memory.v":14146)
Extracting RAM for identifier 'storage_7'("/home/user/git/fpga/sipeedtangprimer20k-riscv/build/system-fit/20261006T192254.096392Z/attribution/attribution-ddr-only/attempts/rom32k/soc/gateware/system_fit_candidate_2_compact_memory.v":14161)
Extracting RAM for identifier 'storage_8'("/home/user/git/fpga/sipeedtangprimer20k-riscv/build/system-fit/20261006T192254.096392Z/attribution/attribution-ddr-only/attempts/rom32k/soc/gateware/system_fit_candidate_2_compact_memory.v":14176)
Extracting RAM for identifier 'storage_9'("/home/user/git/fpga/sipeedtangprimer20k-riscv/build/system-fit/20261006T192254.096392Z/attribution/attribution-ddr-only/attempts/rom32k/soc/gateware/system_fit_candidate_2_compact_memory.v":14191)
Compiling module 'system_fit_candidate_2_compact_memory__sdram__crossbar'("/home/user/git/fpga/sipeedtangprimer20k-riscv/build/system-fit/20261006T192254.096392Z/attribution/attribution-ddr-only/attempts/rom32k/soc/gateware/system_fit_candidate_2_compact_memory.v":8014)
WARN  (EX3780) : Using initial value of 'locked0' since it is never assigned("/home/user/git/fpga/sipeedtangprimer20k-riscv/build/system-fit/20261006T192254.096392Z/attribution/attribution-ddr-only/attempts/rom32k/soc/gateware/system_fit_candidate_2_compact_memory.v":8116)
WARN  (EX3780) : Using initial value of 'locked1' since it is never assigned("/home/user/git/fpga/sipeedtangprimer20k-riscv/build/system-fit/20261006T192254.096392Z/attribution/attribution-ddr-only/attempts/rom32k/soc/gateware/system_fit_candidate_2_compact_memory.v":8117)
WARN  (EX3780) : Using initial value of 'locked2' since it is never assigned("/home/user/git/fpga/sipeedtangprimer20k-riscv/build/system-fit/20261006T192254.096392Z/attribution/attribution-ddr-only/attempts/rom32k/soc/gateware/system_fit_candidate_2_compact_memory.v":8118)
WARN  (EX3780) : Using initial value of 'locked3' since it is never assigned("/home/user/git/fpga/sipeedtangprimer20k-riscv/build/system-fit/20261006T192254.096392Z/attribution/attribution-ddr-only/attempts/rom32k/soc/gateware/system_fit_candidate_2_compact_memory.v":8119)
WARN  (EX3780) : Using initial value of 'locked4' since it is never assigned("/home/user/git/fpga/sipeedtangprimer20k-riscv/build/system-fit/20261006T192254.096392Z/attribution/attribution-ddr-only/attempts/rom32k/soc/gateware/system_fit_candidate_2_compact_memory.v":8120)
WARN  (EX3780) : Using initial value of 'locked5' since it is never assigned("/home/user/git/fpga/sipeedtangprimer20k-riscv/build/system-fit/20261006T192254.096392Z/attribution/attribution-ddr-only/attempts/rom32k/soc/gateware/system_fit_candidate_2_compact_memory.v":8121)
WARN  (EX3780) : Using initial value of 'locked6' since it is never assigned("/home/user/git/fpga/sipeedtangprimer20k-riscv/build/system-fit/20261006T192254.096392Z/attribution/attribution-ddr-only/attempts/rom32k/soc/gateware/system_fit_candidate_2_compact_memory.v":8122)
WARN  (EX3780) : Using initial value of 'locked7' since it is never assigned("/home/user/git/fpga/sipeedtangprimer20k-riscv/build/system-fit/20261006T192254.096392Z/attribution/attribution-ddr-only/attempts/rom32k/soc/gateware/system_fit_candidate_2_compact_memory.v":8123)
Compiling module 'system_fit_candidate_2_compact_memory__sdram__crossbar__roundrobin_1'("/home/user/git/fpga/sipeedtangprimer20k-riscv/build/system-fit/20261006T192254.096392Z/attribution/attribution-ddr-only/attempts/rom32k/soc/gateware/system_fit_candidate_2_compact_memory.v":7755)
Compiling module 'system_fit_candidate_2_compact_memory__sdram__crossbar__roundrobin_2'("/home/user/git/fpga/sipeedtangprimer20k-riscv/build/system-fit/20261006T192254.096392Z/attribution/attribution-ddr-only/attempts/rom32k/soc/gateware/system_fit_candidate_2_compact_memory.v":7792)
Compiling module 'system_fit_candidate_2_compact_memory__sdram__crossbar__roundrobin_3'("/home/user/git/fpga/sipeedtangprimer20k-riscv/build/system-fit/20261006T192254.096392Z/attribution/attribution-ddr-only/attempts/rom32k/soc/gateware/system_fit_candidate_2_compact_memory.v":7829)
Compiling module 'system_fit_candidate_2_compact_memory__sdram__crossbar__roundrobin_4'("/home/user/git/fpga/sipeedtangprimer20k-riscv/build/system-fit/20261006T192254.096392Z/attribution/attribution-ddr-only/attempts/rom32k/soc/gateware/system_fit_candidate_2_compact_memory.v":7866)
Compiling module 'system_fit_candidate_2_compact_memory__sdram__crossbar__roundrobin_5'("/home/user/git/fpga/sipeedtangprimer20k-riscv/build/system-fit/20261006T192254.096392Z/attribution/attribution-ddr-only/attempts/rom32k/soc/gateware/system_fit_candidate_2_compact_memory.v":7903)
Compiling module 'system_fit_candidate_2_compact_memory__sdram__crossbar__roundrobin_6'("/home/user/git/fpga/sipeedtangprimer20k-riscv/build/system-fit/20261006T192254.096392Z/attribution/attribution-ddr-only/attempts/rom32k/soc/gateware/system_fit_candidate_2_compact_memory.v":7940)
Compiling module 'system_fit_candidate_2_compact_memory__sdram__crossbar__roundrobin_7'("/home/user/git/fpga/sipeedtangprimer20k-riscv/build/system-fit/20261006T192254.096392Z/attribution/attribution-ddr-only/attempts/rom32k/soc/gateware/system_fit_candidate_2_compact_memory.v":7977)
WARN  (EX3791) : Expression size 2 truncated to fit in target size 1("/home/user/git/fpga/sipeedtangprimer20k-riscv/build/system-fit/20261006T192254.096392Z/attribution/attribution-ddr-only/attempts/rom32k/soc/gateware/system_fit_candidate_2_compact_memory.v":10069)
WARN  (EX3791) : Expression size 2 truncated to fit in target size 1("/home/user/git/fpga/sipeedtangprimer20k-riscv/build/system-fit/20261006T192254.096392Z/attribution/attribution-ddr-only/attempts/rom32k/soc/gateware/system_fit_candidate_2_compact_memory.v":10100)
WARN  (EX3791) : Expression size 4 truncated to fit in target size 3("/home/user/git/fpga/sipeedtangprimer20k-riscv/build/system-fit/20261006T192254.096392Z/attribution/attribution-ddr-only/attempts/rom32k/soc/gateware/system_fit_candidate_2_compact_memory.v":13888)
Compiling module 'system_fit_candidate_2_compact_memory__l2_cache'("/home/user/git/fpga/sipeedtangprimer20k-riscv/build/system-fit/20261006T192254.096392Z/attribution/attribution-ddr-only/attempts/rom32k/soc/gateware/system_fit_candidate_2_compact_memory.v":14335)
Extracting RAM for identifier 'tag_mem'("/home/user/git/fpga/sipeedtangprimer20k-riscv/build/system-fit/20261006T192254.096392Z/attribution/attribution-ddr-only/attempts/rom32k/soc/gateware/system_fit_candidate_2_compact_memory.v":14467)
Extracting RAM for identifier 'data_mem_grain0'("/home/user/git/fpga/sipeedtangprimer20k-riscv/build/system-fit/20261006T192254.096392Z/attribution/attribution-ddr-only/attempts/rom32k/soc/gateware/system_fit_candidate_2_compact_memory.v":14484)
Extracting RAM for identifier 'data_mem_grain1'("/home/user/git/fpga/sipeedtangprimer20k-riscv/build/system-fit/20261006T192254.096392Z/attribution/attribution-ddr-only/attempts/rom32k/soc/gateware/system_fit_candidate_2_compact_memory.v":14501)
Extracting RAM for identifier 'data_mem_grain2'("/home/user/git/fpga/sipeedtangprimer20k-riscv/build/system-fit/20261006T192254.096392Z/attribution/attribution-ddr-only/attempts/rom32k/soc/gateware/system_fit_candidate_2_compact_memory.v":14518)
Extracting RAM for identifier 'data_mem_grain3'("/home/user/git/fpga/sipeedtangprimer20k-riscv/build/system-fit/20261006T192254.096392Z/attribution/attribution-ddr-only/attempts/rom32k/soc/gateware/system_fit_candidate_2_compact_memory.v":14535)
Extracting RAM for identifier 'data_mem_grain4'("/home/user/git/fpga/sipeedtangprimer20k-riscv/build/system-fit/20261006T192254.096392Z/attribution/attribution-ddr-only/attempts/rom32k/soc/gateware/system_fit_candidate_2_compact_memory.v":14552)
Extracting RAM for identifier 'data_mem_grain5'("/home/user/git/fpga/sipeedtangprimer20k-riscv/build/system-fit/20261006T192254.096392Z/attribution/attribution-ddr-only/attempts/rom32k/soc/gateware/system_fit_candidate_2_compact_memory.v":14569)
Extracting RAM for identifier 'data_mem_grain6'("/home/user/git/fpga/sipeedtangprimer20k-riscv/build/system-fit/20261006T192254.096392Z/attribution/attribution-ddr-only/attempts/rom32k/soc/gateware/system_fit_candidate_2_compact_memory.v":14586)
Extracting RAM for identifier 'data_mem_grain7'("/home/user/git/fpga/sipeedtangprimer20k-riscv/build/system-fit/20261006T192254.096392Z/attribution/attribution-ddr-only/attempts/rom32k/soc/gateware/system_fit_candidate_2_compact_memory.v":14603)
Extracting RAM for identifier 'data_mem_grain8'("/home/user/git/fpga/sipeedtangprimer20k-riscv/build/system-fit/20261006T192254.096392Z/attribution/attribution-ddr-only/attempts/rom32k/soc/gateware/system_fit_candidate_2_compact_memory.v":14620)
Extracting RAM for identifier 'data_mem_grain9'("/home/user/git/fpga/sipeedtangprimer20k-riscv/build/system-fit/20261006T192254.096392Z/attribution/attribution-ddr-only/attempts/rom32k/soc/gateware/system_fit_candidate_2_compact_memory.v":14637)
Extracting RAM for identifier 'data_mem_grain10'("/home/user/git/fpga/sipeedtangprimer20k-riscv/build/system-fit/20261006T192254.096392Z/attribution/attribution-ddr-only/attempts/rom32k/soc/gateware/system_fit_candidate_2_compact_memory.v":14654)
Extracting RAM for identifier 'data_mem_grain11'("/home/user/git/fpga/sipeedtangprimer20k-riscv/build/system-fit/20261006T192254.096392Z/attribution/attribution-ddr-only/attempts/rom32k/soc/gateware/system_fit_candidate_2_compact_memory.v":14671)
Extracting RAM for identifier 'data_mem_grain12'("/home/user/git/fpga/sipeedtangprimer20k-riscv/build/system-fit/20261006T192254.096392Z/attribution/attribution-ddr-only/attempts/rom32k/soc/gateware/system_fit_candidate_2_compact_memory.v":14688)
Extracting RAM for identifier 'data_mem_grain13'("/home/user/git/fpga/sipeedtangprimer20k-riscv/build/system-fit/20261006T192254.096392Z/attribution/attribution-ddr-only/attempts/rom32k/soc/gateware/system_fit_candidate_2_compact_memory.v":14705)
Extracting RAM for identifier 'data_mem_grain14'("/home/user/git/fpga/sipeedtangprimer20k-riscv/build/system-fit/20261006T192254.096392Z/attribution/attribution-ddr-only/attempts/rom32k/soc/gateware/system_fit_candidate_2_compact_memory.v":14722)
Extracting RAM for identifier 'data_mem_grain15'("/home/user/git/fpga/sipeedtangprimer20k-riscv/build/system-fit/20261006T192254.096392Z/attribution/attribution-ddr-only/attempts/rom32k/soc/gateware/system_fit_candidate_2_compact_memory.v":14739)
Compiling module 'system_fit_candidate_2_compact_memory__l2_cache__fsm'("/home/user/git/fpga/sipeedtangprimer20k-riscv/build/system-fit/20261006T192254.096392Z/attribution/attribution-ddr-only/attempts/rom32k/soc/gateware/system_fit_candidate_2_compact_memory.v":14207)
WARN  (EX3791) : Expression size 30 truncated to fit in target size 28("/home/user/git/fpga/sipeedtangprimer20k-riscv/build/system-fit/20261006T192254.096392Z/attribution/attribution-ddr-only/attempts/rom32k/soc/gateware/system_fit_candidate_2_compact_memory.v":14445)
Compiling module 'system_fit_candidate_2_compact_memory__wishbone_bridge'("/home/user/git/fpga/sipeedtangprimer20k-riscv/build/system-fit/20261006T192254.096392Z/attribution/attribution-ddr-only/attempts/rom32k/soc/gateware/system_fit_candidate_2_compact_memory.v":14918)
Compiling module 'system_fit_candidate_2_compact_memory__wishbone_bridge__fsm'("/home/user/git/fpga/sipeedtangprimer20k-riscv/build/system-fit/20261006T192254.096392Z/attribution/attribution-ddr-only/attempts/rom32k/soc/gateware/system_fit_candidate_2_compact_memory.v":14758)
WARN  (EX3791) : Expression size 28 truncated to fit in target size 23("/home/user/git/fpga/sipeedtangprimer20k-riscv/build/system-fit/20261006T192254.096392Z/attribution/attribution-ddr-only/attempts/rom32k/soc/gateware/system_fit_candidate_2_compact_memory.v":14979)
Compiling module 'system_fit_candidate_2_compact_memory__leds'("/home/user/git/fpga/sipeedtangprimer20k-riscv/build/system-fit/20261006T192254.096392Z/attribution/attribution-ddr-only/attempts/rom32k/soc/gateware/system_fit_candidate_2_compact_memory.v":15012)
Compiling module 'system_fit_candidate_2_compact_memory__buttons'("/home/user/git/fpga/sipeedtangprimer20k-riscv/build/system-fit/20261006T192254.096392Z/attribution/attribution-ddr-only/attempts/rom32k/soc/gateware/system_fit_candidate_2_compact_memory.v":15050)
Compiling module 'system_fit_candidate_2_compact_memory__csr_bridge'("/home/user/git/fpga/sipeedtangprimer20k-riscv/build/system-fit/20261006T192254.096392Z/attribution/attribution-ddr-only/attempts/rom32k/soc/gateware/system_fit_candidate_2_compact_memory.v":15247)
Compiling module 'system_fit_candidate_2_compact_memory__csr_bridge__fsm'("/home/user/git/fpga/sipeedtangprimer20k-riscv/build/system-fit/20261006T192254.096392Z/attribution/attribution-ddr-only/attempts/rom32k/soc/gateware/system_fit_candidate_2_compact_memory.v":15097)
WARN  (EX3791) : Expression size 30 truncated to fit in target size 14("/home/user/git/fpga/sipeedtangprimer20k-riscv/build/system-fit/20261006T192254.096392Z/attribution/attribution-ddr-only/attempts/rom32k/soc/gateware/system_fit_candidate_2_compact_memory.v":15186)
Compiling module 'system_fit_candidate_2_compact_memory__csr_bankarray'("/home/user/git/fpga/sipeedtangprimer20k-riscv/build/system-fit/20261006T192254.096392Z/attribution/attribution-ddr-only/attempts/rom32k/soc/gateware/system_fit_candidate_2_compact_memory.v":19071)
Compiling module 'system_fit_candidate_2_compact_memory__csr_bankarray__csrbank_0'("/home/user/git/fpga/sipeedtangprimer20k-riscv/build/system-fit/20261006T192254.096392Z/attribution/attribution-ddr-only/attempts/rom32k/soc/gateware/system_fit_candidate_2_compact_memory.v":15380)
Compiling module 'system_fit_candidate_2_compact_memory__csr_bankarray__csrbank_0__csrstatus_0'("/home/user/git/fpga/sipeedtangprimer20k-riscv/build/system-fit/20261006T192254.096392Z/attribution/attribution-ddr-only/attempts/rom32k/soc/gateware/system_fit_candidate_2_compact_memory.v":15328)
Compiling module 'system_fit_candidate_2_compact_memory__csr_bankarray__csrbank_1'("/home/user/git/fpga/sipeedtangprimer20k-riscv/build/system-fit/20261006T192254.096392Z/attribution/attribution-ddr-only/attempts/rom32k/soc/gateware/system_fit_candidate_2_compact_memory.v":15633)
Compiling module 'system_fit_candidate_2_compact_memory__csr_bankarray__csrbank_1__csrstorage_0'("/home/user/git/fpga/sipeedtangprimer20k-riscv/build/system-fit/20261006T192254.096392Z/attribution/attribution-ddr-only/attempts/rom32k/soc/gateware/system_fit_candidate_2_compact_memory.v":15464)
Compiling module 'system_fit_candidate_2_compact_memory__csr_bankarray__csrbank_1__csrstorage_1'("/home/user/git/fpga/sipeedtangprimer20k-riscv/build/system-fit/20261006T192254.096392Z/attribution/attribution-ddr-only/attempts/rom32k/soc/gateware/system_fit_candidate_2_compact_memory.v":15527)
Compiling module 'system_fit_candidate_2_compact_memory__csr_bankarray__csrbank_1__csrstatus_0'("/home/user/git/fpga/sipeedtangprimer20k-riscv/build/system-fit/20261006T192254.096392Z/attribution/attribution-ddr-only/attempts/rom32k/soc/gateware/system_fit_candidate_2_compact_memory.v":15581)
Compiling module 'system_fit_candidate_2_compact_memory__csr_bankarray__csrbank_2'("/home/user/git/fpga/sipeedtangprimer20k-riscv/build/system-fit/20261006T192254.096392Z/attribution/attribution-ddr-only/attempts/rom32k/soc/gateware/system_fit_candidate_2_compact_memory.v":15935)
Compiling module 'system_fit_candidate_2_compact_memory__csr_bankarray__csrbank_2__csrstorage_0'("/home/user/git/fpga/sipeedtangprimer20k-riscv/build/system-fit/20261006T192254.096392Z/attribution/attribution-ddr-only/attempts/rom32k/soc/gateware/system_fit_candidate_2_compact_memory.v":15775)
Compiling module 'system_fit_candidate_2_compact_memory__csr_bankarray__csrbank_2__csrstorage_1'("/home/user/git/fpga/sipeedtangprimer20k-riscv/build/system-fit/20261006T192254.096392Z/attribution/attribution-ddr-only/attempts/rom32k/soc/gateware/system_fit_candidate_2_compact_memory.v":15829)
Compiling module 'system_fit_candidate_2_compact_memory__csr_bankarray__csrbank_2__csrstatus_0'("/home/user/git/fpga/sipeedtangprimer20k-riscv/build/system-fit/20261006T192254.096392Z/attribution/attribution-ddr-only/attempts/rom32k/soc/gateware/system_fit_candidate_2_compact_memory.v":15883)
Compiling module 'system_fit_candidate_2_compact_memory__csr_bankarray__sram_0'("/home/user/git/fpga/sipeedtangprimer20k-riscv/build/system-fit/20261006T192254.096392Z/attribution/attribution-ddr-only/attempts/rom32k/soc/gateware/system_fit_candidate_2_compact_memory.v":16153)
Compiling module 'system_fit_candidate_2_compact_memory__csr_bankarray__csrbank_3'("/home/user/git/fpga/sipeedtangprimer20k-riscv/build/system-fit/20261006T192254.096392Z/attribution/attribution-ddr-only/attempts/rom32k/soc/gateware/system_fit_candidate_2_compact_memory.v":16265)
Compiling module 'system_fit_candidate_2_compact_memory__csr_bankarray__csrbank_3__csrstorage_0'("/home/user/git/fpga/sipeedtangprimer20k-riscv/build/system-fit/20261006T192254.096392Z/attribution/attribution-ddr-only/attempts/rom32k/soc/gateware/system_fit_candidate_2_compact_memory.v":16211)
Compiling module 'system_fit_candidate_2_compact_memory__csr_bankarray__csrbank_4'("/home/user/git/fpga/sipeedtangprimer20k-riscv/build/system-fit/20261006T192254.096392Z/attribution/attribution-ddr-only/attempts/rom32k/soc/gateware/system_fit_candidate_2_compact_memory.v":16989)
Compiling module 'system_fit_candidate_2_compact_memory__csr_bankarray__csrbank_4__csrstorage_0'("/home/user/git/fpga/sipeedtangprimer20k-riscv/build/system-fit/20261006T192254.096392Z/attribution/attribution-ddr-only/attempts/rom32k/soc/gateware/system_fit_candidate_2_compact_memory.v":16347)
Compiling module 'system_fit_candidate_2_compact_memory__csr_bankarray__csrbank_4__csrstorage_1'("/home/user/git/fpga/sipeedtangprimer20k-riscv/build/system-fit/20261006T192254.096392Z/attribution/attribution-ddr-only/attempts/rom32k/soc/gateware/system_fit_candidate_2_compact_memory.v":16409)
Compiling module 'system_fit_candidate_2_compact_memory__csr_bankarray__csrbank_4__csrstorage_2'("/home/user/git/fpga/sipeedtangprimer20k-riscv/build/system-fit/20261006T192254.096392Z/attribution/attribution-ddr-only/attempts/rom32k/soc/gateware/system_fit_candidate_2_compact_memory.v":16479)
Compiling module 'system_fit_candidate_2_compact_memory__csr_bankarray__csrbank_4__csrstorage_3'("/home/user/git/fpga/sipeedtangprimer20k-riscv/build/system-fit/20261006T192254.096392Z/attribution/attribution-ddr-only/attempts/rom32k/soc/gateware/system_fit_candidate_2_compact_memory.v":16532)
Compiling module 'system_fit_candidate_2_compact_memory__csr_bankarray__csrbank_4__csrstorage_4'("/home/user/git/fpga/sipeedtangprimer20k-riscv/build/system-fit/20261006T192254.096392Z/attribution/attribution-ddr-only/attempts/rom32k/soc/gateware/system_fit_candidate_2_compact_memory.v":16585)
Compiling module 'system_fit_candidate_2_compact_memory__csr_bankarray__csrbank_4__csrstatus_0'("/home/user/git/fpga/sipeedtangprimer20k-riscv/build/system-fit/20261006T192254.096392Z/attribution/attribution-ddr-only/attempts/rom32k/soc/gateware/system_fit_candidate_2_compact_memory.v":16645)
Compiling module 'system_fit_candidate_2_compact_memory__csr_bankarray__csrbank_4__csrstorage_5'("/home/user/git/fpga/sipeedtangprimer20k-riscv/build/system-fit/20261006T192254.096392Z/attribution/attribution-ddr-only/attempts/rom32k/soc/gateware/system_fit_candidate_2_compact_memory.v":16699)
Compiling module 'system_fit_candidate_2_compact_memory__csr_bankarray__csrbank_4__csrstorage_6'("/home/user/git/fpga/sipeedtangprimer20k-riscv/build/system-fit/20261006T192254.096392Z/attribution/attribution-ddr-only/attempts/rom32k/soc/gateware/system_fit_candidate_2_compact_memory.v":16769)
Compiling module 'system_fit_candidate_2_compact_memory__csr_bankarray__csrbank_4__csrstorage_7'("/home/user/git/fpga/sipeedtangprimer20k-riscv/build/system-fit/20261006T192254.096392Z/attribution/attribution-ddr-only/attempts/rom32k/soc/gateware/system_fit_candidate_2_compact_memory.v":16822)
Compiling module 'system_fit_candidate_2_compact_memory__csr_bankarray__csrbank_4__csrstorage_8'("/home/user/git/fpga/sipeedtangprimer20k-riscv/build/system-fit/20261006T192254.096392Z/attribution/attribution-ddr-only/attempts/rom32k/soc/gateware/system_fit_candidate_2_compact_memory.v":16875)
Compiling module 'system_fit_candidate_2_compact_memory__csr_bankarray__csrbank_4__csrstatus_1'("/home/user/git/fpga/sipeedtangprimer20k-riscv/build/system-fit/20261006T192254.096392Z/attribution/attribution-ddr-only/attempts/rom32k/soc/gateware/system_fit_candidate_2_compact_memory.v":16935)
Compiling module 'system_fit_candidate_2_compact_memory__csr_bankarray__csrbank_5'("/home/user/git/fpga/sipeedtangprimer20k-riscv/build/system-fit/20261006T192254.096392Z/attribution/attribution-ddr-only/attempts/rom32k/soc/gateware/system_fit_candidate_2_compact_memory.v":18035)
Compiling module 'system_fit_candidate_2_compact_memory__csr_bankarray__csrbank_5__csrstorage_0'("/home/user/git/fpga/sipeedtangprimer20k-riscv/build/system-fit/20261006T192254.096392Z/attribution/attribution-ddr-only/attempts/rom32k/soc/gateware/system_fit_candidate_2_compact_memory.v":17489)
Compiling module 'system_fit_candidate_2_compact_memory__csr_bankarray__csrbank_5__csrstorage_1'("/home/user/git/fpga/sipeedtangprimer20k-riscv/build/system-fit/20261006T192254.096392Z/attribution/attribution-ddr-only/attempts/rom32k/soc/gateware/system_fit_candidate_2_compact_memory.v":17543)
Compiling module 'system_fit_candidate_2_compact_memory__csr_bankarray__csrbank_5__csrstorage_2'("/home/user/git/fpga/sipeedtangprimer20k-riscv/build/system-fit/20261006T192254.096392Z/attribution/attribution-ddr-only/attempts/rom32k/soc/gateware/system_fit_candidate_2_compact_memory.v":17597)
Compiling module 'system_fit_candidate_2_compact_memory__csr_bankarray__csrbank_5__csrstorage_3'("/home/user/git/fpga/sipeedtangprimer20k-riscv/build/system-fit/20261006T192254.096392Z/attribution/attribution-ddr-only/attempts/rom32k/soc/gateware/system_fit_candidate_2_compact_memory.v":17651)
Compiling module 'system_fit_candidate_2_compact_memory__csr_bankarray__csrbank_5__csrstatus_0'("/home/user/git/fpga/sipeedtangprimer20k-riscv/build/system-fit/20261006T192254.096392Z/attribution/attribution-ddr-only/attempts/rom32k/soc/gateware/system_fit_candidate_2_compact_memory.v":17705)
Compiling module 'system_fit_candidate_2_compact_memory__csr_bankarray__csrbank_5__csrstatus_1'("/home/user/git/fpga/sipeedtangprimer20k-riscv/build/system-fit/20261006T192254.096392Z/attribution/attribution-ddr-only/attempts/rom32k/soc/gateware/system_fit_candidate_2_compact_memory.v":17757)
Compiling module 'system_fit_candidate_2_compact_memory__csr_bankarray__csrbank_5__csrstatus_2'("/home/user/git/fpga/sipeedtangprimer20k-riscv/build/system-fit/20261006T192254.096392Z/attribution/attribution-ddr-only/attempts/rom32k/soc/gateware/system_fit_candidate_2_compact_memory.v":17811)
Compiling module 'system_fit_candidate_2_compact_memory__csr_bankarray__csrbank_5__csrstorage_4'("/home/user/git/fpga/sipeedtangprimer20k-riscv/build/system-fit/20261006T192254.096392Z/attribution/attribution-ddr-only/attempts/rom32k/soc/gateware/system_fit_candidate_2_compact_memory.v":17871)
Compiling module 'system_fit_candidate_2_compact_memory__csr_bankarray__csrbank_5__csrstorage_5'("/home/user/git/fpga/sipeedtangprimer20k-riscv/build/system-fit/20261006T192254.096392Z/attribution/attribution-ddr-only/attempts/rom32k/soc/gateware/system_fit_candidate_2_compact_memory.v":17927)
Compiling module 'system_fit_candidate_2_compact_memory__csr_bankarray__csrbank_5__csrstatus_3'("/home/user/git/fpga/sipeedtangprimer20k-riscv/build/system-fit/20261006T192254.096392Z/attribution/attribution-ddr-only/attempts/rom32k/soc/gateware/system_fit_candidate_2_compact_memory.v":17981)
Compiling module 'system_fit_candidate_2_compact_memory__csr_bankarray__csrbank_6'("/home/user/git/fpga/sipeedtangprimer20k-riscv/build/system-fit/20261006T192254.096392Z/attribution/attribution-ddr-only/attempts/rom32k/soc/gateware/system_fit_candidate_2_compact_memory.v":18784)
Compiling module 'system_fit_candidate_2_compact_memory__csr_bankarray__csrbank_6__csrstatus_0'("/home/user/git/fpga/sipeedtangprimer20k-riscv/build/system-fit/20261006T192254.096392Z/attribution/attribution-ddr-only/attempts/rom32k/soc/gateware/system_fit_candidate_2_compact_memory.v":18394)
Compiling module 'system_fit_candidate_2_compact_memory__csr_bankarray__csrbank_6__csrstatus_1'("/home/user/git/fpga/sipeedtangprimer20k-riscv/build/system-fit/20261006T192254.096392Z/attribution/attribution-ddr-only/attempts/rom32k/soc/gateware/system_fit_candidate_2_compact_memory.v":18446)
Compiling module 'system_fit_candidate_2_compact_memory__csr_bankarray__csrbank_6__csrstatus_2'("/home/user/git/fpga/sipeedtangprimer20k-riscv/build/system-fit/20261006T192254.096392Z/attribution/attribution-ddr-only/attempts/rom32k/soc/gateware/system_fit_candidate_2_compact_memory.v":18498)
Compiling module 'system_fit_candidate_2_compact_memory__csr_bankarray__csrbank_6__csrstatus_3'("/home/user/git/fpga/sipeedtangprimer20k-riscv/build/system-fit/20261006T192254.096392Z/attribution/attribution-ddr-only/attempts/rom32k/soc/gateware/system_fit_candidate_2_compact_memory.v":18557)
Compiling module 'system_fit_candidate_2_compact_memory__csr_bankarray__csrbank_6__csrstorage_0'("/home/user/git/fpga/sipeedtangprimer20k-riscv/build/system-fit/20261006T192254.096392Z/attribution/attribution-ddr-only/attempts/rom32k/soc/gateware/system_fit_candidate_2_compact_memory.v":18622)
Compiling module 'system_fit_candidate_2_compact_memory__csr_bankarray__csrbank_6__csrstatus_4'("/home/user/git/fpga/sipeedtangprimer20k-riscv/build/system-fit/20261006T192254.096392Z/attribution/attribution-ddr-only/attempts/rom32k/soc/gateware/system_fit_candidate_2_compact_memory.v":18680)
Compiling module 'system_fit_candidate_2_compact_memory__csr_bankarray__csrbank_6__csrstatus_5'("/home/user/git/fpga/sipeedtangprimer20k-riscv/build/system-fit/20261006T192254.096392Z/attribution/attribution-ddr-only/attempts/rom32k/soc/gateware/system_fit_candidate_2_compact_memory.v":18732)
Compiling module 'system_fit_candidate_2_compact_memory__csr_interconnect'("/home/user/git/fpga/sipeedtangprimer20k-riscv/build/system-fit/20261006T192254.096392Z/attribution/attribution-ddr-only/attempts/rom32k/soc/gateware/system_fit_candidate_2_compact_memory.v":19869)
Compiling module 'VexRiscv'("/home/user/git/fpga/sipeedtangprimer20k-riscv/.deps/pythondata-cpu-vexriscv/pythondata_cpu_vexriscv/verilog/VexRiscv_Linux.v":7)
Extracting RAM for identifier 'RegFilePlugin_regFile'("/home/user/git/fpga/sipeedtangprimer20k-riscv/.deps/pythondata-cpu-vexriscv/pythondata_cpu_vexriscv/verilog/VexRiscv_Linux.v":1817)
Compiling module 'InstructionCache'("/home/user/git/fpga/sipeedtangprimer20k-riscv/.deps/pythondata-cpu-vexriscv/pythondata_cpu_vexriscv/verilog/VexRiscv_Linux.v":8326)
Extracting RAM for identifier 'banks_0'("/home/user/git/fpga/sipeedtangprimer20k-riscv/.deps/pythondata-cpu-vexriscv/pythondata_cpu_vexriscv/verilog/VexRiscv_Linux.v":8448)
Extracting RAM for identifier 'ways_0_tags'("/home/user/git/fpga/sipeedtangprimer20k-riscv/.deps/pythondata-cpu-vexriscv/pythondata_cpu_vexriscv/verilog/VexRiscv_Linux.v":8449)
Compiling module 'DataCache'("/home/user/git/fpga/sipeedtangprimer20k-riscv/.deps/pythondata-cpu-vexriscv/pythondata_cpu_vexriscv/verilog/VexRiscv_Linux.v":7318)
Extracting RAM for identifier 'ways_0_tags'("/home/user/git/fpga/sipeedtangprimer20k-riscv/.deps/pythondata-cpu-vexriscv/pythondata_cpu_vexriscv/verilog/VexRiscv_Linux.v":7575)
Extracting RAM for identifier 'ways_0_data_symbol0'("/home/user/git/fpga/sipeedtangprimer20k-riscv/.deps/pythondata-cpu-vexriscv/pythondata_cpu_vexriscv/verilog/VexRiscv_Linux.v":7576)
Extracting RAM for identifier 'ways_0_data_symbol1'("/home/user/git/fpga/sipeedtangprimer20k-riscv/.deps/pythondata-cpu-vexriscv/pythondata_cpu_vexriscv/verilog/VexRiscv_Linux.v":7577)
Extracting RAM for identifier 'ways_0_data_symbol2'("/home/user/git/fpga/sipeedtangprimer20k-riscv/.deps/pythondata-cpu-vexriscv/pythondata_cpu_vexriscv/verilog/VexRiscv_Linux.v":7578)
Extracting RAM for identifier 'ways_0_data_symbol3'("/home/user/git/fpga/sipeedtangprimer20k-riscv/.deps/pythondata-cpu-vexriscv/pythondata_cpu_vexriscv/verilog/VexRiscv_Linux.v":7579)
WARN  (EX3858) : System task 'display' is ignored for synthesis("/home/user/git/fpga/sipeedtangprimer20k-riscv/.deps/pythondata-cpu-vexriscv/pythondata_cpu_vexriscv/verilog/VexRiscv_Linux.v":8298)
WARN  (EX1998) : Net 'IBusCachedPlugin_cache_io_cpu_fetch_isRemoved' does not have a driver("/home/user/git/fpga/sipeedtangprimer20k-riscv/.deps/pythondata-cpu-vexriscv/pythondata_cpu_vexriscv/verilog/VexRiscv_Linux.v":73)
WARN  (EX1998) : Net 'dataCache_1_io_cpu_writeBack_fence_SW' does not have a driver("/home/user/git/fpga/sipeedtangprimer20k-riscv/.deps/pythondata-cpu-vexriscv/pythondata_cpu_vexriscv/verilog/VexRiscv_Linux.v":92)
WARN  (EX1998) : Net 'dataCache_1_io_cpu_writeBack_fence_SR' does not have a driver("/home/user/git/fpga/sipeedtangprimer20k-riscv/.deps/pythondata-cpu-vexriscv/pythondata_cpu_vexriscv/verilog/VexRiscv_Linux.v":93)
WARN  (EX1998) : Net 'dataCache_1_io_cpu_writeBack_fence_SO' does not have a driver("/home/user/git/fpga/sipeedtangprimer20k-riscv/.deps/pythondata-cpu-vexriscv/pythondata_cpu_vexriscv/verilog/VexRiscv_Linux.v":94)
WARN  (EX1998) : Net 'dataCache_1_io_cpu_writeBack_fence_SI' does not have a driver("/home/user/git/fpga/sipeedtangprimer20k-riscv/.deps/pythondata-cpu-vexriscv/pythondata_cpu_vexriscv/verilog/VexRiscv_Linux.v":95)
WARN  (EX1998) : Net 'dataCache_1_io_cpu_writeBack_fence_PW' does not have a driver("/home/user/git/fpga/sipeedtangprimer20k-riscv/.deps/pythondata-cpu-vexriscv/pythondata_cpu_vexriscv/verilog/VexRiscv_Linux.v":96)
WARN  (EX1998) : Net 'dataCache_1_io_cpu_writeBack_fence_PR' does not have a driver("/home/user/git/fpga/sipeedtangprimer20k-riscv/.deps/pythondata-cpu-vexriscv/pythondata_cpu_vexriscv/verilog/VexRiscv_Linux.v":97)
WARN  (EX1998) : Net 'dataCache_1_io_cpu_writeBack_fence_PO' does not have a driver("/home/user/git/fpga/sipeedtangprimer20k-riscv/.deps/pythondata-cpu-vexriscv/pythondata_cpu_vexriscv/verilog/VexRiscv_Linux.v":98)
WARN  (EX1998) : Net 'dataCache_1_io_cpu_writeBack_fence_PI' does not have a driver("/home/user/git/fpga/sipeedtangprimer20k-riscv/.deps/pythondata-cpu-vexriscv/pythondata_cpu_vexriscv/verilog/VexRiscv_Linux.v":99)
WARN  (EX1998) : Net 'dataCache_1_io_cpu_writeBack_fence_FM[3]' does not have a driver("/home/user/git/fpga/sipeedtangprimer20k-riscv/.deps/pythondata-cpu-vexriscv/pythondata_cpu_vexriscv/verilog/VexRiscv_Linux.v":100)
WARN  (EX1998) : Net 'dBus_rsp_payload_last' does not have a driver("/home/user/git/fpga/sipeedtangprimer20k-riscv/.deps/pythondata-cpu-vexriscv/pythondata_cpu_vexriscv/verilog/VexRiscv_Linux.v":731)
WARN  (EX1998) : Net 'CsrPlugin_mtvec_mode[1]' does not have a driver("/home/user/git/fpga/sipeedtangprimer20k-riscv/.deps/pythondata-cpu-vexriscv/pythondata_cpu_vexriscv/verilog/VexRiscv_Linux.v":1281)
WARN  (EX1998) : Net 'CsrPlugin_stvec_mode[1]' does not have a driver("/home/user/git/fpga/sipeedtangprimer20k-riscv/.deps/pythondata-cpu-vexriscv/pythondata_cpu_vexriscv/verilog/VexRiscv_Linux.v":1332)
WARN  (EX1998) : Net 'gw2ddrphy_burstdet_clr_w' does not have a driver("/home/user/git/fpga/sipeedtangprimer20k-riscv/build/system-fit/20261006T192254.096392Z/attribution/attribution-ddr-only/attempts/rom32k/soc/gateware/system_fit_candidate_2_compact_memory.v":20212)
WARN  (EX1998) : Net 'gw2ddrphy_rdly_dq_bitslip_rst_w' does not have a driver("/home/user/git/fpga/sipeedtangprimer20k-riscv/build/system-fit/20261006T192254.096392Z/attribution/attribution-ddr-only/attempts/rom32k/soc/gateware/system_fit_candidate_2_compact_memory.v":20255)
WARN  (EX1998) : Net 'gw2ddrphy_rdly_dq_bitslip_w' does not have a driver("/home/user/git/fpga/sipeedtangprimer20k-riscv/build/system-fit/20261006T192254.096392Z/attribution/attribution-ddr-only/attempts/rom32k/soc/gateware/system_fit_candidate_2_compact_memory.v":20257)
WARN  (EX1998) : Net 'gw2ddrphy_rdly_dq_inc_w' does not have a driver("/home/user/git/fpga/sipeedtangprimer20k-riscv/build/system-fit/20261006T192254.096392Z/attribution/attribution-ddr-only/attempts/rom32k/soc/gateware/system_fit_candidate_2_compact_memory.v":20263)
WARN  (EX1998) : Net 'gw2ddrphy_rdly_dq_rst_w' does not have a driver("/home/user/git/fpga/sipeedtangprimer20k-riscv/build/system-fit/20261006T192254.096392Z/attribution/attribution-ddr-only/attempts/rom32k/soc/gateware/system_fit_candidate_2_compact_memory.v":20267)
WARN  (EX1998) : Net 'interface0_err' does not have a driver("/home/user/git/fpga/sipeedtangprimer20k-riscv/build/system-fit/20261006T192254.096392Z/attribution/attribution-ddr-only/attempts/rom32k/soc/gateware/system_fit_candidate_2_compact_memory.v":20280)
WARN  (EX1998) : Net 'systemfitsoc_ram_bus_ram_bus_err' does not have a driver("/home/user/git/fpga/sipeedtangprimer20k-riscv/build/system-fit/20261006T192254.096392Z/attribution/attribution-ddr-only/attempts/rom32k/soc/gateware/system_fit_candidate_2_compact_memory.v":20370)
WARN  (EX1998) : Net 'systemfitsoc_sdram_phaseinjector0_command_issue_w' does not have a driver("/home/user/git/fpga/sipeedtangprimer20k-riscv/build/system-fit/20261006T192254.096392Z/attribution/attribution-ddr-only/attempts/rom32k/soc/gateware/system_fit_candidate_2_compact_memory.v":20388)
WARN  (EX1998) : Net 'systemfitsoc_sdram_phaseinjector1_command_issue_w' does not have a driver("/home/user/git/fpga/sipeedtangprimer20k-riscv/build/system-fit/20261006T192254.096392Z/attribution/attribution-ddr-only/attempts/rom32k/soc/gateware/system_fit_candidate_2_compact_memory.v":20411)
WARN  (EX1998) : Net 'systemfitsoc_systemfitsoc_adr_burst' does not have a driver("/home/user/git/fpga/sipeedtangprimer20k-riscv/build/system-fit/20261006T192254.096392Z/attribution/attribution-ddr-only/attempts/rom32k/soc/gateware/system_fit_candidate_2_compact_memory.v":20433)
WARN  (EX1998) : Net 'systemfitsoc_systemfitsoc_ram_bus_err' does not have a driver("/home/user/git/fpga/sipeedtangprimer20k-riscv/build/system-fit/20261006T192254.096392Z/attribution/attribution-ddr-only/attempts/rom32k/soc/gateware/system_fit_candidate_2_compact_memory.v":20442)
WARN  (EX1998) : Net 'systemfitsoc_uart_core_rx_source_first' does not have a driver("/home/user/git/fpga/sipeedtangprimer20k-riscv/build/system-fit/20261006T192254.096392Z/attribution/attribution-ddr-only/attempts/rom32k/soc/gateware/system_fit_candidate_2_compact_memory.v":20488)
WARN  (EX1998) : Net 'systemfitsoc_uart_core_rx_source_last' does not have a driver("/home/user/git/fpga/sipeedtangprimer20k-riscv/build/system-fit/20261006T192254.096392Z/attribution/attribution-ddr-only/attempts/rom32k/soc/gateware/system_fit_candidate_2_compact_memory.v":20489)
WARN  (EX1998) : Net 'systemfitsoc_wb_sdram_err' does not have a driver("/home/user/git/fpga/sipeedtangprimer20k-riscv/build/system-fit/20261006T192254.096392Z/attribution/attribution-ddr-only/attempts/rom32k/soc/gateware/system_fit_candidate_2_compact_memory.v":20539)
NOTE  (EX0101) : Current top module is "system_fit_candidate_2_compact_memory"
WARN  (EX0211) : The output port "io_cpu_writesPending" of module "DataCache" has no driver, assigning undriven bits to Z, simulation mismatch possible("/home/user/git/fpga/sipeedtangprimer20k-riscv/.deps/pythondata-cpu-vexriscv/pythondata_cpu_vexriscv/verilog/VexRiscv_Linux.v":7379)
[5%] Running netlist conversion ...
Running device independent optimization ...
[10%] Optimizing Phase 0 completed
[15%] Optimizing Phase 1 completed
[25%] Optimizing Phase 2 completed
Running inference ...
[30%] Inferring Phase 0 completed
[40%] Inferring Phase 1 completed
[50%] Inferring Phase 2 completed
[55%] Inferring Phase 3 completed
Running technical mapping ...
[60%] Tech-Mapping Phase 0 completed
[65%] Tech-Mapping Phase 1 completed
[75%] Tech-Mapping Phase 2 completed
[80%] Tech-Mapping Phase 3 completed
[90%] Tech-Mapping Phase 4 completed
WARN  (NL0002) : The module "system_fit_candidate_2_compact_memory__csr_bankarray__csrbank_0__csrstatus_0" instantiated to "csrstatus_0" is swept in optimizing("/home/user/git/fpga/sipeedtangprimer20k-riscv/build/system-fit/20261006T192254.096392Z/attribution/attribution-ddr-only/attempts/rom32k/soc/gateware/system_fit_candidate_2_compact_memory.v":15417)
WARN  (NL0002) : The module "system_fit_candidate_2_compact_memory__csr_bankarray__csrbank_1__csrstatus_0" instantiated to "csrstatus_0" is swept in optimizing("/home/user/git/fpga/sipeedtangprimer20k-riscv/build/system-fit/20261006T192254.096392Z/attribution/attribution-ddr-only/attempts/rom32k/soc/gateware/system_fit_candidate_2_compact_memory.v":15704)
WARN  (NL0002) : The module "system_fit_candidate_2_compact_memory__csr_bankarray__csrbank_2__csrstatus_0" instantiated to "csrstatus_0" is swept in optimizing("/home/user/git/fpga/sipeedtangprimer20k-riscv/build/system-fit/20261006T192254.096392Z/attribution/attribution-ddr-only/attempts/rom32k/soc/gateware/system_fit_candidate_2_compact_memory.v":16022)
WARN  (NL0002) : The module "system_fit_candidate_2_compact_memory__csr_bankarray__csrbank_4__csrstatus_0" instantiated to "csrstatus_0" is swept in optimizing("/home/user/git/fpga/sipeedtangprimer20k-riscv/build/system-fit/20261006T192254.096392Z/attribution/attribution-ddr-only/attempts/rom32k/soc/gateware/system_fit_candidate_2_compact_memory.v":17192)
WARN  (NL0002) : The module "system_fit_candidate_2_compact_memory__csr_bankarray__csrbank_4__csrstatus_1" instantiated to "csrstatus_1" is swept in optimizing("/home/user/git/fpga/sipeedtangprimer20k-riscv/build/system-fit/20261006T192254.096392Z/attribution/attribution-ddr-only/attempts/rom32k/soc/gateware/system_fit_candidate_2_compact_memory.v":17250)
WARN  (NL0002) : The module "system_fit_candidate_2_compact_memory__csr_bankarray__csrbank_5__csrstatus_0" instantiated to "csrstatus_0" is swept in optimizing("/home/user/git/fpga/sipeedtangprimer20k-riscv/build/system-fit/20261006T192254.096392Z/attribution/attribution-ddr-only/attempts/rom32k/soc/gateware/system_fit_candidate_2_compact_memory.v":18173)
WARN  (NL0002) : The module "system_fit_candidate_2_compact_memory__csr_bankarray__csrbank_5__csrstatus_1" instantiated to "csrstatus_1" is swept in optimizing("/home/user/git/fpga/sipeedtangprimer20k-riscv/build/system-fit/20261006T192254.096392Z/attribution/attribution-ddr-only/attempts/rom32k/soc/gateware/system_fit_candidate_2_compact_memory.v":18184)
WARN  (NL0002) : The module "system_fit_candidate_2_compact_memory__csr_bankarray__csrbank_5__csrstatus_3" instantiated to "csrstatus_3" is swept in optimizing("/home/user/git/fpga/sipeedtangprimer20k-riscv/build/system-fit/20261006T192254.096392Z/attribution/attribution-ddr-only/attempts/rom32k/soc/gateware/system_fit_candidate_2_compact_memory.v":18227)
WARN  (NL0002) : The module "system_fit_candidate_2_compact_memory__csr_bankarray__csrbank_6__csrstatus_0" instantiated to "csrstatus_0" is swept in optimizing("/home/user/git/fpga/sipeedtangprimer20k-riscv/build/system-fit/20261006T192254.096392Z/attribution/attribution-ddr-only/attempts/rom32k/soc/gateware/system_fit_candidate_2_compact_memory.v":18873)
WARN  (NL0002) : The module "system_fit_candidate_2_compact_memory__csr_bankarray__csrbank_6__csrstatus_1" instantiated to "csrstatus_1" is swept in optimizing("/home/user/git/fpga/sipeedtangprimer20k-riscv/build/system-fit/20261006T192254.096392Z/attribution/attribution-ddr-only/attempts/rom32k/soc/gateware/system_fit_candidate_2_compact_memory.v":18883)
WARN  (NL0002) : The module "system_fit_candidate_2_compact_memory__csr_bankarray__csrbank_6__csrstatus_2" instantiated to "csrstatus_2" is swept in optimizing("/home/user/git/fpga/sipeedtangprimer20k-riscv/build/system-fit/20261006T192254.096392Z/attribution/attribution-ddr-only/attempts/rom32k/soc/gateware/system_fit_candidate_2_compact_memory.v":18895)
WARN  (NL0002) : The module "system_fit_candidate_2_compact_memory__csr_bankarray__csrbank_6__csrstatus_4" instantiated to "csrstatus_4" is swept in optimizing("/home/user/git/fpga/sipeedtangprimer20k-riscv/build/system-fit/20261006T192254.096392Z/attribution/attribution-ddr-only/attempts/rom32k/soc/gateware/system_fit_candidate_2_compact_memory.v":18930)
WARN  (NL0002) : The module "system_fit_candidate_2_compact_memory__csr_bankarray__csrbank_6__csrstatus_5" instantiated to "csrstatus_5" is swept in optimizing("/home/user/git/fpga/sipeedtangprimer20k-riscv/build/system-fit/20261006T192254.096392Z/attribution/attribution-ddr-only/attempts/rom32k/soc/gateware/system_fit_candidate_2_compact_memory.v":18940)
WARN  (NL0002) : The module "system_fit_candidate_2_compact_memory__csr_interconnect" instantiated to "csr_interconnect" is swept in optimizing("/home/user/git/fpga/sipeedtangprimer20k-riscv/build/system-fit/20261006T192254.096392Z/attribution/attribution-ddr-only/attempts/rom32k/soc/gateware/system_fit_candidate_2_compact_memory.v":21301)
WARN  (NL0002) : The module "system_fit_candidate_2_compact_memory__leds" instantiated to "leds" is swept in optimizing("/home/user/git/fpga/sipeedtangprimer20k-riscv/build/system-fit/20261006T192254.096392Z/attribution/attribution-ddr-only/attempts/rom32k/soc/gateware/system_fit_candidate_2_compact_memory.v":21031)
WARN  (NL0002) : The module "system_fit_candidate_2_compact_memory__sdram__crossbar__roundrobin_1" instantiated to "roundrobin_1" is swept in optimizing("/home/user/git/fpga/sipeedtangprimer20k-riscv/build/system-fit/20261006T192254.096392Z/attribution/attribution-ddr-only/attempts/rom32k/soc/gateware/system_fit_candidate_2_compact_memory.v":8170)
WARN  (NL0002) : The module "system_fit_candidate_2_compact_memory__sdram__crossbar__roundrobin_2" instantiated to "roundrobin_2" is swept in optimizing("/home/user/git/fpga/sipeedtangprimer20k-riscv/build/system-fit/20261006T192254.096392Z/attribution/attribution-ddr-only/attempts/rom32k/soc/gateware/system_fit_candidate_2_compact_memory.v":8173)
WARN  (NL0002) : The module "system_fit_candidate_2_compact_memory__sdram__crossbar__roundrobin_3" instantiated to "roundrobin_3" is swept in optimizing("/home/user/git/fpga/sipeedtangprimer20k-riscv/build/system-fit/20261006T192254.096392Z/attribution/attribution-ddr-only/attempts/rom32k/soc/gateware/system_fit_candidate_2_compact_memory.v":8176)
WARN  (NL0002) : The module "system_fit_candidate_2_compact_memory__sdram__crossbar__roundrobin_4" instantiated to "roundrobin_4" is swept in optimizing("/home/user/git/fpga/sipeedtangprimer20k-riscv/build/system-fit/20261006T192254.096392Z/attribution/attribution-ddr-only/attempts/rom32k/soc/gateware/system_fit_candidate_2_compact_memory.v":8179)
WARN  (NL0002) : The module "system_fit_candidate_2_compact_memory__sdram__crossbar__roundrobin_5" instantiated to "roundrobin_5" is swept in optimizing("/home/user/git/fpga/sipeedtangprimer20k-riscv/build/system-fit/20261006T192254.096392Z/attribution/attribution-ddr-only/attempts/rom32k/soc/gateware/system_fit_candidate_2_compact_memory.v":8182)
WARN  (NL0002) : The module "system_fit_candidate_2_compact_memory__sdram__crossbar__roundrobin_6" instantiated to "roundrobin_6" is swept in optimizing("/home/user/git/fpga/sipeedtangprimer20k-riscv/build/system-fit/20261006T192254.096392Z/attribution/attribution-ddr-only/attempts/rom32k/soc/gateware/system_fit_candidate_2_compact_memory.v":8185)
WARN  (NL0002) : The module "system_fit_candidate_2_compact_memory__sdram__crossbar__roundrobin_7" instantiated to "roundrobin_7" is swept in optimizing("/home/user/git/fpga/sipeedtangprimer20k-riscv/build/system-fit/20261006T192254.096392Z/attribution/attribution-ddr-only/attempts/rom32k/soc/gateware/system_fit_candidate_2_compact_memory.v":8188)
WARN  (NL0002) : The module "system_fit_candidate_2_compact_memory__uart__ev__eventsourcelevel_0" instantiated to "eventsourcelevel_0" is swept in optimizing("/home/user/git/fpga/sipeedtangprimer20k-riscv/build/system-fit/20261006T192254.096392Z/attribution/attribution-ddr-only/attempts/rom32k/soc/gateware/system_fit_candidate_2_compact_memory.v":1496)
WARN  (NL0002) : The module "system_fit_candidate_2_compact_memory__uart__ev__eventsourcelevel_1" instantiated to "eventsourcelevel_1" is swept in optimizing("/home/user/git/fpga/sipeedtangprimer20k-riscv/build/system-fit/20261006T192254.096392Z/attribution/attribution-ddr-only/attempts/rom32k/soc/gateware/system_fit_candidate_2_compact_memory.v":1501)
[95%] Generate netlist file "/home/user/git/fpga/sipeedtangprimer20k-riscv/build/system-fit/20261006T192254.096392Z/attribution/attribution-ddr-only/attempts/rom32k/soc/gateware/impl/gwsynthesis/project.vg" completed
[100%] Generate report file "/home/user/git/fpga/sipeedtangprimer20k-riscv/build/system-fit/20261006T192254.096392Z/attribution/attribution-ddr-only/attempts/rom32k/soc/gateware/impl/gwsynthesis/project_syn.rpt.html" completed
GowinSynthesis finish
Reading netlist file: "/home/user/git/fpga/sipeedtangprimer20k-riscv/build/system-fit/20261006T192254.096392Z/attribution/attribution-ddr-only/attempts/rom32k/soc/gateware/impl/gwsynthesis/project.vg"
Parsing netlist file "/home/user/git/fpga/sipeedtangprimer20k-riscv/build/system-fit/20261006T192254.096392Z/attribution/attribution-ddr-only/attempts/rom32k/soc/gateware/impl/gwsynthesis/project.vg" completed
Processing netlist completed
Reading constraint file: "/home/user/git/fpga/sipeedtangprimer20k-riscv/build/system-fit/20261006T192254.096392Z/attribution/attribution-ddr-only/attempts/rom32k/soc/gateware/system_fit_candidate_2_compact_memory.cst"
Physical Constraint parsed completed
Running placement......
[10%] Placement Phase 0 completed
[20%] Placement Phase 1 completed
[30%] Placement Phase 2 completed
[50%] Placement Phase 3 completed
Running routing......
[60%] Routing Phase 0 completed
[70%] Routing Phase 1 completed
[80%] Routing Phase 2 completed
[90%] Routing Phase 3 completed
Running timing analysis......
[95%] Timing analysis completed
Placement and routing completed
Bitstream generation in progress......
Bitstream generation completed
Running power analysis......
[100%] Power analysis completed
Generate file "/home/user/git/fpga/sipeedtangprimer20k-riscv/build/system-fit/20261006T192254.096392Z/attribution/attribution-ddr-only/attempts/rom32k/soc/gateware/impl/pnr/project.power.html" completed
Generate file "/home/user/git/fpga/sipeedtangprimer20k-riscv/build/system-fit/20261006T192254.096392Z/attribution/attribution-ddr-only/attempts/rom32k/soc/gateware/impl/pnr/project.pin.html" completed
Generate file "/home/user/git/fpga/sipeedtangprimer20k-riscv/build/system-fit/20261006T192254.096392Z/attribution/attribution-ddr-only/attempts/rom32k/soc/gateware/impl/pnr/project.rpt.html" completed
Generate file "/home/user/git/fpga/sipeedtangprimer20k-riscv/build/system-fit/20261006T192254.096392Z/attribution/attribution-ddr-only/attempts/rom32k/soc/gateware/impl/pnr/project.rpt.txt" completed
Generate file "/home/user/git/fpga/sipeedtangprimer20k-riscv/build/system-fit/20261006T192254.096392Z/attribution/attribution-ddr-only/attempts/rom32k/soc/gateware/impl/pnr/project.tr.html" completed
Generate file "/home/user/git/fpga/sipeedtangprimer20k-riscv/build/system-fit/20261006T192254.096392Z/attribution/attribution-ddr-only/attempts/rom32k/soc/gateware/impl/pnr/project.tr" completed
Tue Oct  6 15:25:17 2026

